{
  "type": "FeatureCollection",
  "features": [
    {
      "type": "Feature",
      "geometry": {
        "type": "Point",
        "coordinates": [
          10.153598,
          44.23887
        ]
      },
      "properties": {
        "id": 1,
        "net_staz_name": "01CCO",
        "nome": "Chiesa di S. Caterina V.M. a Collegnago  di Fivizzano",
        "network": "GeoSIG",
        "regione": "TOSCANA",
        "provincia": "MASSA-CARRARA",
        "comune": "FIVIZZANO",
        "indirizzo": "Loc. Collegnago",
        "tipologia": "Edificio Monumentale in muratura",
        "id_tipologia": 2,
        "classificazione": "ALTRO EDIFICIO",
        "sistema": "DETTAGLIATO",
        "connessione": "Rete Dati",
        "ip": "192.168.65.2",
        "zona_sismica": 2,
        "stato": "A",
        "nome_checkmk": null,
        "fem": "SI",
        "f1": 3,
        "f2": 3,
        "f3": "5.360",
        "acquisitore_serial_number": "300012",
        "acquisitore_centralina": "CR-7",
        "acquisitore_soglia_trigger_g": "0,001",
        "sensors": [
          {
            "id_sensore": 24,
            "nome_sensore": "01CCO_AC01",
            "canali_sensore": "1, 2, 3",
            "tipo_sensore": "Triassiale",
            "parametro_misurato_sensore": "Accelerazione",
            "unita_misura_sensore": "g",
            "quota_sensore": "0.00",
            "stato_sensore": "ATTIVO",
            "stato_funzionamento_sensore": "OPERATIVO",
            "finanziato_mase": "NO",
            "data_attivazione_sensore": null,
            "data_dismissione_sensore": null,
            "ultima_lettura_sensore": null
          },
          {
            "id_sensore": 25,
            "nome_sensore": "01CCO_AC02",
            "canali_sensore": "4, 5",
            "tipo_sensore": "Biassiale",
            "parametro_misurato_sensore": "Accelerazione",
            "unita_misura_sensore": "g",
            "quota_sensore": "21.00",
            "stato_sensore": "ATTIVO",
            "stato_funzionamento_sensore": "OPERATIVO",
            "finanziato_mase": "NO",
            "data_attivazione_sensore": null,
            "data_dismissione_sensore": null,
            "ultima_lettura_sensore": null
          },
          {
            "id_sensore": 26,
            "nome_sensore": "01CCO_AC03",
            "canali_sensore": "6, 7",
            "tipo_sensore": "Biassiale",
            "parametro_misurato_sensore": "Accelerazione",
            "unita_misura_sensore": "g",
            "quota_sensore": "27.00",
            "stato_sensore": "ATTIVO",
            "stato_funzionamento_sensore": "OPERATIVO",
            "finanziato_mase": "NO",
            "data_attivazione_sensore": null,
            "data_dismissione_sensore": null,
            "ultima_lettura_sensore": null
          },
          {
            "id_sensore": 27,
            "nome_sensore": "01CCO_AC04",
            "canali_sensore": "8, 9",
            "tipo_sensore": "Biassiale",
            "parametro_misurato_sensore": "Accelerazione",
            "unita_misura_sensore": "g",
            "quota_sensore": "33.00",
            "stato_sensore": "ATTIVO",
            "stato_funzionamento_sensore": "OPERATIVO",
            "finanziato_mase": "NO",
            "data_attivazione_sensore": null,
            "data_dismissione_sensore": null,
            "ultima_lettura_sensore": null
          },
          {
            "id_sensore": 28,
            "nome_sensore": "01CCO_AC05",
            "canali_sensore": "10",
            "tipo_sensore": "Monoassiale",
            "parametro_misurato_sensore": "Accelerazione",
            "unita_misura_sensore": "g",
            "quota_sensore": "5.00",
            "stato_sensore": "ATTIVO",
            "stato_funzionamento_sensore": "OPERATIVO",
            "finanziato_mase": "NO",
            "data_attivazione_sensore": null,
            "data_dismissione_sensore": null,
            "ultima_lettura_sensore": null
          },
          {
            "id_sensore": 29,
            "nome_sensore": "01CCO_AC06",
            "canali_sensore": "11",
            "tipo_sensore": "Monoassiale",
            "parametro_misurato_sensore": "Accelerazione",
            "unita_misura_sensore": "g",
            "quota_sensore": "5.00",
            "stato_sensore": "ATTIVO",
            "stato_funzionamento_sensore": "OPERATIVO",
            "finanziato_mase": "NO",
            "data_attivazione_sensore": null,
            "data_dismissione_sensore": null,
            "ultima_lettura_sensore": null
          },
          {
            "id_sensore": 30,
            "nome_sensore": "01CCO_AC07",
            "canali_sensore": "12",
            "tipo_sensore": "Monoassiale",
            "parametro_misurato_sensore": "Accelerazione",
            "unita_misura_sensore": "g",
            "quota_sensore": "15.00",
            "stato_sensore": "ATTIVO",
            "stato_funzionamento_sensore": "OPERATIVO",
            "finanziato_mase": "NO",
            "data_attivazione_sensore": null,
            "data_dismissione_sensore": null,
            "ultima_lettura_sensore": null
          },
          {
            "id_sensore": 31,
            "nome_sensore": "01CCO_AC08",
            "canali_sensore": "13",
            "tipo_sensore": "Monoassiale",
            "parametro_misurato_sensore": "Accelerazione",
            "unita_misura_sensore": "g",
            "quota_sensore": "21.00",
            "stato_sensore": "ATTIVO",
            "stato_funzionamento_sensore": "OPERATIVO",
            "finanziato_mase": "NO",
            "data_attivazione_sensore": null,
            "data_dismissione_sensore": null,
            "ultima_lettura_sensore": null
          },
          {
            "id_sensore": 32,
            "nome_sensore": "01CCO_AC09",
            "canali_sensore": "14",
            "tipo_sensore": "Monoassiale",
            "parametro_misurato_sensore": "Accelerazione",
            "unita_misura_sensore": "g",
            "quota_sensore": "15.00",
            "stato_sensore": "ATTIVO",
            "stato_funzionamento_sensore": "OPERATIVO",
            "finanziato_mase": "NO",
            "data_attivazione_sensore": null,
            "data_dismissione_sensore": null,
            "ultima_lettura_sensore": null
          },
          {
            "id_sensore": 33,
            "nome_sensore": "01CCO_AC10",
            "canali_sensore": "15",
            "tipo_sensore": "Monoassiale",
            "parametro_misurato_sensore": "Accelerazione",
            "unita_misura_sensore": "g",
            "quota_sensore": "15.00",
            "stato_sensore": "ATTIVO",
            "stato_funzionamento_sensore": "OPERATIVO",
            "finanziato_mase": "NO",
            "data_attivazione_sensore": null,
            "data_dismissione_sensore": null,
            "ultima_lettura_sensore": null
          },
          {
            "id_sensore": 34,
            "nome_sensore": "01CCO_AC11",
            "canali_sensore": "16",
            "tipo_sensore": "Monoassiale",
            "parametro_misurato_sensore": "Accelerazione",
            "unita_misura_sensore": "g",
            "quota_sensore": "15.00",
            "stato_sensore": "ATTIVO",
            "stato_funzionamento_sensore": "OPERATIVO",
            "finanziato_mase": "NO",
            "data_attivazione_sensore": null,
            "data_dismissione_sensore": null,
            "ultima_lettura_sensore": null
          },
          {
            "id_sensore": 35,
            "nome_sensore": "01CCO_AC12",
            "canali_sensore": "17",
            "tipo_sensore": "Monoassiale",
            "parametro_misurato_sensore": "Accelerazione",
            "unita_misura_sensore": "g",
            "quota_sensore": "15.00",
            "stato_sensore": "ATTIVO",
            "stato_funzionamento_sensore": "OPERATIVO",
            "finanziato_mase": "NO",
            "data_attivazione_sensore": null,
            "data_dismissione_sensore": null,
            "ultima_lettura_sensore": null
          },
          {
            "id_sensore": 36,
            "nome_sensore": "01CCO_AC13",
            "canali_sensore": "18",
            "tipo_sensore": "Monoassiale",
            "parametro_misurato_sensore": "Accelerazione",
            "unita_misura_sensore": "g",
            "quota_sensore": "15.00",
            "stato_sensore": "ATTIVO",
            "stato_funzionamento_sensore": "OPERATIVO",
            "finanziato_mase": "NO",
            "data_attivazione_sensore": null,
            "data_dismissione_sensore": null,
            "ultima_lettura_sensore": null
          },
          {
            "id_sensore": 37,
            "nome_sensore": "01CCO_AC14",
            "canali_sensore": "19",
            "tipo_sensore": "Monoassiale",
            "parametro_misurato_sensore": "Accelerazione",
            "unita_misura_sensore": "g",
            "quota_sensore": "15.00",
            "stato_sensore": "ATTIVO",
            "stato_funzionamento_sensore": "OPERATIVO",
            "finanziato_mase": "NO",
            "data_attivazione_sensore": null,
            "data_dismissione_sensore": null,
            "ultima_lettura_sensore": null
          },
          {
            "id_sensore": 38,
            "nome_sensore": "01CCO_AC15",
            "canali_sensore": "20",
            "tipo_sensore": "Monoassiale",
            "parametro_misurato_sensore": "Accelerazione",
            "unita_misura_sensore": "g",
            "quota_sensore": "17.00",
            "stato_sensore": "ATTIVO",
            "stato_funzionamento_sensore": "OPERATIVO",
            "finanziato_mase": "NO",
            "data_attivazione_sensore": null,
            "data_dismissione_sensore": null,
            "ultima_lettura_sensore": null
          },
          {
            "id_sensore": 39,
            "nome_sensore": "01CCO_AC16",
            "canali_sensore": "21",
            "tipo_sensore": "Monoassiale",
            "parametro_misurato_sensore": "Accelerazione",
            "unita_misura_sensore": "g",
            "quota_sensore": "15.00",
            "stato_sensore": "ATTIVO",
            "stato_funzionamento_sensore": "OPERATIVO",
            "finanziato_mase": "NO",
            "data_attivazione_sensore": null,
            "data_dismissione_sensore": null,
            "ultima_lettura_sensore": null
          },
          {
            "id_sensore": 40,
            "nome_sensore": "01CCO_AC17",
            "canali_sensore": "22",
            "tipo_sensore": "Monoassiale",
            "parametro_misurato_sensore": "Accelerazione",
            "unita_misura_sensore": "g",
            "quota_sensore": "27.00",
            "stato_sensore": "ATTIVO",
            "stato_funzionamento_sensore": "OPERATIVO",
            "finanziato_mase": "NO",
            "data_attivazione_sensore": null,
            "data_dismissione_sensore": null,
            "ultima_lettura_sensore": null
          },
          {
            "id_sensore": 41,
            "nome_sensore": "01CCO_AC18",
            "canali_sensore": "23",
            "tipo_sensore": "Monoassiale",
            "parametro_misurato_sensore": "Accelerazione",
            "unita_misura_sensore": "g",
            "quota_sensore": "33.00",
            "stato_sensore": "ATTIVO",
            "stato_funzionamento_sensore": "OPERATIVO",
            "finanziato_mase": "NO",
            "data_attivazione_sensore": null,
            "data_dismissione_sensore": null,
            "ultima_lettura_sensore": null
          },
          {
            "id_sensore": 42,
            "nome_sensore": "01CCO_AC19",
            "canali_sensore": "24",
            "tipo_sensore": "Monoassiale",
            "parametro_misurato_sensore": "Accelerazione",
            "unita_misura_sensore": "g",
            "quota_sensore": "17.00",
            "stato_sensore": "ATTIVO",
            "stato_funzionamento_sensore": "OPERATIVO",
            "finanziato_mase": "NO",
            "data_attivazione_sensore": null,
            "data_dismissione_sensore": null,
            "ultima_lettura_sensore": null
          },
          {
            "id_sensore": 43,
            "nome_sensore": "01CCO_AC20",
            "canali_sensore": "25",
            "tipo_sensore": "Monoassiale",
            "parametro_misurato_sensore": "Accelerazione",
            "unita_misura_sensore": "g",
            "quota_sensore": "17.00",
            "stato_sensore": "ATTIVO",
            "stato_funzionamento_sensore": "OPERATIVO",
            "finanziato_mase": "NO",
            "data_attivazione_sensore": null,
            "data_dismissione_sensore": null,
            "ultima_lettura_sensore": null
          },
          {
            "id_sensore": 44,
            "nome_sensore": "01CCO_AC21",
            "canali_sensore": "26",
            "tipo_sensore": "Monoassiale",
            "parametro_misurato_sensore": "Accelerazione",
            "unita_misura_sensore": "g",
            "quota_sensore": "17.00",
            "stato_sensore": "ATTIVO",
            "stato_funzionamento_sensore": "OPERATIVO",
            "finanziato_mase": "NO",
            "data_attivazione_sensore": null,
            "data_dismissione_sensore": null,
            "ultima_lettura_sensore": null
          }
        ],
        "sensors_count": 21
      }
    },
    {
      "type": "Feature",
      "geometry": {
        "type": "Point",
        "coordinates": [
          12.184,
          43.9416
        ]
      },
      "properties": {
        "id": 2,
        "net_staz_name": "02PME",
        "nome": "Ponte ad Arco dello Zingone sul fiume Savio ",
        "network": "GeoSIG",
        "regione": "EMILIA-ROMAGNA ",
        "provincia": "FORLI'-CESENA",
        "comune": "MERCATO SARACENO",
        "indirizzo": "Strada provinciale N. 138",
        "tipologia": "Ponte in cemento armato",
        "id_tipologia": 10,
        "classificazione": "PONTE",
        "sistema": "DETTAGLIATO",
        "connessione": "ADSL",
        "ip": "10.10.1.253",
        "zona_sismica": 2,
        "stato": "A",
        "nome_checkmk": null,
        "fem": "SI",
        "f1": 3,
        "f2": 4,
        "f3": "4.769",
        "acquisitore_serial_number": "102728",
        "acquisitore_centralina": "CR-6plus",
        "acquisitore_soglia_trigger_g": "0,001",
        "sensors": [
          {
            "id_sensore": 45,
            "nome_sensore": "02PME_AC01",
            "canali_sensore": "1, 2, 3",
            "tipo_sensore": "Accelerometro triassiale",
            "parametro_misurato_sensore": "Accelerazione",
            "unita_misura_sensore": "g",
            "quota_sensore": "0.00",
            "stato_sensore": "ATTIVO",
            "stato_funzionamento_sensore": "OPERATIVO",
            "finanziato_mase": "NO",
            "data_attivazione_sensore": null,
            "data_dismissione_sensore": null,
            "ultima_lettura_sensore": null
          },
          {
            "id_sensore": 46,
            "nome_sensore": "02PME_AC02",
            "canali_sensore": "4, 5, 6",
            "tipo_sensore": "Accelerometro triassiale",
            "parametro_misurato_sensore": "Accelerazione",
            "unita_misura_sensore": "g",
            "quota_sensore": "20.00",
            "stato_sensore": "ATTIVO",
            "stato_funzionamento_sensore": "OPERATIVO",
            "finanziato_mase": "NO",
            "data_attivazione_sensore": null,
            "data_dismissione_sensore": null,
            "ultima_lettura_sensore": null
          },
          {
            "id_sensore": 47,
            "nome_sensore": "02PME_AC03",
            "canali_sensore": "7, 8, 9",
            "tipo_sensore": "Accelerometro triassiale",
            "parametro_misurato_sensore": "Accelerazione",
            "unita_misura_sensore": "g",
            "quota_sensore": "22.00",
            "stato_sensore": "ATTIVO",
            "stato_funzionamento_sensore": "OPERATIVO",
            "finanziato_mase": "NO",
            "data_attivazione_sensore": null,
            "data_dismissione_sensore": null,
            "ultima_lettura_sensore": null
          },
          {
            "id_sensore": 48,
            "nome_sensore": "02PME_AC04",
            "canali_sensore": "10, 11, 12",
            "tipo_sensore": "Accelerometro triassiale",
            "parametro_misurato_sensore": "Accelerazione",
            "unita_misura_sensore": "g",
            "quota_sensore": "28.00",
            "stato_sensore": "ATTIVO",
            "stato_funzionamento_sensore": "OPERATIVO",
            "finanziato_mase": "NO",
            "data_attivazione_sensore": null,
            "data_dismissione_sensore": null,
            "ultima_lettura_sensore": null
          },
          {
            "id_sensore": 49,
            "nome_sensore": "02PME_AC05",
            "canali_sensore": "13, 14, 15",
            "tipo_sensore": "Accelerometro triassiale",
            "parametro_misurato_sensore": "Accelerazione",
            "unita_misura_sensore": "g",
            "quota_sensore": "31.00",
            "stato_sensore": "ATTIVO",
            "stato_funzionamento_sensore": "OPERATIVO",
            "finanziato_mase": "NO",
            "data_attivazione_sensore": null,
            "data_dismissione_sensore": null,
            "ultima_lettura_sensore": null
          },
          {
            "id_sensore": 50,
            "nome_sensore": "02PME_AC06",
            "canali_sensore": "16, 17, 18",
            "tipo_sensore": "Accelerometro triassiale",
            "parametro_misurato_sensore": "Accelerazione",
            "unita_misura_sensore": "g",
            "quota_sensore": "28.00",
            "stato_sensore": "ATTIVO",
            "stato_funzionamento_sensore": "OPERATIVO",
            "finanziato_mase": "NO",
            "data_attivazione_sensore": null,
            "data_dismissione_sensore": null,
            "ultima_lettura_sensore": null
          },
          {
            "id_sensore": 51,
            "nome_sensore": "02PME_AC07",
            "canali_sensore": "19, 20, 21",
            "tipo_sensore": "Accelerometro triassiale",
            "parametro_misurato_sensore": "Accelerazione",
            "unita_misura_sensore": "g",
            "quota_sensore": "22.00",
            "stato_sensore": "ATTIVO",
            "stato_funzionamento_sensore": "OPERATIVO",
            "finanziato_mase": "NO",
            "data_attivazione_sensore": null,
            "data_dismissione_sensore": null,
            "ultima_lettura_sensore": null
          },
          {
            "id_sensore": 52,
            "nome_sensore": "02PME_AC08",
            "canali_sensore": "22, 23, 24",
            "tipo_sensore": "Accelerometro triassiale",
            "parametro_misurato_sensore": "Accelerazione",
            "unita_misura_sensore": "g",
            "quota_sensore": "20.00",
            "stato_sensore": "ATTIVO",
            "stato_funzionamento_sensore": "OPERATIVO",
            "finanziato_mase": "NO",
            "data_attivazione_sensore": null,
            "data_dismissione_sensore": null,
            "ultima_lettura_sensore": null
          },
          {
            "id_sensore": 53,
            "nome_sensore": "02PME_AC09",
            "canali_sensore": "25, 26",
            "tipo_sensore": "Accelerometro biassiale",
            "parametro_misurato_sensore": "Accelerazione",
            "unita_misura_sensore": "g",
            "quota_sensore": "33.00",
            "stato_sensore": "ATTIVO",
            "stato_funzionamento_sensore": "OPERATIVO",
            "finanziato_mase": "NO",
            "data_attivazione_sensore": null,
            "data_dismissione_sensore": null,
            "ultima_lettura_sensore": null
          },
          {
            "id_sensore": 54,
            "nome_sensore": "02PME_AC10",
            "canali_sensore": "27, 28",
            "tipo_sensore": "Accelerometro biassiale",
            "parametro_misurato_sensore": "Accelerazione",
            "unita_misura_sensore": "g",
            "quota_sensore": "33.00",
            "stato_sensore": "ATTIVO",
            "stato_funzionamento_sensore": "OPERATIVO",
            "finanziato_mase": "NO",
            "data_attivazione_sensore": null,
            "data_dismissione_sensore": null,
            "ultima_lettura_sensore": null
          },
          {
            "id_sensore": 55,
            "nome_sensore": "02PME_AC11",
            "canali_sensore": "29",
            "tipo_sensore": "Accelerometro monoassiale",
            "parametro_misurato_sensore": "Accelerazione",
            "unita_misura_sensore": "g",
            "quota_sensore": "0.00",
            "stato_sensore": "ATTIVO",
            "stato_funzionamento_sensore": "OPERATIVO",
            "finanziato_mase": "NO",
            "data_attivazione_sensore": null,
            "data_dismissione_sensore": null,
            "ultima_lettura_sensore": null
          },
          {
            "id_sensore": 56,
            "nome_sensore": "02PME_AC12",
            "canali_sensore": "30",
            "tipo_sensore": "Accelerometro monoassiale",
            "parametro_misurato_sensore": "Accelerazione",
            "unita_misura_sensore": "g",
            "quota_sensore": "28.00",
            "stato_sensore": "ATTIVO",
            "stato_funzionamento_sensore": "OPERATIVO",
            "finanziato_mase": "NO",
            "data_attivazione_sensore": null,
            "data_dismissione_sensore": null,
            "ultima_lettura_sensore": null
          },
          {
            "id_sensore": 57,
            "nome_sensore": "02PME_AC13",
            "canali_sensore": "31",
            "tipo_sensore": "Accelerometro monoassiale",
            "parametro_misurato_sensore": "Accelerazione",
            "unita_misura_sensore": "g",
            "quota_sensore": "31.00",
            "stato_sensore": "ATTIVO",
            "stato_funzionamento_sensore": "OPERATIVO",
            "finanziato_mase": "NO",
            "data_attivazione_sensore": null,
            "data_dismissione_sensore": null,
            "ultima_lettura_sensore": null
          },
          {
            "id_sensore": 58,
            "nome_sensore": "02PME_AC14",
            "canali_sensore": "32",
            "tipo_sensore": "Accelerometro monoassiale",
            "parametro_misurato_sensore": "Accelerazione",
            "unita_misura_sensore": "g",
            "quota_sensore": "28.00",
            "stato_sensore": "ATTIVO",
            "stato_funzionamento_sensore": "OPERATIVO",
            "finanziato_mase": "NO",
            "data_attivazione_sensore": null,
            "data_dismissione_sensore": null,
            "ultima_lettura_sensore": null
          }
        ],
        "sensors_count": 14
      }
    },
    {
      "type": "Feature",
      "geometry": {
        "type": "Point",
        "coordinates": [
          11.9134,
          44.4148
        ]
      },
      "properties": {
        "id": 4,
        "net_staz_name": "04ALU",
        "nome": "Asilo Nido a Lugo di Romagna",
        "network": "GeoSIG",
        "regione": "EMILIA-ROMAGNA",
        "provincia": "RAVENNA",
        "comune": "LUGO",
        "indirizzo": "Via Orsini,  14",
        "tipologia": "Edificio in cemento armato",
        "id_tipologia": 1,
        "classificazione": "SCUOLA",
        "sistema": "DETTAGLIATO",
        "connessione": "ADSL",
        "ip": "192.168.34.2",
        "zona_sismica": 2,
        "stato": "A",
        "nome_checkmk": null,
        "fem": "SI",
        "f1": 5,
        "f2": 6,
        "f3": "6.690",
        "acquisitore_serial_number": "300000",
        "acquisitore_centralina": "CR-7",
        "acquisitore_soglia_trigger_g": "0,001",
        "sensors": [
          {
            "id_sensore": 75,
            "nome_sensore": "04ALU_AC01",
            "canali_sensore": "1, 2, 3",
            "tipo_sensore": "Accelerometro triassiale",
            "parametro_misurato_sensore": "Accelerazione",
            "unita_misura_sensore": "g",
            "quota_sensore": "0.00",
            "stato_sensore": "ATTIVO",
            "stato_funzionamento_sensore": "OPERATIVO",
            "finanziato_mase": "NO",
            "data_attivazione_sensore": null,
            "data_dismissione_sensore": null,
            "ultima_lettura_sensore": null
          },
          {
            "id_sensore": 76,
            "nome_sensore": "04ALU_AC02",
            "canali_sensore": "4, 5, 6",
            "tipo_sensore": "Accelerometro triassiale",
            "parametro_misurato_sensore": "Accelerazione",
            "unita_misura_sensore": "g",
            "quota_sensore": "8.61",
            "stato_sensore": "ATTIVO",
            "stato_funzionamento_sensore": "OPERATIVO",
            "finanziato_mase": "NO",
            "data_attivazione_sensore": null,
            "data_dismissione_sensore": null,
            "ultima_lettura_sensore": null
          },
          {
            "id_sensore": 77,
            "nome_sensore": "04ALU_AC03",
            "canali_sensore": "7, 8",
            "tipo_sensore": "Accelerometro biassiale",
            "parametro_misurato_sensore": "Accelerazione",
            "unita_misura_sensore": "g",
            "quota_sensore": "5.50",
            "stato_sensore": "ATTIVO",
            "stato_funzionamento_sensore": "OPERATIVO",
            "finanziato_mase": "NO",
            "data_attivazione_sensore": null,
            "data_dismissione_sensore": null,
            "ultima_lettura_sensore": null
          },
          {
            "id_sensore": 78,
            "nome_sensore": "04ALU_AC04",
            "canali_sensore": "9, 10",
            "tipo_sensore": "Accelerometro biassiale",
            "parametro_misurato_sensore": "Accelerazione",
            "unita_misura_sensore": "g",
            "quota_sensore": "2.10",
            "stato_sensore": "ATTIVO",
            "stato_funzionamento_sensore": "OPERATIVO",
            "finanziato_mase": "NO",
            "data_attivazione_sensore": null,
            "data_dismissione_sensore": null,
            "ultima_lettura_sensore": null
          },
          {
            "id_sensore": 79,
            "nome_sensore": "04ALU_AC05",
            "canali_sensore": "11, 12",
            "tipo_sensore": "Accelerometro biassiale",
            "parametro_misurato_sensore": "Accelerazione",
            "unita_misura_sensore": "g",
            "quota_sensore": "0.17",
            "stato_sensore": "ATTIVO",
            "stato_funzionamento_sensore": "OPERATIVO",
            "finanziato_mase": "NO",
            "data_attivazione_sensore": null,
            "data_dismissione_sensore": null,
            "ultima_lettura_sensore": null
          },
          {
            "id_sensore": 80,
            "nome_sensore": "04ALU_AC06",
            "canali_sensore": "13, 14",
            "tipo_sensore": "Accelerometro biassiale",
            "parametro_misurato_sensore": "Accelerazione",
            "unita_misura_sensore": "g",
            "quota_sensore": "8.61",
            "stato_sensore": "ATTIVO",
            "stato_funzionamento_sensore": "OPERATIVO",
            "finanziato_mase": "NO",
            "data_attivazione_sensore": null,
            "data_dismissione_sensore": null,
            "ultima_lettura_sensore": null
          },
          {
            "id_sensore": 81,
            "nome_sensore": "04ALU_AC07",
            "canali_sensore": "15",
            "tipo_sensore": "Accelerometro biassiale",
            "parametro_misurato_sensore": "Accelerazione",
            "unita_misura_sensore": "g",
            "quota_sensore": "2.10",
            "stato_sensore": "ATTIVO",
            "stato_funzionamento_sensore": "OPERATIVO",
            "finanziato_mase": "NO",
            "data_attivazione_sensore": null,
            "data_dismissione_sensore": null,
            "ultima_lettura_sensore": null
          },
          {
            "id_sensore": 82,
            "nome_sensore": "04ALU_AC08",
            "canali_sensore": "16",
            "tipo_sensore": "Accelerometro monoassiale",
            "parametro_misurato_sensore": "Accelerazione",
            "unita_misura_sensore": "g",
            "quota_sensore": "5.50",
            "stato_sensore": "ATTIVO",
            "stato_funzionamento_sensore": "OPERATIVO",
            "finanziato_mase": "NO",
            "data_attivazione_sensore": null,
            "data_dismissione_sensore": null,
            "ultima_lettura_sensore": null
          },
          {
            "id_sensore": 83,
            "nome_sensore": "04ALU_AC09",
            "canali_sensore": "17",
            "tipo_sensore": "Accelerometro monoassiale",
            "parametro_misurato_sensore": "Accelerazione",
            "unita_misura_sensore": "g",
            "quota_sensore": "5.50",
            "stato_sensore": "ATTIVO",
            "stato_funzionamento_sensore": "OPERATIVO",
            "finanziato_mase": "NO",
            "data_attivazione_sensore": null,
            "data_dismissione_sensore": null,
            "ultima_lettura_sensore": null
          }
        ],
        "sensors_count": 9
      }
    },
    {
      "type": "Feature",
      "geometry": {
        "type": "Point",
        "coordinates": [
          12.2639,
          44.1332
        ]
      },
      "properties": {
        "id": 5,
        "net_staz_name": "05SCE",
        "nome": "Scuola Elementare ''Salvo d'Acquisto''",
        "network": "GeoSIG",
        "regione": "EMILIA-ROMAGNA",
        "provincia": "FORLI'-CESENA",
        "comune": "CESENA",
        "indirizzo": "Via Fiorenzuola, 10  ",
        "tipologia": "Edificio in cemento armato ",
        "id_tipologia": 1,
        "classificazione": "SCUOLA",
        "sistema": "DETTAGLIATO",
        "connessione": "ADSL",
        "ip": "10.10.1.221",
        "zona_sismica": 2,
        "stato": "A",
        "nome_checkmk": null,
        "fem": "SI",
        "f1": 5,
        "f2": 6,
        "f3": "7.087",
        "acquisitore_serial_number": "300013",
        "acquisitore_centralina": "CR-7",
        "acquisitore_soglia_trigger_g": "0,001",
        "sensors": [
          {
            "id_sensore": 84,
            "nome_sensore": "05SCE_AC01",
            "canali_sensore": "1, 2, 3",
            "tipo_sensore": "Accelerometro triassiale",
            "parametro_misurato_sensore": "Accelerazione",
            "unita_misura_sensore": "g",
            "quota_sensore": "0.00",
            "stato_sensore": "ATTIVO",
            "stato_funzionamento_sensore": "OPERATIVO",
            "finanziato_mase": "NO",
            "data_attivazione_sensore": null,
            "data_dismissione_sensore": null,
            "ultima_lettura_sensore": null
          },
          {
            "id_sensore": 85,
            "nome_sensore": "05SCE_AC02",
            "canali_sensore": "4, 5, 6",
            "tipo_sensore": "Accelerometro triassiale",
            "parametro_misurato_sensore": "Accelerazione",
            "unita_misura_sensore": "g",
            "quota_sensore": "10.70",
            "stato_sensore": "ATTIVO",
            "stato_funzionamento_sensore": "OPERATIVO",
            "finanziato_mase": "NO",
            "data_attivazione_sensore": null,
            "data_dismissione_sensore": null,
            "ultima_lettura_sensore": null
          },
          {
            "id_sensore": 86,
            "nome_sensore": "05SCE_AC03",
            "canali_sensore": "7, 8",
            "tipo_sensore": "Accelerometro biassiale",
            "parametro_misurato_sensore": "Accelerazione",
            "unita_misura_sensore": "g",
            "quota_sensore": "7.20",
            "stato_sensore": "ATTIVO",
            "stato_funzionamento_sensore": "OPERATIVO",
            "finanziato_mase": "NO",
            "data_attivazione_sensore": null,
            "data_dismissione_sensore": null,
            "ultima_lettura_sensore": null
          },
          {
            "id_sensore": 87,
            "nome_sensore": "05SCE_AC04",
            "canali_sensore": "9, 10",
            "tipo_sensore": "Accelerometro biassiale",
            "parametro_misurato_sensore": "Accelerazione",
            "unita_misura_sensore": "g",
            "quota_sensore": "7.20",
            "stato_sensore": "ATTIVO",
            "stato_funzionamento_sensore": "OPERATIVO",
            "finanziato_mase": "NO",
            "data_attivazione_sensore": null,
            "data_dismissione_sensore": null,
            "ultima_lettura_sensore": null
          },
          {
            "id_sensore": 88,
            "nome_sensore": "05SCE_AC05",
            "canali_sensore": "11, 12",
            "tipo_sensore": "Accelerometro biassiale",
            "parametro_misurato_sensore": "Accelerazione",
            "unita_misura_sensore": "g",
            "quota_sensore": "7.20",
            "stato_sensore": "ATTIVO",
            "stato_funzionamento_sensore": "OPERATIVO",
            "finanziato_mase": "NO",
            "data_attivazione_sensore": null,
            "data_dismissione_sensore": null,
            "ultima_lettura_sensore": null
          },
          {
            "id_sensore": 89,
            "nome_sensore": "05SCE_AC06",
            "canali_sensore": "13, 14",
            "tipo_sensore": "Accelerometro biassiale",
            "parametro_misurato_sensore": "Accelerazione",
            "unita_misura_sensore": "g",
            "quota_sensore": "10.70",
            "stato_sensore": "ATTIVO",
            "stato_funzionamento_sensore": "OPERATIVO",
            "finanziato_mase": "NO",
            "data_attivazione_sensore": null,
            "data_dismissione_sensore": null,
            "ultima_lettura_sensore": null
          },
          {
            "id_sensore": 90,
            "nome_sensore": "05SCE_AC07",
            "canali_sensore": "15, 16",
            "tipo_sensore": "Accelerometro biassiale",
            "parametro_misurato_sensore": "Accelerazione",
            "unita_misura_sensore": "g",
            "quota_sensore": "10.70",
            "stato_sensore": "ATTIVO",
            "stato_funzionamento_sensore": "OPERATIVO",
            "finanziato_mase": "NO",
            "data_attivazione_sensore": null,
            "data_dismissione_sensore": null,
            "ultima_lettura_sensore": null
          },
          {
            "id_sensore": 91,
            "nome_sensore": "05SCE_AC08",
            "canali_sensore": "17, 18",
            "tipo_sensore": "Accelerometro biassiale",
            "parametro_misurato_sensore": "Accelerazione",
            "unita_misura_sensore": "g",
            "quota_sensore": "10.70",
            "stato_sensore": "ATTIVO",
            "stato_funzionamento_sensore": "OPERATIVO",
            "finanziato_mase": "NO",
            "data_attivazione_sensore": null,
            "data_dismissione_sensore": null,
            "ultima_lettura_sensore": null
          },
          {
            "id_sensore": 92,
            "nome_sensore": "05SCE_AC09",
            "canali_sensore": "19",
            "tipo_sensore": "Accelerometro monoassiale",
            "parametro_misurato_sensore": "Accelerazione",
            "unita_misura_sensore": "g",
            "quota_sensore": "7.20",
            "stato_sensore": "ATTIVO",
            "stato_funzionamento_sensore": "OPERATIVO",
            "finanziato_mase": "NO",
            "data_attivazione_sensore": null,
            "data_dismissione_sensore": null,
            "ultima_lettura_sensore": null
          },
          {
            "id_sensore": 93,
            "nome_sensore": "05SCE_AC10",
            "canali_sensore": "20",
            "tipo_sensore": "Accelerometro monoassiale",
            "parametro_misurato_sensore": "Accelerazione",
            "unita_misura_sensore": "g",
            "quota_sensore": "7.20",
            "stato_sensore": "ATTIVO",
            "stato_funzionamento_sensore": "OPERATIVO",
            "finanziato_mase": "NO",
            "data_attivazione_sensore": null,
            "data_dismissione_sensore": null,
            "ultima_lettura_sensore": null
          },
          {
            "id_sensore": 94,
            "nome_sensore": "05SCE_AC11",
            "canali_sensore": "21",
            "tipo_sensore": "Accelerometro monoassiale",
            "parametro_misurato_sensore": "Accelerazione",
            "unita_misura_sensore": "g",
            "quota_sensore": "10.70",
            "stato_sensore": "ATTIVO",
            "stato_funzionamento_sensore": "OPERATIVO",
            "finanziato_mase": "NO",
            "data_attivazione_sensore": null,
            "data_dismissione_sensore": null,
            "ultima_lettura_sensore": null
          },
          {
            "id_sensore": 95,
            "nome_sensore": "05SCE_AC12",
            "canali_sensore": "22",
            "tipo_sensore": "Accelerometro monoassiale",
            "parametro_misurato_sensore": "Accelerazione",
            "unita_misura_sensore": "g",
            "quota_sensore": "10.70",
            "stato_sensore": "ATTIVO",
            "stato_funzionamento_sensore": "OPERATIVO",
            "finanziato_mase": "NO",
            "data_attivazione_sensore": null,
            "data_dismissione_sensore": null,
            "ultima_lettura_sensore": null
          },
          {
            "id_sensore": 96,
            "nome_sensore": "05SCE_AC13",
            "canali_sensore": "23",
            "tipo_sensore": "Accelerometro monoassiale",
            "parametro_misurato_sensore": "Accelerazione",
            "unita_misura_sensore": "g",
            "quota_sensore": "10.70",
            "stato_sensore": "ATTIVO",
            "stato_funzionamento_sensore": "OPERATIVO",
            "finanziato_mase": "NO",
            "data_attivazione_sensore": null,
            "data_dismissione_sensore": null,
            "ultima_lettura_sensore": null
          },
          {
            "id_sensore": 97,
            "nome_sensore": "05SCE_AC14",
            "canali_sensore": "24",
            "tipo_sensore": "Accelerometro monoassiale",
            "parametro_misurato_sensore": "Accelerazione",
            "unita_misura_sensore": "g",
            "quota_sensore": "7.20",
            "stato_sensore": "ATTIVO",
            "stato_funzionamento_sensore": "OPERATIVO",
            "finanziato_mase": "NO",
            "data_attivazione_sensore": null,
            "data_dismissione_sensore": null,
            "ultima_lettura_sensore": null
          }
        ],
        "sensors_count": 14
      }
    },
    {
      "type": "Feature",
      "geometry": {
        "type": "Point",
        "coordinates": [
          12.0531,
          44.2204
        ]
      },
      "properties": {
        "id": 7,
        "net_staz_name": "07IFO",
        "nome": "I.T.I. \"G.Marconi \"- Ampliamento",
        "network": "GeoSIG",
        "regione": "EMILIA-ROMAGNA",
        "provincia": "FORLI'-CESENA",
        "comune": "FORLI'",
        "indirizzo": "Viale della Libertà, 14",
        "tipologia": "Edificio in cemento armato ",
        "id_tipologia": 1,
        "classificazione": "SCUOLA",
        "sistema": "DETTAGLIATO",
        "connessione": "ADSL",
        "ip": "10.10.1.237",
        "zona_sismica": 2,
        "stato": "A",
        "nome_checkmk": null,
        "fem": "SI",
        "f1": 7,
        "f2": 7,
        "f3": "10.990",
        "acquisitore_serial_number": "103185",
        "acquisitore_centralina": "CR-6plus",
        "acquisitore_soglia_trigger_g": "0,001",
        "sensors": [
          {
            "id_sensore": 114,
            "nome_sensore": "07IFO_AC01",
            "canali_sensore": "1, 2, 3",
            "tipo_sensore": "Accelerometro triassiale",
            "parametro_misurato_sensore": "Accelerazione",
            "unita_misura_sensore": "g",
            "quota_sensore": "0.00",
            "stato_sensore": "ATTIVO",
            "stato_funzionamento_sensore": "OPERATIVO",
            "finanziato_mase": "NO",
            "data_attivazione_sensore": null,
            "data_dismissione_sensore": null,
            "ultima_lettura_sensore": null
          },
          {
            "id_sensore": 115,
            "nome_sensore": "07IFO_AC02",
            "canali_sensore": "4, 5, 10",
            "tipo_sensore": "Accelerometro triassiale",
            "parametro_misurato_sensore": "Accelerazione",
            "unita_misura_sensore": "g",
            "quota_sensore": "8.00",
            "stato_sensore": "ATTIVO",
            "stato_funzionamento_sensore": "OPERATIVO",
            "finanziato_mase": "NO",
            "data_attivazione_sensore": null,
            "data_dismissione_sensore": null,
            "ultima_lettura_sensore": null
          },
          {
            "id_sensore": 116,
            "nome_sensore": "07IFO_AC03",
            "canali_sensore": "6, 7, 11",
            "tipo_sensore": "Accelerometro triassiale",
            "parametro_misurato_sensore": "Accelerazione",
            "unita_misura_sensore": "g",
            "quota_sensore": "8.00",
            "stato_sensore": "ATTIVO",
            "stato_funzionamento_sensore": "OPERATIVO",
            "finanziato_mase": "NO",
            "data_attivazione_sensore": null,
            "data_dismissione_sensore": null,
            "ultima_lettura_sensore": null
          },
          {
            "id_sensore": 117,
            "nome_sensore": "07IFO_AC04",
            "canali_sensore": "8, 9",
            "tipo_sensore": "Accelerometro biassiale",
            "parametro_misurato_sensore": "Accelerazione",
            "unita_misura_sensore": "g",
            "quota_sensore": "4.00",
            "stato_sensore": "ATTIVO",
            "stato_funzionamento_sensore": "OPERATIVO",
            "finanziato_mase": "NO",
            "data_attivazione_sensore": null,
            "data_dismissione_sensore": null,
            "ultima_lettura_sensore": null
          },
          {
            "id_sensore": 118,
            "nome_sensore": "07IFO_AC05",
            "canali_sensore": "12",
            "tipo_sensore": "Accelerometro monoassiale",
            "parametro_misurato_sensore": "Accelerazione",
            "unita_misura_sensore": "g",
            "quota_sensore": "4.00",
            "stato_sensore": "ATTIVO",
            "stato_funzionamento_sensore": "OPERATIVO",
            "finanziato_mase": "NO",
            "data_attivazione_sensore": null,
            "data_dismissione_sensore": null,
            "ultima_lettura_sensore": null
          },
          {
            "id_sensore": 119,
            "nome_sensore": "07IFO_AC06",
            "canali_sensore": "13",
            "tipo_sensore": "Accelerometro monoassiale",
            "parametro_misurato_sensore": "Accelerazione",
            "unita_misura_sensore": "g",
            "quota_sensore": "8.00",
            "stato_sensore": "ATTIVO",
            "stato_funzionamento_sensore": "OPERATIVO",
            "finanziato_mase": "NO",
            "data_attivazione_sensore": null,
            "data_dismissione_sensore": null,
            "ultima_lettura_sensore": null
          },
          {
            "id_sensore": 696,
            "nome_sensore": "07IFO_LVDT1",
            "canali_sensore": "14",
            "tipo_sensore": "Trasduttore di spostamento",
            "parametro_misurato_sensore": "Spostamento",
            "unita_misura_sensore": "mm",
            "quota_sensore": "8.00",
            "stato_sensore": "ATTIVO",
            "stato_funzionamento_sensore": "OPERATIVO",
            "finanziato_mase": "NO",
            "data_attivazione_sensore": null,
            "data_dismissione_sensore": null,
            "ultima_lettura_sensore": null
          },
          {
            "id_sensore": 697,
            "nome_sensore": "07IFO_LVDT2",
            "canali_sensore": "15",
            "tipo_sensore": "Trasduttore di spostamento",
            "parametro_misurato_sensore": "Spostamento",
            "unita_misura_sensore": "mm",
            "quota_sensore": "8.00",
            "stato_sensore": "ATTIVO",
            "stato_funzionamento_sensore": "OPERATIVO",
            "finanziato_mase": "NO",
            "data_attivazione_sensore": null,
            "data_dismissione_sensore": null,
            "ultima_lettura_sensore": null
          }
        ],
        "sensors_count": 8
      }
    },
    {
      "type": "Feature",
      "geometry": {
        "type": "Point",
        "coordinates": [
          12.5838,
          44.047
        ]
      },
      "properties": {
        "id": 8,
        "net_staz_name": "08IRI",
        "nome": "I.T.I. di Rimini",
        "network": "GeoSIG",
        "regione": "EMILIA-ROMAGNA",
        "provincia": "RIMINI",
        "comune": "RIMINI",
        "indirizzo": "Via Clotilde Tambroni, 28",
        "tipologia": "Edificio in cemento armato ",
        "id_tipologia": 1,
        "classificazione": "SCUOLA",
        "sistema": "DETTAGLIATO",
        "connessione": "ADSL",
        "ip": "10.10.2.189",
        "zona_sismica": 2,
        "stato": "A",
        "nome_checkmk": null,
        "fem": "SI",
        "f1": 3,
        "f2": 5,
        "f3": "5.193",
        "acquisitore_serial_number": null,
        "acquisitore_centralina": null,
        "acquisitore_soglia_trigger_g": null,
        "sensors": [
          {
            "id_sensore": 120,
            "nome_sensore": "08IRI_AC01",
            "canali_sensore": "1, 2, 3",
            "tipo_sensore": "Accelerometro triassiale",
            "parametro_misurato_sensore": "Accelerazione",
            "unita_misura_sensore": "g",
            "quota_sensore": "0.00",
            "stato_sensore": "ATTIVO",
            "stato_funzionamento_sensore": "OPERATIVO",
            "finanziato_mase": "NO",
            "data_attivazione_sensore": null,
            "data_dismissione_sensore": null,
            "ultima_lettura_sensore": null
          },
          {
            "id_sensore": 121,
            "nome_sensore": "08IRI_AC02",
            "canali_sensore": "4, 5",
            "tipo_sensore": "Accelerometro biassiale",
            "parametro_misurato_sensore": "Accelerazione",
            "unita_misura_sensore": "g",
            "quota_sensore": "7.90",
            "stato_sensore": "ATTIVO",
            "stato_funzionamento_sensore": "OPERATIVO",
            "finanziato_mase": "NO",
            "data_attivazione_sensore": null,
            "data_dismissione_sensore": null,
            "ultima_lettura_sensore": null
          },
          {
            "id_sensore": 122,
            "nome_sensore": "08IRI_AC03",
            "canali_sensore": "6, 7",
            "tipo_sensore": "Accelerometro biassiale",
            "parametro_misurato_sensore": "Accelerazione",
            "unita_misura_sensore": "g",
            "quota_sensore": "11.30",
            "stato_sensore": "ATTIVO",
            "stato_funzionamento_sensore": "OPERATIVO",
            "finanziato_mase": "NO",
            "data_attivazione_sensore": null,
            "data_dismissione_sensore": null,
            "ultima_lettura_sensore": null
          },
          {
            "id_sensore": 123,
            "nome_sensore": "08IRI_AC04",
            "canali_sensore": "8, 9",
            "tipo_sensore": "Accelerometro biassiale",
            "parametro_misurato_sensore": "Accelerazione",
            "unita_misura_sensore": "g",
            "quota_sensore": "14.60",
            "stato_sensore": "ATTIVO",
            "stato_funzionamento_sensore": "OPERATIVO",
            "finanziato_mase": "NO",
            "data_attivazione_sensore": null,
            "data_dismissione_sensore": null,
            "ultima_lettura_sensore": null
          },
          {
            "id_sensore": 124,
            "nome_sensore": "08IRI_AC05",
            "canali_sensore": "10, 11",
            "tipo_sensore": "Accelerometro biassiale",
            "parametro_misurato_sensore": "Accelerazione",
            "unita_misura_sensore": "g",
            "quota_sensore": "14.60",
            "stato_sensore": "ATTIVO",
            "stato_funzionamento_sensore": "OPERATIVO",
            "finanziato_mase": "NO",
            "data_attivazione_sensore": null,
            "data_dismissione_sensore": null,
            "ultima_lettura_sensore": null
          },
          {
            "id_sensore": 125,
            "nome_sensore": "08IRI_AC06",
            "canali_sensore": "12",
            "tipo_sensore": "Accelerometro monoassiale",
            "parametro_misurato_sensore": "Accelerazione",
            "unita_misura_sensore": "g",
            "quota_sensore": "4.60",
            "stato_sensore": "ATTIVO",
            "stato_funzionamento_sensore": "OPERATIVO",
            "finanziato_mase": "NO",
            "data_attivazione_sensore": null,
            "data_dismissione_sensore": null,
            "ultima_lettura_sensore": null
          },
          {
            "id_sensore": 126,
            "nome_sensore": "08IRI_AC07",
            "canali_sensore": "13",
            "tipo_sensore": "Accelerometro monoassiale",
            "parametro_misurato_sensore": "Accelerazione",
            "unita_misura_sensore": "g",
            "quota_sensore": "4.60",
            "stato_sensore": "ATTIVO",
            "stato_funzionamento_sensore": "OPERATIVO",
            "finanziato_mase": "NO",
            "data_attivazione_sensore": null,
            "data_dismissione_sensore": null,
            "ultima_lettura_sensore": null
          },
          {
            "id_sensore": 127,
            "nome_sensore": "08IRI_AC08",
            "canali_sensore": "14",
            "tipo_sensore": "Accelerometro monoassiale",
            "parametro_misurato_sensore": "Accelerazione",
            "unita_misura_sensore": "g",
            "quota_sensore": "7.90",
            "stato_sensore": "ATTIVO",
            "stato_funzionamento_sensore": "OPERATIVO",
            "finanziato_mase": "NO",
            "data_attivazione_sensore": null,
            "data_dismissione_sensore": null,
            "ultima_lettura_sensore": null
          },
          {
            "id_sensore": 128,
            "nome_sensore": "08IRI_AC09",
            "canali_sensore": "15",
            "tipo_sensore": "Accelerometro monoassiale",
            "parametro_misurato_sensore": "Accelerazione",
            "unita_misura_sensore": "g",
            "quota_sensore": "7.90",
            "stato_sensore": "ATTIVO",
            "stato_funzionamento_sensore": "OPERATIVO",
            "finanziato_mase": "NO",
            "data_attivazione_sensore": null,
            "data_dismissione_sensore": null,
            "ultima_lettura_sensore": null
          },
          {
            "id_sensore": 129,
            "nome_sensore": "08IRI_AC10",
            "canali_sensore": "16",
            "tipo_sensore": "Accelerometro monoassiale",
            "parametro_misurato_sensore": "Accelerazione",
            "unita_misura_sensore": "g",
            "quota_sensore": "11.30",
            "stato_sensore": "ATTIVO",
            "stato_funzionamento_sensore": "OPERATIVO",
            "finanziato_mase": "NO",
            "data_attivazione_sensore": null,
            "data_dismissione_sensore": null,
            "ultima_lettura_sensore": null
          },
          {
            "id_sensore": 130,
            "nome_sensore": "08IRI_AC11",
            "canali_sensore": "17",
            "tipo_sensore": "Accelerometro monoassiale",
            "parametro_misurato_sensore": "Accelerazione",
            "unita_misura_sensore": "g",
            "quota_sensore": "14.60",
            "stato_sensore": "ATTIVO",
            "stato_funzionamento_sensore": "OPERATIVO",
            "finanziato_mase": "NO",
            "data_attivazione_sensore": null,
            "data_dismissione_sensore": null,
            "ultima_lettura_sensore": null
          }
        ],
        "sensors_count": 11
      }
    },
    {
      "type": "Feature",
      "geometry": {
        "type": "Point",
        "coordinates": [
          12.6498,
          43.9158
        ]
      },
      "properties": {
        "id": 9,
        "net_staz_name": "09IMO",
        "nome": "Ist. Professionale per il Commercio ''A. De Gasperi''",
        "network": "GeoSIG",
        "regione": "EMILIA-ROMAGNA",
        "provincia": "RIMINI",
        "comune": "MORCIANO DI ROMAGNA",
        "indirizzo": "Via Largo Centro Studi, 12/14/3",
        "tipologia": "Edificio in cemento armato ",
        "id_tipologia": 1,
        "classificazione": "SCUOLA",
        "sistema": "DETTAGLIATO",
        "connessione": "ADSL",
        "ip": "10.10.3.21",
        "zona_sismica": 2,
        "stato": "A",
        "nome_checkmk": null,
        "fem": "SI",
        "f1": 6,
        "f2": 7,
        "f3": "7.290",
        "acquisitore_serial_number": null,
        "acquisitore_centralina": null,
        "acquisitore_soglia_trigger_g": null,
        "sensors": [
          {
            "id_sensore": 131,
            "nome_sensore": "09IMO_AC01",
            "canali_sensore": "1, 2, 3",
            "tipo_sensore": "Accelerometro triassiale",
            "parametro_misurato_sensore": "Accelerazione",
            "unita_misura_sensore": "g",
            "quota_sensore": "0.00",
            "stato_sensore": "ATTIVO",
            "stato_funzionamento_sensore": "OPERATIVO",
            "finanziato_mase": "NO",
            "data_attivazione_sensore": null,
            "data_dismissione_sensore": null,
            "ultima_lettura_sensore": null
          },
          {
            "id_sensore": 132,
            "nome_sensore": "09IMO_AC02",
            "canali_sensore": "4, 5",
            "tipo_sensore": "Accelerometro biassiale",
            "parametro_misurato_sensore": "Accelerazione",
            "unita_misura_sensore": "g",
            "quota_sensore": "3.00",
            "stato_sensore": "ATTIVO",
            "stato_funzionamento_sensore": "OPERATIVO",
            "finanziato_mase": "NO",
            "data_attivazione_sensore": null,
            "data_dismissione_sensore": null,
            "ultima_lettura_sensore": null
          },
          {
            "id_sensore": 133,
            "nome_sensore": "09IMO_AC03",
            "canali_sensore": "6, 7",
            "tipo_sensore": "Accelerometro biassiale",
            "parametro_misurato_sensore": "Accelerazione",
            "unita_misura_sensore": "g",
            "quota_sensore": "6.00",
            "stato_sensore": "ATTIVO",
            "stato_funzionamento_sensore": "OPERATIVO",
            "finanziato_mase": "NO",
            "data_attivazione_sensore": null,
            "data_dismissione_sensore": null,
            "ultima_lettura_sensore": null
          },
          {
            "id_sensore": 134,
            "nome_sensore": "09IMO_AC04",
            "canali_sensore": "8, 9",
            "tipo_sensore": "Accelerometro biassiale",
            "parametro_misurato_sensore": "Accelerazione",
            "unita_misura_sensore": "g",
            "quota_sensore": "9.00",
            "stato_sensore": "ATTIVO",
            "stato_funzionamento_sensore": "OPERATIVO",
            "finanziato_mase": "NO",
            "data_attivazione_sensore": null,
            "data_dismissione_sensore": null,
            "ultima_lettura_sensore": null
          },
          {
            "id_sensore": 135,
            "nome_sensore": "09IMO_AC05",
            "canali_sensore": "10",
            "tipo_sensore": "Accelerometro monoassiale",
            "parametro_misurato_sensore": "Accelerazione",
            "unita_misura_sensore": "g",
            "quota_sensore": "3.00",
            "stato_sensore": "ATTIVO",
            "stato_funzionamento_sensore": "OPERATIVO",
            "finanziato_mase": "NO",
            "data_attivazione_sensore": null,
            "data_dismissione_sensore": null,
            "ultima_lettura_sensore": null
          },
          {
            "id_sensore": 136,
            "nome_sensore": "09IMO_AC06",
            "canali_sensore": "11",
            "tipo_sensore": "Accelerometro monoassiale",
            "parametro_misurato_sensore": "Accelerazione",
            "unita_misura_sensore": "g",
            "quota_sensore": "6.00",
            "stato_sensore": "ATTIVO",
            "stato_funzionamento_sensore": "OPERATIVO",
            "finanziato_mase": "NO",
            "data_attivazione_sensore": null,
            "data_dismissione_sensore": null,
            "ultima_lettura_sensore": null
          },
          {
            "id_sensore": 137,
            "nome_sensore": "09IMO_AC07",
            "canali_sensore": "12",
            "tipo_sensore": "Accelerometro monoassiale",
            "parametro_misurato_sensore": "Accelerazione",
            "unita_misura_sensore": "g",
            "quota_sensore": "6.00",
            "stato_sensore": "ATTIVO",
            "stato_funzionamento_sensore": "OPERATIVO",
            "finanziato_mase": "NO",
            "data_attivazione_sensore": null,
            "data_dismissione_sensore": null,
            "ultima_lettura_sensore": null
          },
          {
            "id_sensore": 138,
            "nome_sensore": "09IMO_AC08",
            "canali_sensore": "13",
            "tipo_sensore": "Accelerometro monoassiale",
            "parametro_misurato_sensore": "Accelerazione",
            "unita_misura_sensore": "g",
            "quota_sensore": "6.00",
            "stato_sensore": "ATTIVO",
            "stato_funzionamento_sensore": "OPERATIVO",
            "finanziato_mase": "NO",
            "data_attivazione_sensore": null,
            "data_dismissione_sensore": null,
            "ultima_lettura_sensore": null
          },
          {
            "id_sensore": 139,
            "nome_sensore": "09IMO_AC09",
            "canali_sensore": "14",
            "tipo_sensore": "Accelerometro monoassiale",
            "parametro_misurato_sensore": "Accelerazione",
            "unita_misura_sensore": "g",
            "quota_sensore": "9.00",
            "stato_sensore": "ATTIVO",
            "stato_funzionamento_sensore": "OPERATIVO",
            "finanziato_mase": "NO",
            "data_attivazione_sensore": null,
            "data_dismissione_sensore": null,
            "ultima_lettura_sensore": null
          },
          {
            "id_sensore": 140,
            "nome_sensore": "09IMO_AC10",
            "canali_sensore": "15",
            "tipo_sensore": "Accelerometro monoassiale",
            "parametro_misurato_sensore": "Accelerazione",
            "unita_misura_sensore": "g",
            "quota_sensore": "9.00",
            "stato_sensore": "ATTIVO",
            "stato_funzionamento_sensore": "OPERATIVO",
            "finanziato_mase": "NO",
            "data_attivazione_sensore": null,
            "data_dismissione_sensore": null,
            "ultima_lettura_sensore": null
          },
          {
            "id_sensore": 141,
            "nome_sensore": "09IMO_AC11",
            "canali_sensore": "16",
            "tipo_sensore": "Accelerometro monoassiale",
            "parametro_misurato_sensore": "Accelerazione",
            "unita_misura_sensore": "g",
            "quota_sensore": "9.00",
            "stato_sensore": "ATTIVO",
            "stato_funzionamento_sensore": "OPERATIVO",
            "finanziato_mase": "NO",
            "data_attivazione_sensore": null,
            "data_dismissione_sensore": null,
            "ultima_lettura_sensore": null
          }
        ],
        "sensors_count": 11
      }
    },
    {
      "type": "Feature",
      "geometry": {
        "type": "Point",
        "coordinates": [
          10.4145,
          44.112
        ]
      },
      "properties": {
        "id": 10,
        "net_staz_name": "10OCA",
        "nome": "Ospedale Regionale \"S. Croce\" - Padiglione 4a - Radiologia",
        "network": "GeoSIG",
        "regione": "TOSCANA",
        "provincia": "LUCCA",
        "comune": "CASTELNUOVO DI GARFAGNANA",
        "indirizzo": "Via dell'Ospedale, 3",
        "tipologia": "Edificio in cemento armato ",
        "id_tipologia": 1,
        "classificazione": "OSPEDALE",
        "sistema": "DETTAGLIATO",
        "connessione": "ADSL",
        "ip": "10.10.2.21",
        "zona_sismica": 2,
        "stato": "A",
        "nome_checkmk": null,
        "fem": "SI",
        "f1": 5,
        "f2": 7,
        "f3": "8.290",
        "acquisitore_serial_number": null,
        "acquisitore_centralina": null,
        "acquisitore_soglia_trigger_g": null,
        "sensors": [
          {
            "id_sensore": 142,
            "nome_sensore": "10OCA_AC01",
            "canali_sensore": "1, 2, 3",
            "tipo_sensore": "Accelerometro triassiale",
            "parametro_misurato_sensore": "Accelerazione",
            "unita_misura_sensore": "g",
            "quota_sensore": "-3.05",
            "stato_sensore": "ATTIVO",
            "stato_funzionamento_sensore": "OPERATIVO",
            "finanziato_mase": "NO",
            "data_attivazione_sensore": null,
            "data_dismissione_sensore": null,
            "ultima_lettura_sensore": null
          },
          {
            "id_sensore": 143,
            "nome_sensore": "10OCA_AC02",
            "canali_sensore": "4, 5, 6",
            "tipo_sensore": "Accelerometro triassiale",
            "parametro_misurato_sensore": "Accelerazione",
            "unita_misura_sensore": "g",
            "quota_sensore": "11.24",
            "stato_sensore": "ATTIVO",
            "stato_funzionamento_sensore": "OPERATIVO",
            "finanziato_mase": "NO",
            "data_attivazione_sensore": null,
            "data_dismissione_sensore": null,
            "ultima_lettura_sensore": null
          },
          {
            "id_sensore": 144,
            "nome_sensore": "10OCA_AC03",
            "canali_sensore": "7, 8",
            "tipo_sensore": "Accelerometro biassiale",
            "parametro_misurato_sensore": "Accelerazione",
            "unita_misura_sensore": "g",
            "quota_sensore": "0.00",
            "stato_sensore": "ATTIVO",
            "stato_funzionamento_sensore": "OPERATIVO",
            "finanziato_mase": "NO",
            "data_attivazione_sensore": null,
            "data_dismissione_sensore": null,
            "ultima_lettura_sensore": null
          },
          {
            "id_sensore": 145,
            "nome_sensore": "10OCA_AC04",
            "canali_sensore": "9, 10",
            "tipo_sensore": "Accelerometro biassiale",
            "parametro_misurato_sensore": "Accelerazione",
            "unita_misura_sensore": "g",
            "quota_sensore": "3.63",
            "stato_sensore": "ATTIVO",
            "stato_funzionamento_sensore": "OPERATIVO",
            "finanziato_mase": "NO",
            "data_attivazione_sensore": null,
            "data_dismissione_sensore": null,
            "ultima_lettura_sensore": null
          },
          {
            "id_sensore": 146,
            "nome_sensore": "10OCA_AC05",
            "canali_sensore": "11, 12",
            "tipo_sensore": "Accelerometro biassiale",
            "parametro_misurato_sensore": "Accelerazione",
            "unita_misura_sensore": "g",
            "quota_sensore": "7.29",
            "stato_sensore": "ATTIVO",
            "stato_funzionamento_sensore": "OPERATIVO",
            "finanziato_mase": "NO",
            "data_attivazione_sensore": null,
            "data_dismissione_sensore": null,
            "ultima_lettura_sensore": null
          },
          {
            "id_sensore": 147,
            "nome_sensore": "10OCA_AC06",
            "canali_sensore": "13, 14",
            "tipo_sensore": "Accelerometro biassiale",
            "parametro_misurato_sensore": "Accelerazione",
            "unita_misura_sensore": "g",
            "quota_sensore": "11.24",
            "stato_sensore": "ATTIVO",
            "stato_funzionamento_sensore": "OPERATIVO",
            "finanziato_mase": "NO",
            "data_attivazione_sensore": null,
            "data_dismissione_sensore": null,
            "ultima_lettura_sensore": null
          },
          {
            "id_sensore": 148,
            "nome_sensore": "10OCA_AC07",
            "canali_sensore": "16",
            "tipo_sensore": "Accelerometro monoassiale",
            "parametro_misurato_sensore": "Accelerazione",
            "unita_misura_sensore": "g",
            "quota_sensore": "7.29",
            "stato_sensore": "ATTIVO",
            "stato_funzionamento_sensore": "OPERATIVO",
            "finanziato_mase": "NO",
            "data_attivazione_sensore": null,
            "data_dismissione_sensore": null,
            "ultima_lettura_sensore": null
          },
          {
            "id_sensore": 149,
            "nome_sensore": "10OCA_AC08",
            "canali_sensore": "15",
            "tipo_sensore": "Accelerometro monoassiale",
            "parametro_misurato_sensore": "Accelerazione",
            "unita_misura_sensore": "g",
            "quota_sensore": "3.63",
            "stato_sensore": "ATTIVO",
            "stato_funzionamento_sensore": "OPERATIVO",
            "finanziato_mase": "NO",
            "data_attivazione_sensore": null,
            "data_dismissione_sensore": null,
            "ultima_lettura_sensore": null
          },
          {
            "id_sensore": 698,
            "nome_sensore": "10OCA_LVDT1",
            "canali_sensore": "17",
            "tipo_sensore": "Trasduttore di spostamento",
            "parametro_misurato_sensore": "Spostamento",
            "unita_misura_sensore": "mm",
            "quota_sensore": "11.24",
            "stato_sensore": "ATTIVO",
            "stato_funzionamento_sensore": "OPERATIVO",
            "finanziato_mase": "NO",
            "data_attivazione_sensore": null,
            "data_dismissione_sensore": null,
            "ultima_lettura_sensore": null
          }
        ],
        "sensors_count": 9
      }
    },
    {
      "type": "Feature",
      "geometry": {
        "type": "Point",
        "coordinates": [
          11.6971,
          42.7746
        ]
      },
      "properties": {
        "id": 11,
        "net_staz_name": "11SAZ",
        "nome": "Scuola comunale elementare di Castell'Azzara",
        "network": "GeoSIG",
        "regione": "TOSCANA",
        "provincia": "GROSSETO",
        "comune": "CASTELL'AZZARA",
        "indirizzo": "Via Guglielmo Marconi, 4",
        "tipologia": "Edificio in muratura",
        "id_tipologia": 2,
        "classificazione": "SCUOLA",
        "sistema": "DETTAGLIATO",
        "connessione": "ADSL",
        "ip": "10.10.4.229",
        "zona_sismica": 2,
        "stato": "A",
        "nome_checkmk": null,
        "fem": "SI",
        "f1": 4,
        "f2": 5,
        "f3": "4.830",
        "acquisitore_serial_number": null,
        "acquisitore_centralina": null,
        "acquisitore_soglia_trigger_g": null,
        "sensors": [
          {
            "id_sensore": 150,
            "nome_sensore": "11SAZ_AC01",
            "canali_sensore": "1, 2, 3",
            "tipo_sensore": "Accelerometro triassiale",
            "parametro_misurato_sensore": "Accelerazione",
            "unita_misura_sensore": "g",
            "quota_sensore": "0.00",
            "stato_sensore": "ATTIVO",
            "stato_funzionamento_sensore": "OPERATIVO",
            "finanziato_mase": "NO",
            "data_attivazione_sensore": null,
            "data_dismissione_sensore": null,
            "ultima_lettura_sensore": null
          },
          {
            "id_sensore": 151,
            "nome_sensore": "11SAZ_AC02",
            "canali_sensore": "4, 5",
            "tipo_sensore": "Accelerometro biassiale",
            "parametro_misurato_sensore": "Accelerazione",
            "unita_misura_sensore": "g",
            "quota_sensore": "3.00",
            "stato_sensore": "ATTIVO",
            "stato_funzionamento_sensore": "OPERATIVO",
            "finanziato_mase": "NO",
            "data_attivazione_sensore": null,
            "data_dismissione_sensore": null,
            "ultima_lettura_sensore": null
          },
          {
            "id_sensore": 152,
            "nome_sensore": "11SAZ_AC03",
            "canali_sensore": "6, 7",
            "tipo_sensore": "Accelerometro biassiale",
            "parametro_misurato_sensore": "Accelerazione",
            "unita_misura_sensore": "g",
            "quota_sensore": "6.00",
            "stato_sensore": "ATTIVO",
            "stato_funzionamento_sensore": "OPERATIVO",
            "finanziato_mase": "NO",
            "data_attivazione_sensore": null,
            "data_dismissione_sensore": null,
            "ultima_lettura_sensore": null
          },
          {
            "id_sensore": 153,
            "nome_sensore": "11SAZ_AC04",
            "canali_sensore": "8, 9",
            "tipo_sensore": "Accelerometro biassiale",
            "parametro_misurato_sensore": "Accelerazione",
            "unita_misura_sensore": "g",
            "quota_sensore": "9.00",
            "stato_sensore": "ATTIVO",
            "stato_funzionamento_sensore": "OPERATIVO",
            "finanziato_mase": "NO",
            "data_attivazione_sensore": null,
            "data_dismissione_sensore": null,
            "ultima_lettura_sensore": null
          },
          {
            "id_sensore": 154,
            "nome_sensore": "11SAZ_AC05",
            "canali_sensore": "10, 11",
            "tipo_sensore": "Accelerometro biassiale",
            "parametro_misurato_sensore": "Accelerazione",
            "unita_misura_sensore": "g",
            "quota_sensore": "9.00",
            "stato_sensore": "ATTIVO",
            "stato_funzionamento_sensore": "OPERATIVO",
            "finanziato_mase": "NO",
            "data_attivazione_sensore": null,
            "data_dismissione_sensore": null,
            "ultima_lettura_sensore": null
          },
          {
            "id_sensore": 155,
            "nome_sensore": "11SAZ_AC06",
            "canali_sensore": "12, 13",
            "tipo_sensore": "Accelerometro biassiale",
            "parametro_misurato_sensore": "Accelerazione",
            "unita_misura_sensore": "g",
            "quota_sensore": "9.00",
            "stato_sensore": "ATTIVO",
            "stato_funzionamento_sensore": "OPERATIVO",
            "finanziato_mase": "NO",
            "data_attivazione_sensore": null,
            "data_dismissione_sensore": null,
            "ultima_lettura_sensore": null
          },
          {
            "id_sensore": 156,
            "nome_sensore": "11SAZ_AC07",
            "canali_sensore": "14",
            "tipo_sensore": "Accelerometro monoassiale",
            "parametro_misurato_sensore": "Accelerazione",
            "unita_misura_sensore": "g",
            "quota_sensore": "3.00",
            "stato_sensore": "ATTIVO",
            "stato_funzionamento_sensore": "OPERATIVO",
            "finanziato_mase": "NO",
            "data_attivazione_sensore": null,
            "data_dismissione_sensore": null,
            "ultima_lettura_sensore": null
          },
          {
            "id_sensore": 157,
            "nome_sensore": "11SAZ_AC08",
            "canali_sensore": "15",
            "tipo_sensore": "Accelerometro monoassiale",
            "parametro_misurato_sensore": "Accelerazione",
            "unita_misura_sensore": "g",
            "quota_sensore": "6.00",
            "stato_sensore": "ATTIVO",
            "stato_funzionamento_sensore": "OPERATIVO",
            "finanziato_mase": "NO",
            "data_attivazione_sensore": null,
            "data_dismissione_sensore": null,
            "ultima_lettura_sensore": null
          },
          {
            "id_sensore": 158,
            "nome_sensore": "11SAZ_AC09",
            "canali_sensore": "16",
            "tipo_sensore": "Accelerometro monoassiale",
            "parametro_misurato_sensore": "Accelerazione",
            "unita_misura_sensore": "g",
            "quota_sensore": "6.00",
            "stato_sensore": "ATTIVO",
            "stato_funzionamento_sensore": "OPERATIVO",
            "finanziato_mase": "NO",
            "data_attivazione_sensore": null,
            "data_dismissione_sensore": null,
            "ultima_lettura_sensore": null
          }
        ],
        "sensors_count": 9
      }
    },
    {
      "type": "Feature",
      "geometry": {
        "type": "Point",
        "coordinates": [
          10.1317,
          44.239
        ]
      },
      "properties": {
        "id": 12,
        "net_staz_name": "12OFI",
        "nome": "Ospedale Civile ''S. Antonio Abate'' ",
        "network": "GeoSIG",
        "regione": "TOSCANA",
        "provincia": "MASSA-CARRARA",
        "comune": "FIVIZZANO",
        "indirizzo": "Salita San Francesco, 1",
        "tipologia": "Edificio in cemento armato ",
        "id_tipologia": 1,
        "classificazione": "OSPEDALE",
        "sistema": "DETTAGLIATO",
        "connessione": "ADSL",
        "ip": "10.10.4.205",
        "zona_sismica": 2,
        "stato": "A",
        "nome_checkmk": null,
        "fem": "SI",
        "f1": 5,
        "f2": 6,
        "f3": "6.427",
        "acquisitore_serial_number": null,
        "acquisitore_centralina": null,
        "acquisitore_soglia_trigger_g": null,
        "sensors": [
          {
            "id_sensore": 159,
            "nome_sensore": "12OFI_AC01",
            "canali_sensore": "1, 2, 3",
            "tipo_sensore": "Accelerometro triassiale",
            "parametro_misurato_sensore": "Accelerazione",
            "unita_misura_sensore": "g",
            "quota_sensore": "0.00",
            "stato_sensore": "ATTIVO",
            "stato_funzionamento_sensore": "OPERATIVO",
            "finanziato_mase": "NO",
            "data_attivazione_sensore": null,
            "data_dismissione_sensore": null,
            "ultima_lettura_sensore": null
          },
          {
            "id_sensore": 160,
            "nome_sensore": "12OFI_AC02",
            "canali_sensore": "4, 5",
            "tipo_sensore": "Accelerometro biassiale",
            "parametro_misurato_sensore": "Accelerazione",
            "unita_misura_sensore": "g",
            "quota_sensore": "13.57",
            "stato_sensore": "ATTIVO",
            "stato_funzionamento_sensore": "OPERATIVO",
            "finanziato_mase": "NO",
            "data_attivazione_sensore": null,
            "data_dismissione_sensore": null,
            "ultima_lettura_sensore": null
          },
          {
            "id_sensore": 161,
            "nome_sensore": "12OFI_AC03",
            "canali_sensore": "7, 8",
            "tipo_sensore": "Accelerometro biassiale",
            "parametro_misurato_sensore": "Accelerazione",
            "unita_misura_sensore": "g",
            "quota_sensore": "3.26",
            "stato_sensore": "ATTIVO",
            "stato_funzionamento_sensore": "OPERATIVO",
            "finanziato_mase": "NO",
            "data_attivazione_sensore": null,
            "data_dismissione_sensore": null,
            "ultima_lettura_sensore": null
          },
          {
            "id_sensore": 162,
            "nome_sensore": "12OFI_AC04",
            "canali_sensore": "9, 10",
            "tipo_sensore": "Accelerometro biassiale",
            "parametro_misurato_sensore": "Accelerazione",
            "unita_misura_sensore": "g",
            "quota_sensore": "6.96",
            "stato_sensore": "ATTIVO",
            "stato_funzionamento_sensore": "OPERATIVO",
            "finanziato_mase": "NO",
            "data_attivazione_sensore": null,
            "data_dismissione_sensore": null,
            "ultima_lettura_sensore": null
          },
          {
            "id_sensore": 163,
            "nome_sensore": "12OFI_AC05",
            "canali_sensore": "11, 12",
            "tipo_sensore": "Accelerometro biassiale",
            "parametro_misurato_sensore": "Accelerazione",
            "unita_misura_sensore": "g",
            "quota_sensore": "10.30",
            "stato_sensore": "ATTIVO",
            "stato_funzionamento_sensore": "OPERATIVO",
            "finanziato_mase": "NO",
            "data_attivazione_sensore": null,
            "data_dismissione_sensore": null,
            "ultima_lettura_sensore": null
          },
          {
            "id_sensore": 164,
            "nome_sensore": "12OFI_AC06",
            "canali_sensore": "13, 14",
            "tipo_sensore": "Accelerometro biassiale",
            "parametro_misurato_sensore": "Accelerazione",
            "unita_misura_sensore": "g",
            "quota_sensore": "13.57",
            "stato_sensore": "ATTIVO",
            "stato_funzionamento_sensore": "OPERATIVO",
            "finanziato_mase": "NO",
            "data_attivazione_sensore": null,
            "data_dismissione_sensore": null,
            "ultima_lettura_sensore": null
          },
          {
            "id_sensore": 165,
            "nome_sensore": "12OFI_AC07",
            "canali_sensore": "6, 15",
            "tipo_sensore": "Accelerometro biassiale",
            "parametro_misurato_sensore": "Accelerazione",
            "unita_misura_sensore": "g",
            "quota_sensore": "10.30",
            "stato_sensore": "ATTIVO",
            "stato_funzionamento_sensore": "OPERATIVO",
            "finanziato_mase": "NO",
            "data_attivazione_sensore": null,
            "data_dismissione_sensore": null,
            "ultima_lettura_sensore": null
          },
          {
            "id_sensore": 166,
            "nome_sensore": "12OFI_AC08",
            "canali_sensore": "16, 17",
            "tipo_sensore": "Accelerometro biassiale",
            "parametro_misurato_sensore": "Accelerazione",
            "unita_misura_sensore": "g",
            "quota_sensore": "6.96",
            "stato_sensore": "ATTIVO",
            "stato_funzionamento_sensore": "OPERATIVO",
            "finanziato_mase": "NO",
            "data_attivazione_sensore": null,
            "data_dismissione_sensore": null,
            "ultima_lettura_sensore": null
          },
          {
            "id_sensore": 699,
            "nome_sensore": "12OFI_LVDT1",
            "canali_sensore": "18",
            "tipo_sensore": "Trasduttore di spostamento",
            "parametro_misurato_sensore": "Spostamento",
            "unita_misura_sensore": "mm",
            "quota_sensore": "13.57",
            "stato_sensore": "ATTIVO",
            "stato_funzionamento_sensore": "OPERATIVO",
            "finanziato_mase": "NO",
            "data_attivazione_sensore": null,
            "data_dismissione_sensore": null,
            "ultima_lettura_sensore": null
          }
        ],
        "sensors_count": 9
      }
    },
    {
      "type": "Feature",
      "geometry": {
        "type": "Point",
        "coordinates": [
          10.1757,
          44.2013
        ]
      },
      "properties": {
        "id": 13,
        "net_staz_name": "13MCA",
        "nome": "Municipio e Scuola Elementare e Media di Casola",
        "network": "GeoSIG",
        "regione": "TOSCANA",
        "provincia": "MASSA-CARRARA",
        "comune": "CASOLA IN LUNIGIANA",
        "indirizzo": "Casola Capoluogo, 1",
        "tipologia": "Edificio in cemento armato",
        "id_tipologia": 1,
        "classificazione": "MUNICIPIO",
        "sistema": "DETTAGLIATO",
        "connessione": "Rete Dati",
        "ip": "192.168.34.2",
        "zona_sismica": 2,
        "stato": "A",
        "nome_checkmk": null,
        "fem": "SI",
        "f1": 6,
        "f2": 6,
        "f3": "8.120",
        "acquisitore_serial_number": null,
        "acquisitore_centralina": null,
        "acquisitore_soglia_trigger_g": null,
        "sensors": [
          {
            "id_sensore": 167,
            "nome_sensore": "13MCA_AC01",
            "canali_sensore": "1, 2, 3",
            "tipo_sensore": "Accelerometro triassiale",
            "parametro_misurato_sensore": "Accelerazione",
            "unita_misura_sensore": "g",
            "quota_sensore": "0.00",
            "stato_sensore": "ATTIVO",
            "stato_funzionamento_sensore": "OPERATIVO",
            "finanziato_mase": "NO",
            "data_attivazione_sensore": null,
            "data_dismissione_sensore": null,
            "ultima_lettura_sensore": null
          },
          {
            "id_sensore": 168,
            "nome_sensore": "13MCA_AC02",
            "canali_sensore": "4, 5, 6",
            "tipo_sensore": "Accelerometro triassiale",
            "parametro_misurato_sensore": "Accelerazione",
            "unita_misura_sensore": "g",
            "quota_sensore": "13.00",
            "stato_sensore": "ATTIVO",
            "stato_funzionamento_sensore": "OPERATIVO",
            "finanziato_mase": "NO",
            "data_attivazione_sensore": null,
            "data_dismissione_sensore": null,
            "ultima_lettura_sensore": null
          },
          {
            "id_sensore": 169,
            "nome_sensore": "13MCA_AC03",
            "canali_sensore": "7, 8",
            "tipo_sensore": "Accelerometro biassiale",
            "parametro_misurato_sensore": "Accelerazione",
            "unita_misura_sensore": "g",
            "quota_sensore": "6.00",
            "stato_sensore": "ATTIVO",
            "stato_funzionamento_sensore": "OPERATIVO",
            "finanziato_mase": "NO",
            "data_attivazione_sensore": null,
            "data_dismissione_sensore": null,
            "ultima_lettura_sensore": null
          },
          {
            "id_sensore": 170,
            "nome_sensore": "13MCA_AC04",
            "canali_sensore": "9, 10",
            "tipo_sensore": "Accelerometro biassiale",
            "parametro_misurato_sensore": "Accelerazione",
            "unita_misura_sensore": "g",
            "quota_sensore": "6.00",
            "stato_sensore": "ATTIVO",
            "stato_funzionamento_sensore": "OPERATIVO",
            "finanziato_mase": "NO",
            "data_attivazione_sensore": null,
            "data_dismissione_sensore": null,
            "ultima_lettura_sensore": null
          },
          {
            "id_sensore": 171,
            "nome_sensore": "13MCA_AC05",
            "canali_sensore": "11, 12",
            "tipo_sensore": "Accelerometro biassiale",
            "parametro_misurato_sensore": "Accelerazione",
            "unita_misura_sensore": "g",
            "quota_sensore": "9.50",
            "stato_sensore": "ATTIVO",
            "stato_funzionamento_sensore": "OPERATIVO",
            "finanziato_mase": "NO",
            "data_attivazione_sensore": null,
            "data_dismissione_sensore": null,
            "ultima_lettura_sensore": null
          },
          {
            "id_sensore": 172,
            "nome_sensore": "13MCA_AC06",
            "canali_sensore": "13, 14",
            "tipo_sensore": "Accelerometro biassiale",
            "parametro_misurato_sensore": "Accelerazione",
            "unita_misura_sensore": "g",
            "quota_sensore": "13.00",
            "stato_sensore": "ATTIVO",
            "stato_funzionamento_sensore": "OPERATIVO",
            "finanziato_mase": "NO",
            "data_attivazione_sensore": null,
            "data_dismissione_sensore": null,
            "ultima_lettura_sensore": null
          },
          {
            "id_sensore": 173,
            "nome_sensore": "13MCA_AC07",
            "canali_sensore": "15",
            "tipo_sensore": "Accelerometro monoassiale",
            "parametro_misurato_sensore": "Accelerazione",
            "unita_misura_sensore": "g",
            "quota_sensore": "6.00",
            "stato_sensore": "ATTIVO",
            "stato_funzionamento_sensore": "OPERATIVO",
            "finanziato_mase": "NO",
            "data_attivazione_sensore": null,
            "data_dismissione_sensore": null,
            "ultima_lettura_sensore": null
          },
          {
            "id_sensore": 174,
            "nome_sensore": "13MCA_AC08",
            "canali_sensore": "16",
            "tipo_sensore": "Accelerometro monoassiale",
            "parametro_misurato_sensore": "Accelerazione",
            "unita_misura_sensore": "g",
            "quota_sensore": "6.00",
            "stato_sensore": "ATTIVO",
            "stato_funzionamento_sensore": "OPERATIVO",
            "finanziato_mase": "NO",
            "data_attivazione_sensore": null,
            "data_dismissione_sensore": null,
            "ultima_lettura_sensore": null
          },
          {
            "id_sensore": 175,
            "nome_sensore": "13MCA_AC09",
            "canali_sensore": "17",
            "tipo_sensore": "Accelerometro monoassiale",
            "parametro_misurato_sensore": "Accelerazione",
            "unita_misura_sensore": "g",
            "quota_sensore": "9.50",
            "stato_sensore": "ATTIVO",
            "stato_funzionamento_sensore": "OPERATIVO",
            "finanziato_mase": "NO",
            "data_attivazione_sensore": null,
            "data_dismissione_sensore": null,
            "ultima_lettura_sensore": null
          },
          {
            "id_sensore": 176,
            "nome_sensore": "13MCA_AC10",
            "canali_sensore": "18",
            "tipo_sensore": "Accelerometro monoassiale",
            "parametro_misurato_sensore": "Accelerazione",
            "unita_misura_sensore": "g",
            "quota_sensore": "6.00",
            "stato_sensore": "ATTIVO",
            "stato_funzionamento_sensore": "OPERATIVO",
            "finanziato_mase": "NO",
            "data_attivazione_sensore": null,
            "data_dismissione_sensore": null,
            "ultima_lettura_sensore": null
          },
          {
            "id_sensore": 177,
            "nome_sensore": "13MCA_AC11",
            "canali_sensore": "19",
            "tipo_sensore": "Accelerometro monoassiale",
            "parametro_misurato_sensore": "Accelerazione",
            "unita_misura_sensore": "g",
            "quota_sensore": "9.50",
            "stato_sensore": "ATTIVO",
            "stato_funzionamento_sensore": "OPERATIVO",
            "finanziato_mase": "NO",
            "data_attivazione_sensore": null,
            "data_dismissione_sensore": null,
            "ultima_lettura_sensore": null
          },
          {
            "id_sensore": 178,
            "nome_sensore": "13MCA_AC12",
            "canali_sensore": "20",
            "tipo_sensore": "Accelerometro monoassiale",
            "parametro_misurato_sensore": "Accelerazione",
            "unita_misura_sensore": "g",
            "quota_sensore": "13.00",
            "stato_sensore": "ATTIVO",
            "stato_funzionamento_sensore": "OPERATIVO",
            "finanziato_mase": "NO",
            "data_attivazione_sensore": null,
            "data_dismissione_sensore": null,
            "ultima_lettura_sensore": null
          },
          {
            "id_sensore": 179,
            "nome_sensore": "13MCA_AC13",
            "canali_sensore": "21",
            "tipo_sensore": "Accelerometro monoassiale",
            "parametro_misurato_sensore": "Accelerazione",
            "unita_misura_sensore": "g",
            "quota_sensore": "9.50",
            "stato_sensore": "ATTIVO",
            "stato_funzionamento_sensore": "OPERATIVO",
            "finanziato_mase": "NO",
            "data_attivazione_sensore": null,
            "data_dismissione_sensore": null,
            "ultima_lettura_sensore": null
          },
          {
            "id_sensore": 180,
            "nome_sensore": "13MCA_AC14",
            "canali_sensore": "22",
            "tipo_sensore": "Accelerometro monoassiale",
            "parametro_misurato_sensore": "Accelerazione",
            "unita_misura_sensore": "g",
            "quota_sensore": "13.00",
            "stato_sensore": "ATTIVO",
            "stato_funzionamento_sensore": "OPERATIVO",
            "finanziato_mase": "NO",
            "data_attivazione_sensore": null,
            "data_dismissione_sensore": null,
            "ultima_lettura_sensore": null
          }
        ],
        "sensors_count": 14
      }
    },
    {
      "type": "Feature",
      "geometry": {
        "type": "Point",
        "coordinates": [
          10.0415,
          44.2655
        ]
      },
      "properties": {
        "id": 14,
        "net_staz_name": "14LIC",
        "nome": "Scuola Media \"Iginio Cocchi\" ",
        "network": "GeoSIG",
        "regione": "TOSCANA",
        "provincia": "MASSA-CARRARA",
        "comune": "LICCIANA NARDI",
        "indirizzo": "Via Roma, 34",
        "tipologia": "Edificio in cemento armato ",
        "id_tipologia": 1,
        "classificazione": "SCUOLA",
        "sistema": "DETTAGLIATO",
        "connessione": "ADSL",
        "ip": "10.10.3.13",
        "zona_sismica": 2,
        "stato": "A",
        "nome_checkmk": null,
        "fem": "SI",
        "f1": 8,
        "f2": 8,
        "f3": "8.550",
        "acquisitore_serial_number": null,
        "acquisitore_centralina": null,
        "acquisitore_soglia_trigger_g": null,
        "sensors": [
          {
            "id_sensore": 181,
            "nome_sensore": "14LIC_AC01",
            "canali_sensore": "1, 2, 3",
            "tipo_sensore": "Accelerometro triassiale",
            "parametro_misurato_sensore": "Accelerazione",
            "unita_misura_sensore": "g",
            "quota_sensore": "0.00",
            "stato_sensore": "ATTIVO",
            "stato_funzionamento_sensore": "OPERATIVO",
            "finanziato_mase": "NO",
            "data_attivazione_sensore": null,
            "data_dismissione_sensore": null,
            "ultima_lettura_sensore": null
          },
          {
            "id_sensore": 182,
            "nome_sensore": "14LIC_AC02",
            "canali_sensore": "4, 5, 6",
            "tipo_sensore": "Accelerometro triassiale",
            "parametro_misurato_sensore": "Accelerazione",
            "unita_misura_sensore": "g",
            "quota_sensore": "7.35",
            "stato_sensore": "ATTIVO",
            "stato_funzionamento_sensore": "OPERATIVO",
            "finanziato_mase": "NO",
            "data_attivazione_sensore": null,
            "data_dismissione_sensore": null,
            "ultima_lettura_sensore": null
          },
          {
            "id_sensore": 183,
            "nome_sensore": "14LIC_AC03",
            "canali_sensore": "7, 8",
            "tipo_sensore": "Accelerometro biassiale",
            "parametro_misurato_sensore": "Accelerazione",
            "unita_misura_sensore": "g",
            "quota_sensore": "3.60",
            "stato_sensore": "ATTIVO",
            "stato_funzionamento_sensore": "OPERATIVO",
            "finanziato_mase": "NO",
            "data_attivazione_sensore": null,
            "data_dismissione_sensore": null,
            "ultima_lettura_sensore": null
          },
          {
            "id_sensore": 184,
            "nome_sensore": "14LIC_AC04",
            "canali_sensore": "9, 10",
            "tipo_sensore": "Accelerometro biassiale",
            "parametro_misurato_sensore": "Accelerazione",
            "unita_misura_sensore": "g",
            "quota_sensore": "7.35",
            "stato_sensore": "ATTIVO",
            "stato_funzionamento_sensore": "OPERATIVO",
            "finanziato_mase": "NO",
            "data_attivazione_sensore": null,
            "data_dismissione_sensore": null,
            "ultima_lettura_sensore": null
          },
          {
            "id_sensore": 185,
            "nome_sensore": "14LIC_AC05",
            "canali_sensore": "11",
            "tipo_sensore": "Accelerometro monoassiale",
            "parametro_misurato_sensore": "Accelerazione",
            "unita_misura_sensore": "g",
            "quota_sensore": "3.60",
            "stato_sensore": "ATTIVO",
            "stato_funzionamento_sensore": "OPERATIVO",
            "finanziato_mase": "NO",
            "data_attivazione_sensore": null,
            "data_dismissione_sensore": null,
            "ultima_lettura_sensore": null
          },
          {
            "id_sensore": 186,
            "nome_sensore": "14LIC_AC06",
            "canali_sensore": "12",
            "tipo_sensore": "Accelerometro monoassiale",
            "parametro_misurato_sensore": "Accelerazione",
            "unita_misura_sensore": "g",
            "quota_sensore": "3.60",
            "stato_sensore": "ATTIVO",
            "stato_funzionamento_sensore": "OPERATIVO",
            "finanziato_mase": "NO",
            "data_attivazione_sensore": null,
            "data_dismissione_sensore": null,
            "ultima_lettura_sensore": null
          },
          {
            "id_sensore": 187,
            "nome_sensore": "14LIC_AC07",
            "canali_sensore": "13",
            "tipo_sensore": "Accelerometro monoassiale",
            "parametro_misurato_sensore": "Accelerazione",
            "unita_misura_sensore": "g",
            "quota_sensore": "7.35",
            "stato_sensore": "ATTIVO",
            "stato_funzionamento_sensore": "OPERATIVO",
            "finanziato_mase": "NO",
            "data_attivazione_sensore": null,
            "data_dismissione_sensore": null,
            "ultima_lettura_sensore": null
          },
          {
            "id_sensore": 188,
            "nome_sensore": "14LIC_AC08",
            "canali_sensore": "14",
            "tipo_sensore": "Accelerometro monoassiale",
            "parametro_misurato_sensore": "Accelerazione",
            "unita_misura_sensore": "g",
            "quota_sensore": "3.60",
            "stato_sensore": "ATTIVO",
            "stato_funzionamento_sensore": "OPERATIVO",
            "finanziato_mase": "NO",
            "data_attivazione_sensore": null,
            "data_dismissione_sensore": null,
            "ultima_lettura_sensore": null
          },
          {
            "id_sensore": 189,
            "nome_sensore": "14LIC_AC09",
            "canali_sensore": "15",
            "tipo_sensore": "Accelerometro monoassiale",
            "parametro_misurato_sensore": "Accelerazione",
            "unita_misura_sensore": "g",
            "quota_sensore": "7.35",
            "stato_sensore": "ATTIVO",
            "stato_funzionamento_sensore": "OPERATIVO",
            "finanziato_mase": "NO",
            "data_attivazione_sensore": null,
            "data_dismissione_sensore": null,
            "ultima_lettura_sensore": null
          },
          {
            "id_sensore": 190,
            "nome_sensore": "14LIC_AC10",
            "canali_sensore": "16",
            "tipo_sensore": "Accelerometro monoassiale",
            "parametro_misurato_sensore": "Accelerazione",
            "unita_misura_sensore": "g",
            "quota_sensore": "7.35",
            "stato_sensore": "ATTIVO",
            "stato_funzionamento_sensore": "OPERATIVO",
            "finanziato_mase": "NO",
            "data_attivazione_sensore": null,
            "data_dismissione_sensore": null,
            "ultima_lettura_sensore": null
          }
        ],
        "sensors_count": 10
      }
    },
    {
      "type": "Feature",
      "geometry": {
        "type": "Point",
        "coordinates": [
          12.3665,
          43.0936
        ]
      },
      "properties": {
        "id": 16,
        "net_staz_name": "16IPE",
        "nome": "Ist. Edilizia Residenziale Pubblica",
        "network": "GeoSIG",
        "regione": "UMBRIA",
        "provincia": "PERUGIA",
        "comune": "PERUGIA",
        "indirizzo": "Via Galileo Ferraris, 13",
        "tipologia": "Edificio in cemento armato ",
        "id_tipologia": 1,
        "classificazione": "ALTRO EDIFICIO",
        "sistema": "DETTAGLIATO",
        "connessione": "ADSL",
        "ip": "10.10.2.85",
        "zona_sismica": 2,
        "stato": "A",
        "nome_checkmk": null,
        "fem": "SI",
        "f1": 4,
        "f2": 5,
        "f3": "4.737",
        "acquisitore_serial_number": null,
        "acquisitore_centralina": null,
        "acquisitore_soglia_trigger_g": null,
        "sensors": [
          {
            "id_sensore": 202,
            "nome_sensore": "16IPE_AC01",
            "canali_sensore": "1, 2, 3",
            "tipo_sensore": "Accelerometro triassiale",
            "parametro_misurato_sensore": "Accelerazione",
            "unita_misura_sensore": "g",
            "quota_sensore": "0.00",
            "stato_sensore": "ATTIVO",
            "stato_funzionamento_sensore": "OPERATIVO",
            "finanziato_mase": "NO",
            "data_attivazione_sensore": null,
            "data_dismissione_sensore": null,
            "ultima_lettura_sensore": null
          },
          {
            "id_sensore": 203,
            "nome_sensore": "16IPE_AC02",
            "canali_sensore": "4, 5",
            "tipo_sensore": "Accelerometro biassiale",
            "parametro_misurato_sensore": "Accelerazione",
            "unita_misura_sensore": "g",
            "quota_sensore": "6.80",
            "stato_sensore": "ATTIVO",
            "stato_funzionamento_sensore": "OPERATIVO",
            "finanziato_mase": "NO",
            "data_attivazione_sensore": null,
            "data_dismissione_sensore": null,
            "ultima_lettura_sensore": null
          },
          {
            "id_sensore": 204,
            "nome_sensore": "16IPE_AC03",
            "canali_sensore": "6, 7",
            "tipo_sensore": "Accelerometro biassiale",
            "parametro_misurato_sensore": "Accelerazione",
            "unita_misura_sensore": "g",
            "quota_sensore": "6.80",
            "stato_sensore": "ATTIVO",
            "stato_funzionamento_sensore": "OPERATIVO",
            "finanziato_mase": "NO",
            "data_attivazione_sensore": null,
            "data_dismissione_sensore": null,
            "ultima_lettura_sensore": null
          },
          {
            "id_sensore": 205,
            "nome_sensore": "16IPE_AC04",
            "canali_sensore": "8, 9",
            "tipo_sensore": "Accelerometro biassiale",
            "parametro_misurato_sensore": "Accelerazione",
            "unita_misura_sensore": "g",
            "quota_sensore": "13.50",
            "stato_sensore": "ATTIVO",
            "stato_funzionamento_sensore": "OPERATIVO",
            "finanziato_mase": "NO",
            "data_attivazione_sensore": null,
            "data_dismissione_sensore": null,
            "ultima_lettura_sensore": null
          },
          {
            "id_sensore": 206,
            "nome_sensore": "16IPE_AC05",
            "canali_sensore": "10, 11",
            "tipo_sensore": "Accelerometro biassiale",
            "parametro_misurato_sensore": "Accelerazione",
            "unita_misura_sensore": "g",
            "quota_sensore": "13.50",
            "stato_sensore": "ATTIVO",
            "stato_funzionamento_sensore": "OPERATIVO",
            "finanziato_mase": "NO",
            "data_attivazione_sensore": null,
            "data_dismissione_sensore": null,
            "ultima_lettura_sensore": null
          },
          {
            "id_sensore": 207,
            "nome_sensore": "16IPE_AC06",
            "canali_sensore": "12, 13",
            "tipo_sensore": "Accelerometro biassiale",
            "parametro_misurato_sensore": "Accelerazione",
            "unita_misura_sensore": "g",
            "quota_sensore": "10.15",
            "stato_sensore": "ATTIVO",
            "stato_funzionamento_sensore": "OPERATIVO",
            "finanziato_mase": "NO",
            "data_attivazione_sensore": null,
            "data_dismissione_sensore": null,
            "ultima_lettura_sensore": null
          },
          {
            "id_sensore": 208,
            "nome_sensore": "16IPE_AC07",
            "canali_sensore": "14, 15",
            "tipo_sensore": "Accelerometro biassiale",
            "parametro_misurato_sensore": "Accelerazione",
            "unita_misura_sensore": "g",
            "quota_sensore": "16.85",
            "stato_sensore": "ATTIVO",
            "stato_funzionamento_sensore": "OPERATIVO",
            "finanziato_mase": "NO",
            "data_attivazione_sensore": null,
            "data_dismissione_sensore": null,
            "ultima_lettura_sensore": null
          },
          {
            "id_sensore": 209,
            "nome_sensore": "16IPE_AC08",
            "canali_sensore": "16, 17",
            "tipo_sensore": "Accelerometro biassiale",
            "parametro_misurato_sensore": "Accelerazione",
            "unita_misura_sensore": "g",
            "quota_sensore": "16.85",
            "stato_sensore": "ATTIVO",
            "stato_funzionamento_sensore": "OPERATIVO",
            "finanziato_mase": "NO",
            "data_attivazione_sensore": null,
            "data_dismissione_sensore": null,
            "ultima_lettura_sensore": null
          },
          {
            "id_sensore": 210,
            "nome_sensore": "16IPE_AC09",
            "canali_sensore": "18, 19",
            "tipo_sensore": "Accelerometro biassiale",
            "parametro_misurato_sensore": "Accelerazione",
            "unita_misura_sensore": "g",
            "quota_sensore": "10.15",
            "stato_sensore": "ATTIVO",
            "stato_funzionamento_sensore": "OPERATIVO",
            "finanziato_mase": "NO",
            "data_attivazione_sensore": null,
            "data_dismissione_sensore": null,
            "ultima_lettura_sensore": null
          },
          {
            "id_sensore": 211,
            "nome_sensore": "16IPE_AC10",
            "canali_sensore": "20, 21",
            "tipo_sensore": "Accelerometro biassiale",
            "parametro_misurato_sensore": "Accelerazione",
            "unita_misura_sensore": "g",
            "quota_sensore": "10.15",
            "stato_sensore": "ATTIVO",
            "stato_funzionamento_sensore": "OPERATIVO",
            "finanziato_mase": "NO",
            "data_attivazione_sensore": null,
            "data_dismissione_sensore": null,
            "ultima_lettura_sensore": null
          },
          {
            "id_sensore": 212,
            "nome_sensore": "16IPE_AC11",
            "canali_sensore": "22, 23",
            "tipo_sensore": "Accelerometro biassiale",
            "parametro_misurato_sensore": "Accelerazione",
            "unita_misura_sensore": "g",
            "quota_sensore": "10.15",
            "stato_sensore": "ATTIVO",
            "stato_funzionamento_sensore": "OPERATIVO",
            "finanziato_mase": "NO",
            "data_attivazione_sensore": null,
            "data_dismissione_sensore": null,
            "ultima_lettura_sensore": null
          },
          {
            "id_sensore": 213,
            "nome_sensore": "16IPE_AC12",
            "canali_sensore": "24",
            "tipo_sensore": "Accelerometro monoassiale",
            "parametro_misurato_sensore": "Accelerazione",
            "unita_misura_sensore": "g",
            "quota_sensore": "10.15",
            "stato_sensore": "ATTIVO",
            "stato_funzionamento_sensore": "OPERATIVO",
            "finanziato_mase": "NO",
            "data_attivazione_sensore": null,
            "data_dismissione_sensore": null,
            "ultima_lettura_sensore": null
          },
          {
            "id_sensore": 214,
            "nome_sensore": "16IPE_AC13",
            "canali_sensore": "25",
            "tipo_sensore": "Accelerometro monoassiale",
            "parametro_misurato_sensore": "Accelerazione",
            "unita_misura_sensore": "g",
            "quota_sensore": "10.15",
            "stato_sensore": "ATTIVO",
            "stato_funzionamento_sensore": "OPERATIVO",
            "finanziato_mase": "NO",
            "data_attivazione_sensore": null,
            "data_dismissione_sensore": null,
            "ultima_lettura_sensore": null
          },
          {
            "id_sensore": 215,
            "nome_sensore": "16IPE_AC14",
            "canali_sensore": "26",
            "tipo_sensore": "Accelerometro monoassiale",
            "parametro_misurato_sensore": "Accelerazione",
            "unita_misura_sensore": "g",
            "quota_sensore": "10.15",
            "stato_sensore": "ATTIVO",
            "stato_funzionamento_sensore": "OPERATIVO",
            "finanziato_mase": "NO",
            "data_attivazione_sensore": null,
            "data_dismissione_sensore": null,
            "ultima_lettura_sensore": null
          },
          {
            "id_sensore": 216,
            "nome_sensore": "16IPE_AC15",
            "canali_sensore": "27",
            "tipo_sensore": "Accelerometro monoassiale",
            "parametro_misurato_sensore": "Accelerazione",
            "unita_misura_sensore": "g",
            "quota_sensore": "10.15",
            "stato_sensore": "ATTIVO",
            "stato_funzionamento_sensore": "OPERATIVO",
            "finanziato_mase": "NO",
            "data_attivazione_sensore": null,
            "data_dismissione_sensore": null,
            "ultima_lettura_sensore": null
          },
          {
            "id_sensore": 217,
            "nome_sensore": "16IPE_AC16",
            "canali_sensore": "28",
            "tipo_sensore": "Accelerometro monoassiale",
            "parametro_misurato_sensore": "Accelerazione",
            "unita_misura_sensore": "g",
            "quota_sensore": "16.85",
            "stato_sensore": "ATTIVO",
            "stato_funzionamento_sensore": "OPERATIVO",
            "finanziato_mase": "NO",
            "data_attivazione_sensore": null,
            "data_dismissione_sensore": null,
            "ultima_lettura_sensore": null
          },
          {
            "id_sensore": 218,
            "nome_sensore": "16IPE_AC17",
            "canali_sensore": "29",
            "tipo_sensore": "Accelerometro monoassiale",
            "parametro_misurato_sensore": "Accelerazione",
            "unita_misura_sensore": "g",
            "quota_sensore": "16.85",
            "stato_sensore": "ATTIVO",
            "stato_funzionamento_sensore": "OPERATIVO",
            "finanziato_mase": "NO",
            "data_attivazione_sensore": null,
            "data_dismissione_sensore": null,
            "ultima_lettura_sensore": null
          }
        ],
        "sensors_count": 17
      }
    },
    {
      "type": "Feature",
      "geometry": {
        "type": "Point",
        "coordinates": [
          12.0339,
          44.2185
        ]
      },
      "properties": {
        "id": 17,
        "net_staz_name": "17SFO",
        "nome": "Liceo Artistico e Musicale Statale Canova ",
        "network": "GeoSIG",
        "regione": "EMILIA-ROMAGNA",
        "provincia": "FORLI'-CESENA",
        "comune": "FORLI'",
        "indirizzo": "Viale Livio Salinatore, 17",
        "tipologia": "Edificio in muratura ",
        "id_tipologia": 2,
        "classificazione": "SCUOLA",
        "sistema": "DETTAGLIATO",
        "connessione": "ADSL",
        "ip": "10.10.1.245",
        "zona_sismica": 2,
        "stato": "A",
        "nome_checkmk": null,
        "fem": "SI",
        "f1": 3,
        "f2": 5,
        "f3": "6.300",
        "acquisitore_serial_number": null,
        "acquisitore_centralina": null,
        "acquisitore_soglia_trigger_g": null,
        "sensors": [
          {
            "id_sensore": 219,
            "nome_sensore": "17SFO_AC01",
            "canali_sensore": "1, 2, 3",
            "tipo_sensore": "Accelerometro triassiale",
            "parametro_misurato_sensore": "Accelerazione",
            "unita_misura_sensore": "g",
            "quota_sensore": "0.00",
            "stato_sensore": "ATTIVO",
            "stato_funzionamento_sensore": "OPERATIVO",
            "finanziato_mase": "NO",
            "data_attivazione_sensore": null,
            "data_dismissione_sensore": null,
            "ultima_lettura_sensore": null
          },
          {
            "id_sensore": 220,
            "nome_sensore": "17SFO_AC02",
            "canali_sensore": "4, 5",
            "tipo_sensore": "Accelerometro biassiale",
            "parametro_misurato_sensore": "Accelerazione",
            "unita_misura_sensore": "g",
            "quota_sensore": "3.00",
            "stato_sensore": "ATTIVO",
            "stato_funzionamento_sensore": "OPERATIVO",
            "finanziato_mase": "NO",
            "data_attivazione_sensore": null,
            "data_dismissione_sensore": null,
            "ultima_lettura_sensore": null
          },
          {
            "id_sensore": 221,
            "nome_sensore": "17SFO_AC03",
            "canali_sensore": "6, 7",
            "tipo_sensore": "Accelerometro biassiale",
            "parametro_misurato_sensore": "Accelerazione",
            "unita_misura_sensore": "g",
            "quota_sensore": "6.00",
            "stato_sensore": "ATTIVO",
            "stato_funzionamento_sensore": "OPERATIVO",
            "finanziato_mase": "NO",
            "data_attivazione_sensore": null,
            "data_dismissione_sensore": null,
            "ultima_lettura_sensore": null
          },
          {
            "id_sensore": 222,
            "nome_sensore": "17SFO_AC04",
            "canali_sensore": "8, 9",
            "tipo_sensore": "Accelerometro biassiale",
            "parametro_misurato_sensore": "Accelerazione",
            "unita_misura_sensore": "g",
            "quota_sensore": "9.00",
            "stato_sensore": "ATTIVO",
            "stato_funzionamento_sensore": "OPERATIVO",
            "finanziato_mase": "NO",
            "data_attivazione_sensore": null,
            "data_dismissione_sensore": null,
            "ultima_lettura_sensore": null
          },
          {
            "id_sensore": 223,
            "nome_sensore": "17SFO_AC05",
            "canali_sensore": "10",
            "tipo_sensore": "Accelerometro monoassiale",
            "parametro_misurato_sensore": "Accelerazione",
            "unita_misura_sensore": "g",
            "quota_sensore": "3.00",
            "stato_sensore": "ATTIVO",
            "stato_funzionamento_sensore": "OPERATIVO",
            "finanziato_mase": "NO",
            "data_attivazione_sensore": null,
            "data_dismissione_sensore": null,
            "ultima_lettura_sensore": null
          },
          {
            "id_sensore": 224,
            "nome_sensore": "17SFO_AC06",
            "canali_sensore": "11",
            "tipo_sensore": "Accelerometro monoassiale",
            "parametro_misurato_sensore": "Accelerazione",
            "unita_misura_sensore": "g",
            "quota_sensore": "3.00",
            "stato_sensore": "ATTIVO",
            "stato_funzionamento_sensore": "OPERATIVO",
            "finanziato_mase": "NO",
            "data_attivazione_sensore": null,
            "data_dismissione_sensore": null,
            "ultima_lettura_sensore": null
          },
          {
            "id_sensore": 225,
            "nome_sensore": "17SFO_AC07",
            "canali_sensore": "12",
            "tipo_sensore": "Accelerometro monoassiale",
            "parametro_misurato_sensore": "Accelerazione",
            "unita_misura_sensore": "g",
            "quota_sensore": "3.00",
            "stato_sensore": "ATTIVO",
            "stato_funzionamento_sensore": "OPERATIVO",
            "finanziato_mase": "NO",
            "data_attivazione_sensore": null,
            "data_dismissione_sensore": null,
            "ultima_lettura_sensore": null
          },
          {
            "id_sensore": 226,
            "nome_sensore": "17SFO_AC08",
            "canali_sensore": "13",
            "tipo_sensore": "Accelerometro monoassiale",
            "parametro_misurato_sensore": "Accelerazione",
            "unita_misura_sensore": "g",
            "quota_sensore": "3.00",
            "stato_sensore": "ATTIVO",
            "stato_funzionamento_sensore": "OPERATIVO",
            "finanziato_mase": "NO",
            "data_attivazione_sensore": null,
            "data_dismissione_sensore": null,
            "ultima_lettura_sensore": null
          },
          {
            "id_sensore": 227,
            "nome_sensore": "17SFO_AC09",
            "canali_sensore": "14",
            "tipo_sensore": "Accelerometro monoassiale",
            "parametro_misurato_sensore": "Accelerazione",
            "unita_misura_sensore": "g",
            "quota_sensore": "6.00",
            "stato_sensore": "ATTIVO",
            "stato_funzionamento_sensore": "OPERATIVO",
            "finanziato_mase": "NO",
            "data_attivazione_sensore": null,
            "data_dismissione_sensore": null,
            "ultima_lettura_sensore": null
          },
          {
            "id_sensore": 228,
            "nome_sensore": "17SFO_AC10",
            "canali_sensore": "15",
            "tipo_sensore": "Accelerometro monoassiale",
            "parametro_misurato_sensore": "Accelerazione",
            "unita_misura_sensore": "g",
            "quota_sensore": "6.00",
            "stato_sensore": "ATTIVO",
            "stato_funzionamento_sensore": "OPERATIVO",
            "finanziato_mase": "NO",
            "data_attivazione_sensore": null,
            "data_dismissione_sensore": null,
            "ultima_lettura_sensore": null
          },
          {
            "id_sensore": 229,
            "nome_sensore": "17SFO_AC11",
            "canali_sensore": "16",
            "tipo_sensore": "Accelerometro monoassiale",
            "parametro_misurato_sensore": "Accelerazione",
            "unita_misura_sensore": "g",
            "quota_sensore": "9.00",
            "stato_sensore": "ATTIVO",
            "stato_funzionamento_sensore": "OPERATIVO",
            "finanziato_mase": "NO",
            "data_attivazione_sensore": null,
            "data_dismissione_sensore": null,
            "ultima_lettura_sensore": null
          },
          {
            "id_sensore": 230,
            "nome_sensore": "17SFO_AC12",
            "canali_sensore": "17",
            "tipo_sensore": "Accelerometro monoassiale",
            "parametro_misurato_sensore": "Accelerazione",
            "unita_misura_sensore": "g",
            "quota_sensore": "9.00",
            "stato_sensore": "ATTIVO",
            "stato_funzionamento_sensore": "OPERATIVO",
            "finanziato_mase": "NO",
            "data_attivazione_sensore": null,
            "data_dismissione_sensore": null,
            "ultima_lettura_sensore": null
          },
          {
            "id_sensore": 231,
            "nome_sensore": "17SFO_AC13",
            "canali_sensore": "18",
            "tipo_sensore": "Accelerometro monoassiale",
            "parametro_misurato_sensore": "Accelerazione",
            "unita_misura_sensore": "g",
            "quota_sensore": "9.00",
            "stato_sensore": "ATTIVO",
            "stato_funzionamento_sensore": "OPERATIVO",
            "finanziato_mase": "NO",
            "data_attivazione_sensore": null,
            "data_dismissione_sensore": null,
            "ultima_lettura_sensore": null
          },
          {
            "id_sensore": 232,
            "nome_sensore": "17SFO_AC14",
            "canali_sensore": "19",
            "tipo_sensore": "Accelerometro monoassiale",
            "parametro_misurato_sensore": "Accelerazione",
            "unita_misura_sensore": "g",
            "quota_sensore": "9.00",
            "stato_sensore": "ATTIVO",
            "stato_funzionamento_sensore": "OPERATIVO",
            "finanziato_mase": "NO",
            "data_attivazione_sensore": null,
            "data_dismissione_sensore": null,
            "ultima_lettura_sensore": null
          },
          {
            "id_sensore": 700,
            "nome_sensore": "17SFO_LVDT1",
            "canali_sensore": "20",
            "tipo_sensore": "Trasduttore di spostamento",
            "parametro_misurato_sensore": "Spostamento",
            "unita_misura_sensore": "mm",
            "quota_sensore": "9.00",
            "stato_sensore": "ATTIVO",
            "stato_funzionamento_sensore": "OPERATIVO",
            "finanziato_mase": "NO",
            "data_attivazione_sensore": null,
            "data_dismissione_sensore": null,
            "ultima_lettura_sensore": null
          }
        ],
        "sensors_count": 15
      }
    },
    {
      "type": "Feature",
      "geometry": {
        "type": "Point",
        "coordinates": [
          10.257,
          44.2172
        ]
      },
      "properties": {
        "id": 18,
        "net_staz_name": "18MGI",
        "nome": "Municipio di Giuncugnano ",
        "network": "GeoSIG",
        "regione": "TOSCANA",
        "provincia": "LUCCA",
        "comune": "GIUNCUGNANO",
        "indirizzo": "Via Roma 2",
        "tipologia": "Edificio in muratura",
        "id_tipologia": 2,
        "classificazione": "MUNICIPIO",
        "sistema": "DETTAGLIATO",
        "connessione": "Rete Dati",
        "ip": "192.168.90.2",
        "zona_sismica": 2,
        "stato": "A",
        "nome_checkmk": null,
        "fem": "SI",
        "f1": 7,
        "f2": 8,
        "f3": "10.740",
        "acquisitore_serial_number": null,
        "acquisitore_centralina": null,
        "acquisitore_soglia_trigger_g": null,
        "sensors": [
          {
            "id_sensore": 233,
            "nome_sensore": "18MGI_AC01",
            "canali_sensore": "1, 2, 3",
            "tipo_sensore": "Accelerometro triassiale",
            "parametro_misurato_sensore": "Accelerazione",
            "unita_misura_sensore": "g",
            "quota_sensore": "0.00",
            "stato_sensore": "ATTIVO",
            "stato_funzionamento_sensore": "OPERATIVO",
            "finanziato_mase": "NO",
            "data_attivazione_sensore": null,
            "data_dismissione_sensore": null,
            "ultima_lettura_sensore": null
          },
          {
            "id_sensore": 234,
            "nome_sensore": "18MGI_AC02",
            "canali_sensore": "4, 5",
            "tipo_sensore": "Accelerometro biassiale",
            "parametro_misurato_sensore": "Accelerazione",
            "unita_misura_sensore": "g",
            "quota_sensore": "6.08",
            "stato_sensore": "ATTIVO",
            "stato_funzionamento_sensore": "OPERATIVO",
            "finanziato_mase": "NO",
            "data_attivazione_sensore": null,
            "data_dismissione_sensore": null,
            "ultima_lettura_sensore": null
          },
          {
            "id_sensore": 235,
            "nome_sensore": "18MGI_AC03",
            "canali_sensore": "8, 9",
            "tipo_sensore": "Accelerometro biassiale",
            "parametro_misurato_sensore": "Accelerazione",
            "unita_misura_sensore": "g",
            "quota_sensore": "8.51",
            "stato_sensore": "ATTIVO",
            "stato_funzionamento_sensore": "OPERATIVO",
            "finanziato_mase": "NO",
            "data_attivazione_sensore": null,
            "data_dismissione_sensore": null,
            "ultima_lettura_sensore": null
          },
          {
            "id_sensore": 236,
            "nome_sensore": "18MGI_AC04",
            "canali_sensore": "6, 7",
            "tipo_sensore": "Accelerometro biassiale",
            "parametro_misurato_sensore": "Accelerazione",
            "unita_misura_sensore": "g",
            "quota_sensore": "8.51",
            "stato_sensore": "ATTIVO",
            "stato_funzionamento_sensore": "OPERATIVO",
            "finanziato_mase": "NO",
            "data_attivazione_sensore": null,
            "data_dismissione_sensore": null,
            "ultima_lettura_sensore": null
          },
          {
            "id_sensore": 237,
            "nome_sensore": "18MGI_AC05",
            "canali_sensore": "11",
            "tipo_sensore": "Accelerometro monoassiale",
            "parametro_misurato_sensore": "Accelerazione",
            "unita_misura_sensore": "g",
            "quota_sensore": "2.86",
            "stato_sensore": "ATTIVO",
            "stato_funzionamento_sensore": "OPERATIVO",
            "finanziato_mase": "NO",
            "data_attivazione_sensore": null,
            "data_dismissione_sensore": null,
            "ultima_lettura_sensore": null
          },
          {
            "id_sensore": 238,
            "nome_sensore": "18MGI_AC06",
            "canali_sensore": "10",
            "tipo_sensore": "Accelerometro monoassiale",
            "parametro_misurato_sensore": "Accelerazione",
            "unita_misura_sensore": "g",
            "quota_sensore": "2.90",
            "stato_sensore": "ATTIVO",
            "stato_funzionamento_sensore": "OPERATIVO",
            "finanziato_mase": "NO",
            "data_attivazione_sensore": null,
            "data_dismissione_sensore": null,
            "ultima_lettura_sensore": null
          },
          {
            "id_sensore": 239,
            "nome_sensore": "18MGI_AC07",
            "canali_sensore": "12",
            "tipo_sensore": "Accelerometro monoassiale",
            "parametro_misurato_sensore": "Accelerazione",
            "unita_misura_sensore": "g",
            "quota_sensore": "2.85",
            "stato_sensore": "ATTIVO",
            "stato_funzionamento_sensore": "OPERATIVO",
            "finanziato_mase": "NO",
            "data_attivazione_sensore": null,
            "data_dismissione_sensore": null,
            "ultima_lettura_sensore": null
          },
          {
            "id_sensore": 240,
            "nome_sensore": "18MGI_AC08",
            "canali_sensore": "13",
            "tipo_sensore": "Accelerometro monoassiale",
            "parametro_misurato_sensore": "Accelerazione",
            "unita_misura_sensore": "g",
            "quota_sensore": "2.81",
            "stato_sensore": "ATTIVO",
            "stato_funzionamento_sensore": "OPERATIVO",
            "finanziato_mase": "NO",
            "data_attivazione_sensore": null,
            "data_dismissione_sensore": null,
            "ultima_lettura_sensore": null
          },
          {
            "id_sensore": 241,
            "nome_sensore": "18MGI_AC09",
            "canali_sensore": "14",
            "tipo_sensore": "Accelerometro monoassiale",
            "parametro_misurato_sensore": "Accelerazione",
            "unita_misura_sensore": "g",
            "quota_sensore": "6.08",
            "stato_sensore": "ATTIVO",
            "stato_funzionamento_sensore": "OPERATIVO",
            "finanziato_mase": "NO",
            "data_attivazione_sensore": null,
            "data_dismissione_sensore": null,
            "ultima_lettura_sensore": null
          },
          {
            "id_sensore": 242,
            "nome_sensore": "18MGI_AC10",
            "canali_sensore": "15",
            "tipo_sensore": "Accelerometro monoassiale",
            "parametro_misurato_sensore": "Accelerazione",
            "unita_misura_sensore": "g",
            "quota_sensore": "4.22",
            "stato_sensore": "ATTIVO",
            "stato_funzionamento_sensore": "OPERATIVO",
            "finanziato_mase": "NO",
            "data_attivazione_sensore": null,
            "data_dismissione_sensore": null,
            "ultima_lettura_sensore": null
          },
          {
            "id_sensore": 243,
            "nome_sensore": "18MGI_AC11",
            "canali_sensore": "16",
            "tipo_sensore": "Accelerometro monoassiale",
            "parametro_misurato_sensore": "Accelerazione",
            "unita_misura_sensore": "g",
            "quota_sensore": "6.08",
            "stato_sensore": "ATTIVO",
            "stato_funzionamento_sensore": "OPERATIVO",
            "finanziato_mase": "NO",
            "data_attivazione_sensore": null,
            "data_dismissione_sensore": null,
            "ultima_lettura_sensore": null
          },
          {
            "id_sensore": 244,
            "nome_sensore": "18MGI_AC12",
            "canali_sensore": "17",
            "tipo_sensore": "Accelerometro monoassiale",
            "parametro_misurato_sensore": "Accelerazione",
            "unita_misura_sensore": "g",
            "quota_sensore": "6.08",
            "stato_sensore": "ATTIVO",
            "stato_funzionamento_sensore": "OPERATIVO",
            "finanziato_mase": "NO",
            "data_attivazione_sensore": null,
            "data_dismissione_sensore": null,
            "ultima_lettura_sensore": null
          },
          {
            "id_sensore": 245,
            "nome_sensore": "18MGI_AC13",
            "canali_sensore": "18",
            "tipo_sensore": "Accelerometro monoassiale",
            "parametro_misurato_sensore": "Accelerazione",
            "unita_misura_sensore": "g",
            "quota_sensore": "5.74",
            "stato_sensore": "ATTIVO",
            "stato_funzionamento_sensore": "OPERATIVO",
            "finanziato_mase": "NO",
            "data_attivazione_sensore": null,
            "data_dismissione_sensore": null,
            "ultima_lettura_sensore": null
          },
          {
            "id_sensore": 246,
            "nome_sensore": "18MGI_AC14",
            "canali_sensore": "19",
            "tipo_sensore": "Accelerometro monoassiale",
            "parametro_misurato_sensore": "Accelerazione",
            "unita_misura_sensore": "g",
            "quota_sensore": "8.46",
            "stato_sensore": "ATTIVO",
            "stato_funzionamento_sensore": "OPERATIVO",
            "finanziato_mase": "NO",
            "data_attivazione_sensore": null,
            "data_dismissione_sensore": null,
            "ultima_lettura_sensore": null
          },
          {
            "id_sensore": 247,
            "nome_sensore": "18MGI_AC15",
            "canali_sensore": "20",
            "tipo_sensore": "Accelerometro monoassiale",
            "parametro_misurato_sensore": "Accelerazione",
            "unita_misura_sensore": "g",
            "quota_sensore": "8.50",
            "stato_sensore": "ATTIVO",
            "stato_funzionamento_sensore": "OPERATIVO",
            "finanziato_mase": "NO",
            "data_attivazione_sensore": null,
            "data_dismissione_sensore": null,
            "ultima_lettura_sensore": null
          }
        ],
        "sensors_count": 15
      }
    },
    {
      "type": "Feature",
      "geometry": {
        "type": "Point",
        "coordinates": [
          10.3467,
          44.1686
        ]
      },
      "properties": {
        "id": 19,
        "net_staz_name": "19MSR",
        "nome": "Municipio di S. Romano ",
        "network": "GeoSIG",
        "regione": "TOSCANA",
        "provincia": "LUCCA",
        "comune": "SAN ROMANO IN GARFAGNANA",
        "indirizzo": "Via Roma, 9",
        "tipologia": "Edificio in muratura",
        "id_tipologia": 2,
        "classificazione": "MUNICIPIO",
        "sistema": "DETTAGLIATO",
        "connessione": "Rete Dati",
        "ip": "192.168.91.134",
        "zona_sismica": 2,
        "stato": "A",
        "nome_checkmk": null,
        "fem": "SI",
        "f1": 7,
        "f2": 8,
        "f3": "9.020",
        "acquisitore_serial_number": null,
        "acquisitore_centralina": null,
        "acquisitore_soglia_trigger_g": null,
        "sensors": [
          {
            "id_sensore": 248,
            "nome_sensore": "19MSR_AC01",
            "canali_sensore": "1, 2, 3",
            "tipo_sensore": "Accelerometro triassiale",
            "parametro_misurato_sensore": "Accelerazione",
            "unita_misura_sensore": "g",
            "quota_sensore": "0.00",
            "stato_sensore": "ATTIVO",
            "stato_funzionamento_sensore": "OPERATIVO",
            "finanziato_mase": "NO",
            "data_attivazione_sensore": null,
            "data_dismissione_sensore": null,
            "ultima_lettura_sensore": null
          },
          {
            "id_sensore": 249,
            "nome_sensore": "19MSR_AC02",
            "canali_sensore": "4, 5",
            "tipo_sensore": "Accelerometro biassiale",
            "parametro_misurato_sensore": "Accelerazione",
            "unita_misura_sensore": "g",
            "quota_sensore": "12.90",
            "stato_sensore": "ATTIVO",
            "stato_funzionamento_sensore": "OPERATIVO",
            "finanziato_mase": "NO",
            "data_attivazione_sensore": null,
            "data_dismissione_sensore": null,
            "ultima_lettura_sensore": null
          },
          {
            "id_sensore": 250,
            "nome_sensore": "19MSR_AC03",
            "canali_sensore": "6, 7",
            "tipo_sensore": "Accelerometro biassiale",
            "parametro_misurato_sensore": "Accelerazione",
            "unita_misura_sensore": "g",
            "quota_sensore": "12.90",
            "stato_sensore": "ATTIVO",
            "stato_funzionamento_sensore": "OPERATIVO",
            "finanziato_mase": "NO",
            "data_attivazione_sensore": null,
            "data_dismissione_sensore": null,
            "ultima_lettura_sensore": null
          },
          {
            "id_sensore": 251,
            "nome_sensore": "19MSR_AC04",
            "canali_sensore": "8",
            "tipo_sensore": "Accelerometro monoassiale",
            "parametro_misurato_sensore": "Accelerazione",
            "unita_misura_sensore": "g",
            "quota_sensore": "9.60",
            "stato_sensore": "ATTIVO",
            "stato_funzionamento_sensore": "OPERATIVO",
            "finanziato_mase": "NO",
            "data_attivazione_sensore": null,
            "data_dismissione_sensore": null,
            "ultima_lettura_sensore": null
          },
          {
            "id_sensore": 252,
            "nome_sensore": "19MSR_AC05",
            "canali_sensore": "9",
            "tipo_sensore": "Accelerometro monoassiale",
            "parametro_misurato_sensore": "Accelerazione",
            "unita_misura_sensore": "g",
            "quota_sensore": "6.20",
            "stato_sensore": "ATTIVO",
            "stato_funzionamento_sensore": "OPERATIVO",
            "finanziato_mase": "NO",
            "data_attivazione_sensore": null,
            "data_dismissione_sensore": null,
            "ultima_lettura_sensore": null
          },
          {
            "id_sensore": 253,
            "nome_sensore": "19MSR_AC06",
            "canali_sensore": "10",
            "tipo_sensore": "Accelerometro monoassiale",
            "parametro_misurato_sensore": "Accelerazione",
            "unita_misura_sensore": "g",
            "quota_sensore": "9.60",
            "stato_sensore": "ATTIVO",
            "stato_funzionamento_sensore": "OPERATIVO",
            "finanziato_mase": "NO",
            "data_attivazione_sensore": null,
            "data_dismissione_sensore": null,
            "ultima_lettura_sensore": null
          },
          {
            "id_sensore": 254,
            "nome_sensore": "19MSR_AC07",
            "canali_sensore": "11",
            "tipo_sensore": "Accelerometro monoassiale",
            "parametro_misurato_sensore": "Accelerazione",
            "unita_misura_sensore": "g",
            "quota_sensore": "9.60",
            "stato_sensore": "ATTIVO",
            "stato_funzionamento_sensore": "OPERATIVO",
            "finanziato_mase": "NO",
            "data_attivazione_sensore": null,
            "data_dismissione_sensore": null,
            "ultima_lettura_sensore": null
          },
          {
            "id_sensore": 255,
            "nome_sensore": "19MSR_AC08",
            "canali_sensore": "12",
            "tipo_sensore": "Accelerometro monoassiale",
            "parametro_misurato_sensore": "Accelerazione",
            "unita_misura_sensore": "g",
            "quota_sensore": "9.60",
            "stato_sensore": "ATTIVO",
            "stato_funzionamento_sensore": "OPERATIVO",
            "finanziato_mase": "NO",
            "data_attivazione_sensore": null,
            "data_dismissione_sensore": null,
            "ultima_lettura_sensore": null
          },
          {
            "id_sensore": 256,
            "nome_sensore": "19MSR_AC09",
            "canali_sensore": "13",
            "tipo_sensore": "Accelerometro monoassiale",
            "parametro_misurato_sensore": "Accelerazione",
            "unita_misura_sensore": "g",
            "quota_sensore": "9.60",
            "stato_sensore": "ATTIVO",
            "stato_funzionamento_sensore": "OPERATIVO",
            "finanziato_mase": "NO",
            "data_attivazione_sensore": null,
            "data_dismissione_sensore": null,
            "ultima_lettura_sensore": null
          },
          {
            "id_sensore": 257,
            "nome_sensore": "19MSR_AC10",
            "canali_sensore": "14",
            "tipo_sensore": "Accelerometro monoassiale",
            "parametro_misurato_sensore": "Accelerazione",
            "unita_misura_sensore": "g",
            "quota_sensore": "9.60",
            "stato_sensore": "ATTIVO",
            "stato_funzionamento_sensore": "OPERATIVO",
            "finanziato_mase": "NO",
            "data_attivazione_sensore": null,
            "data_dismissione_sensore": null,
            "ultima_lettura_sensore": null
          },
          {
            "id_sensore": 258,
            "nome_sensore": "19MSR_AC11",
            "canali_sensore": "15",
            "tipo_sensore": "Accelerometro monoassiale",
            "parametro_misurato_sensore": "Accelerazione",
            "unita_misura_sensore": "g",
            "quota_sensore": "9.60",
            "stato_sensore": "ATTIVO",
            "stato_funzionamento_sensore": "OPERATIVO",
            "finanziato_mase": "NO",
            "data_attivazione_sensore": null,
            "data_dismissione_sensore": null,
            "ultima_lettura_sensore": null
          },
          {
            "id_sensore": 259,
            "nome_sensore": "19MSR_AC12",
            "canali_sensore": "16",
            "tipo_sensore": "Accelerometro monoassiale",
            "parametro_misurato_sensore": "Accelerazione",
            "unita_misura_sensore": "g",
            "quota_sensore": "9.60",
            "stato_sensore": "ATTIVO",
            "stato_funzionamento_sensore": "OPERATIVO",
            "finanziato_mase": "NO",
            "data_attivazione_sensore": null,
            "data_dismissione_sensore": null,
            "ultima_lettura_sensore": null
          },
          {
            "id_sensore": 260,
            "nome_sensore": "19MSR_AC13",
            "canali_sensore": "17",
            "tipo_sensore": "Accelerometro monoassiale",
            "parametro_misurato_sensore": "Accelerazione",
            "unita_misura_sensore": "g",
            "quota_sensore": "12.90",
            "stato_sensore": "ATTIVO",
            "stato_funzionamento_sensore": "OPERATIVO",
            "finanziato_mase": "NO",
            "data_attivazione_sensore": null,
            "data_dismissione_sensore": null,
            "ultima_lettura_sensore": null
          },
          {
            "id_sensore": 261,
            "nome_sensore": "19MSR_AC14",
            "canali_sensore": "18",
            "tipo_sensore": "Accelerometro monoassiale",
            "parametro_misurato_sensore": "Accelerazione",
            "unita_misura_sensore": "g",
            "quota_sensore": "12.90",
            "stato_sensore": "ATTIVO",
            "stato_funzionamento_sensore": "OPERATIVO",
            "finanziato_mase": "NO",
            "data_attivazione_sensore": null,
            "data_dismissione_sensore": null,
            "ultima_lettura_sensore": null
          },
          {
            "id_sensore": 262,
            "nome_sensore": "19MSR_AC15",
            "canali_sensore": "19",
            "tipo_sensore": "Accelerometro monoassiale",
            "parametro_misurato_sensore": "Accelerazione",
            "unita_misura_sensore": "g",
            "quota_sensore": "12.90",
            "stato_sensore": "ATTIVO",
            "stato_funzionamento_sensore": "OPERATIVO",
            "finanziato_mase": "NO",
            "data_attivazione_sensore": null,
            "data_dismissione_sensore": null,
            "ultima_lettura_sensore": null
          },
          {
            "id_sensore": 263,
            "nome_sensore": "19MSR_AC16",
            "canali_sensore": "20",
            "tipo_sensore": "Accelerometro monoassiale",
            "parametro_misurato_sensore": "Accelerazione",
            "unita_misura_sensore": "g",
            "quota_sensore": "12.90",
            "stato_sensore": "ATTIVO",
            "stato_funzionamento_sensore": "OPERATIVO",
            "finanziato_mase": "NO",
            "data_attivazione_sensore": null,
            "data_dismissione_sensore": null,
            "ultima_lettura_sensore": null
          }
        ],
        "sensors_count": 16
      }
    },
    {
      "type": "Feature",
      "geometry": {
        "type": "Point",
        "coordinates": [
          12.7786,
          42.5466
        ]
      },
      "properties": {
        "id": 20,
        "net_staz_name": "20IPI",
        "nome": "Istituto ''F. Momigliano''",
        "network": "GeoSIG",
        "regione": "UMBRIA",
        "provincia": "TERNI",
        "comune": "PIEDILUCO",
        "indirizzo": "Loc. Villalago – Piediluco ",
        "tipologia": "Edificio in muratura",
        "id_tipologia": 2,
        "classificazione": "SCUOLA",
        "sistema": "DETTAGLIATO",
        "connessione": "ADSL",
        "ip": "10.10.2.253",
        "zona_sismica": 2,
        "stato": "A",
        "nome_checkmk": null,
        "fem": "SI",
        "f1": 4,
        "f2": 4,
        "f3": "4.270",
        "acquisitore_serial_number": null,
        "acquisitore_centralina": null,
        "acquisitore_soglia_trigger_g": null,
        "sensors": [
          {
            "id_sensore": 264,
            "nome_sensore": "20IPI_AC01",
            "canali_sensore": "1, 2, 3",
            "tipo_sensore": "Accelerometro triassiale",
            "parametro_misurato_sensore": "Accelerazione",
            "unita_misura_sensore": "g",
            "quota_sensore": "0.00",
            "stato_sensore": "ATTIVO",
            "stato_funzionamento_sensore": "OPERATIVO",
            "finanziato_mase": "NO",
            "data_attivazione_sensore": null,
            "data_dismissione_sensore": null,
            "ultima_lettura_sensore": null
          },
          {
            "id_sensore": 265,
            "nome_sensore": "20IPI_AC02",
            "canali_sensore": "4, 5, 6",
            "tipo_sensore": "Accelerometro triassiale",
            "parametro_misurato_sensore": "Accelerazione",
            "unita_misura_sensore": "g",
            "quota_sensore": "15.35",
            "stato_sensore": "ATTIVO",
            "stato_funzionamento_sensore": "OPERATIVO",
            "finanziato_mase": "NO",
            "data_attivazione_sensore": null,
            "data_dismissione_sensore": null,
            "ultima_lettura_sensore": null
          },
          {
            "id_sensore": 266,
            "nome_sensore": "20IPI_AC03",
            "canali_sensore": "7, 8, 9",
            "tipo_sensore": "Accelerometro triassiale",
            "parametro_misurato_sensore": "Accelerazione",
            "unita_misura_sensore": "g",
            "quota_sensore": "15.35",
            "stato_sensore": "ATTIVO",
            "stato_funzionamento_sensore": "OPERATIVO",
            "finanziato_mase": "NO",
            "data_attivazione_sensore": null,
            "data_dismissione_sensore": null,
            "ultima_lettura_sensore": null
          },
          {
            "id_sensore": 267,
            "nome_sensore": "20IPI_AC04",
            "canali_sensore": "10, 11",
            "tipo_sensore": "Accelerometro biassiale",
            "parametro_misurato_sensore": "Accelerazione",
            "unita_misura_sensore": "g",
            "quota_sensore": "7.00",
            "stato_sensore": "ATTIVO",
            "stato_funzionamento_sensore": "OPERATIVO",
            "finanziato_mase": "NO",
            "data_attivazione_sensore": null,
            "data_dismissione_sensore": null,
            "ultima_lettura_sensore": null
          },
          {
            "id_sensore": 268,
            "nome_sensore": "20IPI_AC05",
            "canali_sensore": "12, 13",
            "tipo_sensore": "Accelerometro biassiale",
            "parametro_misurato_sensore": "Accelerazione",
            "unita_misura_sensore": "g",
            "quota_sensore": "7.00",
            "stato_sensore": "ATTIVO",
            "stato_funzionamento_sensore": "OPERATIVO",
            "finanziato_mase": "NO",
            "data_attivazione_sensore": null,
            "data_dismissione_sensore": null,
            "ultima_lettura_sensore": null
          },
          {
            "id_sensore": 269,
            "nome_sensore": "20IPI_AC06",
            "canali_sensore": "14",
            "tipo_sensore": "Accelerometro monoassiale",
            "parametro_misurato_sensore": "Accelerazione",
            "unita_misura_sensore": "g",
            "quota_sensore": "7.00",
            "stato_sensore": "ATTIVO",
            "stato_funzionamento_sensore": "OPERATIVO",
            "finanziato_mase": "NO",
            "data_attivazione_sensore": null,
            "data_dismissione_sensore": null,
            "ultima_lettura_sensore": null
          },
          {
            "id_sensore": 270,
            "nome_sensore": "20IPI_AC07",
            "canali_sensore": "15",
            "tipo_sensore": "Accelerometro monoassiale",
            "parametro_misurato_sensore": "Accelerazione",
            "unita_misura_sensore": "g",
            "quota_sensore": "7.00",
            "stato_sensore": "ATTIVO",
            "stato_funzionamento_sensore": "OPERATIVO",
            "finanziato_mase": "NO",
            "data_attivazione_sensore": null,
            "data_dismissione_sensore": null,
            "ultima_lettura_sensore": null
          },
          {
            "id_sensore": 271,
            "nome_sensore": "20IPI_AC08",
            "canali_sensore": "16",
            "tipo_sensore": "Accelerometro monoassiale",
            "parametro_misurato_sensore": "Accelerazione",
            "unita_misura_sensore": "g",
            "quota_sensore": "7.00",
            "stato_sensore": "ATTIVO",
            "stato_funzionamento_sensore": "OPERATIVO",
            "finanziato_mase": "NO",
            "data_attivazione_sensore": null,
            "data_dismissione_sensore": null,
            "ultima_lettura_sensore": null
          },
          {
            "id_sensore": 272,
            "nome_sensore": "20IPI_AC09",
            "canali_sensore": "17",
            "tipo_sensore": "Accelerometro monoassiale",
            "parametro_misurato_sensore": "Accelerazione",
            "unita_misura_sensore": "g",
            "quota_sensore": "15.35",
            "stato_sensore": "ATTIVO",
            "stato_funzionamento_sensore": "OPERATIVO",
            "finanziato_mase": "NO",
            "data_attivazione_sensore": null,
            "data_dismissione_sensore": null,
            "ultima_lettura_sensore": null
          },
          {
            "id_sensore": 273,
            "nome_sensore": "20IPI_AC10",
            "canali_sensore": "18",
            "tipo_sensore": "Accelerometro monoassiale",
            "parametro_misurato_sensore": "Accelerazione",
            "unita_misura_sensore": "g",
            "quota_sensore": "15.35",
            "stato_sensore": "ATTIVO",
            "stato_funzionamento_sensore": "OPERATIVO",
            "finanziato_mase": "NO",
            "data_attivazione_sensore": null,
            "data_dismissione_sensore": null,
            "ultima_lettura_sensore": null
          },
          {
            "id_sensore": 274,
            "nome_sensore": "20IPI_AC11",
            "canali_sensore": "19",
            "tipo_sensore": "Accelerometro monoassiale",
            "parametro_misurato_sensore": "Accelerazione",
            "unita_misura_sensore": "g",
            "quota_sensore": "15.35",
            "stato_sensore": "ATTIVO",
            "stato_funzionamento_sensore": "OPERATIVO",
            "finanziato_mase": "NO",
            "data_attivazione_sensore": null,
            "data_dismissione_sensore": null,
            "ultima_lettura_sensore": null
          }
        ],
        "sensors_count": 11
      }
    },
    {
      "type": "Feature",
      "geometry": {
        "type": "Point",
        "coordinates": [
          11.2371,
          44.0053
        ]
      },
      "properties": {
        "id": 21,
        "net_staz_name": "21SBM",
        "nome": "Scuola Comunale \"Lorenzo De' Medici\"",
        "network": "GeoSIG",
        "regione": "TOSCANA",
        "provincia": "FIRENZE",
        "comune": "BARBERINO DI MUGELLO",
        "indirizzo": "Via Giuliano Agresti, 18",
        "tipologia": "Edificio in cemento armato",
        "id_tipologia": 1,
        "classificazione": "SCUOLA",
        "sistema": "DETTAGLIATO",
        "connessione": "Rete Dati",
        "ip": "192.168.163.2",
        "zona_sismica": 2,
        "stato": "A",
        "nome_checkmk": null,
        "fem": "SI",
        "f1": 5,
        "f2": 5,
        "f3": "5.280",
        "acquisitore_serial_number": null,
        "acquisitore_centralina": null,
        "acquisitore_soglia_trigger_g": null,
        "sensors": [
          {
            "id_sensore": 275,
            "nome_sensore": "21SBM_AC01",
            "canali_sensore": "1, 2, 3",
            "tipo_sensore": "Accelerometro triassiale",
            "parametro_misurato_sensore": "Accelerazione",
            "unita_misura_sensore": "g",
            "quota_sensore": "0.00",
            "stato_sensore": "ATTIVO",
            "stato_funzionamento_sensore": "OPERATIVO",
            "finanziato_mase": "NO",
            "data_attivazione_sensore": null,
            "data_dismissione_sensore": null,
            "ultima_lettura_sensore": null
          },
          {
            "id_sensore": 276,
            "nome_sensore": "21SBM_AC02",
            "canali_sensore": "12, 13, 14",
            "tipo_sensore": "Accelerometro triassiale",
            "parametro_misurato_sensore": "Accelerazione",
            "unita_misura_sensore": "g",
            "quota_sensore": "3.50",
            "stato_sensore": "ATTIVO",
            "stato_funzionamento_sensore": "OPERATIVO",
            "finanziato_mase": "NO",
            "data_attivazione_sensore": null,
            "data_dismissione_sensore": null,
            "ultima_lettura_sensore": null
          },
          {
            "id_sensore": 277,
            "nome_sensore": "21SBM_AC03",
            "canali_sensore": "15, 16",
            "tipo_sensore": "Accelerometro biassiale",
            "parametro_misurato_sensore": "Accelerazione",
            "unita_misura_sensore": "g",
            "quota_sensore": "3.50",
            "stato_sensore": "ATTIVO",
            "stato_funzionamento_sensore": "OPERATIVO",
            "finanziato_mase": "NO",
            "data_attivazione_sensore": null,
            "data_dismissione_sensore": null,
            "ultima_lettura_sensore": null
          },
          {
            "id_sensore": 278,
            "nome_sensore": "21SBM_AC04",
            "canali_sensore": "4, 5",
            "tipo_sensore": "Accelerometro biassiale",
            "parametro_misurato_sensore": "Accelerazione",
            "unita_misura_sensore": "g",
            "quota_sensore": "3.50",
            "stato_sensore": "ATTIVO",
            "stato_funzionamento_sensore": "OPERATIVO",
            "finanziato_mase": "NO",
            "data_attivazione_sensore": null,
            "data_dismissione_sensore": null,
            "ultima_lettura_sensore": null
          },
          {
            "id_sensore": 279,
            "nome_sensore": "21SBM_AC05",
            "canali_sensore": "6, 7",
            "tipo_sensore": "Accelerometro biassiale",
            "parametro_misurato_sensore": "Accelerazione",
            "unita_misura_sensore": "g",
            "quota_sensore": "7.00",
            "stato_sensore": "ATTIVO",
            "stato_funzionamento_sensore": "OPERATIVO",
            "finanziato_mase": "NO",
            "data_attivazione_sensore": null,
            "data_dismissione_sensore": null,
            "ultima_lettura_sensore": null
          },
          {
            "id_sensore": 280,
            "nome_sensore": "21SBM_AC06",
            "canali_sensore": "8, 9",
            "tipo_sensore": "Accelerometro biassiale",
            "parametro_misurato_sensore": "Accelerazione",
            "unita_misura_sensore": "g",
            "quota_sensore": "7.00",
            "stato_sensore": "ATTIVO",
            "stato_funzionamento_sensore": "OPERATIVO",
            "finanziato_mase": "NO",
            "data_attivazione_sensore": null,
            "data_dismissione_sensore": null,
            "ultima_lettura_sensore": null
          },
          {
            "id_sensore": 281,
            "nome_sensore": "21SBM_AC07",
            "canali_sensore": "10, 11",
            "tipo_sensore": "Accelerometro biassiale",
            "parametro_misurato_sensore": "Accelerazione",
            "unita_misura_sensore": "g",
            "quota_sensore": "7.00",
            "stato_sensore": "ATTIVO",
            "stato_funzionamento_sensore": "OPERATIVO",
            "finanziato_mase": "NO",
            "data_attivazione_sensore": null,
            "data_dismissione_sensore": null,
            "ultima_lettura_sensore": null
          },
          {
            "id_sensore": 282,
            "nome_sensore": "21SBM_AC08",
            "canali_sensore": "17, 18",
            "tipo_sensore": "Accelerometro biassiale",
            "parametro_misurato_sensore": "Accelerazione",
            "unita_misura_sensore": "g",
            "quota_sensore": "10.50",
            "stato_sensore": "ATTIVO",
            "stato_funzionamento_sensore": "OPERATIVO",
            "finanziato_mase": "NO",
            "data_attivazione_sensore": null,
            "data_dismissione_sensore": null,
            "ultima_lettura_sensore": null
          },
          {
            "id_sensore": 283,
            "nome_sensore": "21SBM_AC09",
            "canali_sensore": "19, 20",
            "tipo_sensore": "Accelerometro biassiale",
            "parametro_misurato_sensore": "Accelerazione",
            "unita_misura_sensore": "g",
            "quota_sensore": "10.50",
            "stato_sensore": "ATTIVO",
            "stato_funzionamento_sensore": "OPERATIVO",
            "finanziato_mase": "NO",
            "data_attivazione_sensore": null,
            "data_dismissione_sensore": null,
            "ultima_lettura_sensore": null
          },
          {
            "id_sensore": 284,
            "nome_sensore": "21SBM_AC10",
            "canali_sensore": "21, 22",
            "tipo_sensore": "Accelerometro biassiale",
            "parametro_misurato_sensore": "Accelerazione",
            "unita_misura_sensore": "g",
            "quota_sensore": "10.50",
            "stato_sensore": "ATTIVO",
            "stato_funzionamento_sensore": "OPERATIVO",
            "finanziato_mase": "NO",
            "data_attivazione_sensore": null,
            "data_dismissione_sensore": null,
            "ultima_lettura_sensore": null
          }
        ],
        "sensors_count": 10
      }
    },
    {
      "type": "Feature",
      "geometry": {
        "type": "Point",
        "coordinates": [
          10.6159,
          44.2035
        ]
      },
      "properties": {
        "id": 22,
        "net_staz_name": "22PPO",
        "nome": "Poliambulatorio di Pievelago",
        "network": "GeoSIG",
        "regione": "EMILIA-ROMAGNA",
        "provincia": "MODENA",
        "comune": "PIEVEPELAGO",
        "indirizzo": "Viale Adolfo Ferrari 2",
        "tipologia": "Edificio in muratura ",
        "id_tipologia": 2,
        "classificazione": "OSPEDALE",
        "sistema": "DETTAGLIATO",
        "connessione": "ADSL",
        "ip": "10.10.2.45",
        "zona_sismica": 2,
        "stato": "A",
        "nome_checkmk": null,
        "fem": "SI",
        "f1": 6,
        "f2": 6,
        "f3": "7.940",
        "acquisitore_serial_number": null,
        "acquisitore_centralina": null,
        "acquisitore_soglia_trigger_g": null,
        "sensors": [
          {
            "id_sensore": 285,
            "nome_sensore": "22PPO_AC01",
            "canali_sensore": "1, 2, 3",
            "tipo_sensore": "Accelerometro triassiale",
            "parametro_misurato_sensore": "Accelerazione",
            "unita_misura_sensore": "g",
            "quota_sensore": "0.00",
            "stato_sensore": "ATTIVO",
            "stato_funzionamento_sensore": "OPERATIVO",
            "finanziato_mase": "NO",
            "data_attivazione_sensore": null,
            "data_dismissione_sensore": null,
            "ultima_lettura_sensore": null
          },
          {
            "id_sensore": 286,
            "nome_sensore": "22PPO_AC02",
            "canali_sensore": "4, 5",
            "tipo_sensore": "Accelerometro biassiale",
            "parametro_misurato_sensore": "Accelerazione",
            "unita_misura_sensore": "g",
            "quota_sensore": "6.80",
            "stato_sensore": "ATTIVO",
            "stato_funzionamento_sensore": "OPERATIVO",
            "finanziato_mase": "NO",
            "data_attivazione_sensore": null,
            "data_dismissione_sensore": null,
            "ultima_lettura_sensore": null
          },
          {
            "id_sensore": 287,
            "nome_sensore": "22PPO_AC03",
            "canali_sensore": "6, 9",
            "tipo_sensore": "Accelerometro biassiale",
            "parametro_misurato_sensore": "Accelerazione",
            "unita_misura_sensore": "g",
            "quota_sensore": "6.80",
            "stato_sensore": "ATTIVO",
            "stato_funzionamento_sensore": "OPERATIVO",
            "finanziato_mase": "NO",
            "data_attivazione_sensore": null,
            "data_dismissione_sensore": null,
            "ultima_lettura_sensore": null
          },
          {
            "id_sensore": 288,
            "nome_sensore": "22PPO_AC04",
            "canali_sensore": "7",
            "tipo_sensore": "Accelerometro monoassiale",
            "parametro_misurato_sensore": "Accelerazione",
            "unita_misura_sensore": "g",
            "quota_sensore": "13.10",
            "stato_sensore": "ATTIVO",
            "stato_funzionamento_sensore": "OPERATIVO",
            "finanziato_mase": "NO",
            "data_attivazione_sensore": null,
            "data_dismissione_sensore": null,
            "ultima_lettura_sensore": null
          },
          {
            "id_sensore": 289,
            "nome_sensore": "22PPO_AC05",
            "canali_sensore": "8",
            "tipo_sensore": "Accelerometro monoassiale",
            "parametro_misurato_sensore": "Accelerazione",
            "unita_misura_sensore": "g",
            "quota_sensore": "13.10",
            "stato_sensore": "ATTIVO",
            "stato_funzionamento_sensore": "OPERATIVO",
            "finanziato_mase": "NO",
            "data_attivazione_sensore": null,
            "data_dismissione_sensore": null,
            "ultima_lettura_sensore": null
          },
          {
            "id_sensore": 290,
            "nome_sensore": "22PPO_AC06",
            "canali_sensore": "10, 11",
            "tipo_sensore": "Accelerometro biassiale",
            "parametro_misurato_sensore": "Accelerazione",
            "unita_misura_sensore": "g",
            "quota_sensore": "0.00",
            "stato_sensore": "ATTIVO",
            "stato_funzionamento_sensore": "OPERATIVO",
            "finanziato_mase": "NO",
            "data_attivazione_sensore": null,
            "data_dismissione_sensore": null,
            "ultima_lettura_sensore": null
          },
          {
            "id_sensore": 291,
            "nome_sensore": "22PPO_AC07",
            "canali_sensore": "12, 13",
            "tipo_sensore": "Accelerometro biassiale",
            "parametro_misurato_sensore": "Accelerazione",
            "unita_misura_sensore": "g",
            "quota_sensore": "13.10",
            "stato_sensore": "ATTIVO",
            "stato_funzionamento_sensore": "OPERATIVO",
            "finanziato_mase": "NO",
            "data_attivazione_sensore": null,
            "data_dismissione_sensore": null,
            "ultima_lettura_sensore": null
          },
          {
            "id_sensore": 292,
            "nome_sensore": "22PPO_AC08",
            "canali_sensore": "14",
            "tipo_sensore": "Accelerometro monoassiale",
            "parametro_misurato_sensore": "Accelerazione",
            "unita_misura_sensore": "g",
            "quota_sensore": "0.00",
            "stato_sensore": "ATTIVO",
            "stato_funzionamento_sensore": "OPERATIVO",
            "finanziato_mase": "NO",
            "data_attivazione_sensore": null,
            "data_dismissione_sensore": null,
            "ultima_lettura_sensore": null
          }
        ],
        "sensors_count": 8
      }
    },
    {
      "type": "Feature",
      "geometry": {
        "type": "Point",
        "coordinates": [
          15.8632,
          40.2398
        ]
      },
      "properties": {
        "id": 23,
        "net_staz_name": "23MTO",
        "nome": "Succursale Istituto tecnico commerciale per geometri ",
        "network": "GeoSIG",
        "regione": "BASILICATA",
        "provincia": "POTENZA",
        "comune": "MOLITERNO",
        "indirizzo": "Via P. Darago, 1",
        "tipologia": "Edificio in cemento armato",
        "id_tipologia": 1,
        "classificazione": "SCUOLA",
        "sistema": "DETTAGLIATO",
        "connessione": "ADSL",
        "ip": "10.10.2.109",
        "zona_sismica": 1,
        "stato": "A",
        "nome_checkmk": null,
        "fem": "NO",
        "f1": 4,
        "f2": 4,
        "f3": "5.380",
        "acquisitore_serial_number": null,
        "acquisitore_centralina": null,
        "acquisitore_soglia_trigger_g": null,
        "sensors": [
          {
            "id_sensore": 293,
            "nome_sensore": "23MTO_AC01",
            "canali_sensore": "1",
            "tipo_sensore": "Accelerometro monoassiale",
            "parametro_misurato_sensore": "Accelerazione",
            "unita_misura_sensore": "g",
            "quota_sensore": "14.00",
            "stato_sensore": "ATTIVO",
            "stato_funzionamento_sensore": "OPERATIVO",
            "finanziato_mase": "NO",
            "data_attivazione_sensore": null,
            "data_dismissione_sensore": null,
            "ultima_lettura_sensore": null
          },
          {
            "id_sensore": 294,
            "nome_sensore": "23MTO_AC02",
            "canali_sensore": "2",
            "tipo_sensore": "Accelerometro monoassiale",
            "parametro_misurato_sensore": "Accelerazione",
            "unita_misura_sensore": "g",
            "quota_sensore": "14.00",
            "stato_sensore": "ATTIVO",
            "stato_funzionamento_sensore": "OPERATIVO",
            "finanziato_mase": "NO",
            "data_attivazione_sensore": null,
            "data_dismissione_sensore": null,
            "ultima_lettura_sensore": null
          },
          {
            "id_sensore": 295,
            "nome_sensore": "23MTO_AC03",
            "canali_sensore": "3",
            "tipo_sensore": "Accelerometro monoassiale",
            "parametro_misurato_sensore": "Accelerazione",
            "unita_misura_sensore": "g",
            "quota_sensore": "14.00",
            "stato_sensore": "ATTIVO",
            "stato_funzionamento_sensore": "OPERATIVO",
            "finanziato_mase": "NO",
            "data_attivazione_sensore": null,
            "data_dismissione_sensore": null,
            "ultima_lettura_sensore": null
          },
          {
            "id_sensore": 296,
            "nome_sensore": "23MTO_AC04",
            "canali_sensore": "4",
            "tipo_sensore": "Accelerometro monoassiale",
            "parametro_misurato_sensore": "Accelerazione",
            "unita_misura_sensore": "g",
            "quota_sensore": "14.00",
            "stato_sensore": "ATTIVO",
            "stato_funzionamento_sensore": "OPERATIVO",
            "finanziato_mase": "NO",
            "data_attivazione_sensore": null,
            "data_dismissione_sensore": null,
            "ultima_lettura_sensore": null
          },
          {
            "id_sensore": 297,
            "nome_sensore": "23MTO_AC05",
            "canali_sensore": "5",
            "tipo_sensore": "Accelerometro monoassiale",
            "parametro_misurato_sensore": "Accelerazione",
            "unita_misura_sensore": "g",
            "quota_sensore": "14.00",
            "stato_sensore": "ATTIVO",
            "stato_funzionamento_sensore": "OPERATIVO",
            "finanziato_mase": "NO",
            "data_attivazione_sensore": null,
            "data_dismissione_sensore": null,
            "ultima_lettura_sensore": null
          },
          {
            "id_sensore": 298,
            "nome_sensore": "23MTO_AC06",
            "canali_sensore": "6",
            "tipo_sensore": "Accelerometro monoassiale",
            "parametro_misurato_sensore": "Accelerazione",
            "unita_misura_sensore": "g",
            "quota_sensore": "10.50",
            "stato_sensore": "ATTIVO",
            "stato_funzionamento_sensore": "OPERATIVO",
            "finanziato_mase": "NO",
            "data_attivazione_sensore": null,
            "data_dismissione_sensore": null,
            "ultima_lettura_sensore": null
          },
          {
            "id_sensore": 299,
            "nome_sensore": "23MTO_AC07",
            "canali_sensore": "7",
            "tipo_sensore": "Accelerometro monoassiale",
            "parametro_misurato_sensore": "Accelerazione",
            "unita_misura_sensore": "g",
            "quota_sensore": "10.50",
            "stato_sensore": "ATTIVO",
            "stato_funzionamento_sensore": "OPERATIVO",
            "finanziato_mase": "NO",
            "data_attivazione_sensore": null,
            "data_dismissione_sensore": null,
            "ultima_lettura_sensore": null
          },
          {
            "id_sensore": 300,
            "nome_sensore": "23MTO_AC08",
            "canali_sensore": "8",
            "tipo_sensore": "Accelerometro monoassiale",
            "parametro_misurato_sensore": "Accelerazione",
            "unita_misura_sensore": "g",
            "quota_sensore": "10.50",
            "stato_sensore": "ATTIVO",
            "stato_funzionamento_sensore": "OPERATIVO",
            "finanziato_mase": "NO",
            "data_attivazione_sensore": null,
            "data_dismissione_sensore": null,
            "ultima_lettura_sensore": null
          },
          {
            "id_sensore": 301,
            "nome_sensore": "23MTO_AC09",
            "canali_sensore": "9",
            "tipo_sensore": "Accelerometro monoassiale",
            "parametro_misurato_sensore": "Accelerazione",
            "unita_misura_sensore": "g",
            "quota_sensore": "10.50",
            "stato_sensore": "ATTIVO",
            "stato_funzionamento_sensore": "OPERATIVO",
            "finanziato_mase": "NO",
            "data_attivazione_sensore": null,
            "data_dismissione_sensore": null,
            "ultima_lettura_sensore": null
          },
          {
            "id_sensore": 302,
            "nome_sensore": "23MTO_AC10",
            "canali_sensore": "10",
            "tipo_sensore": "Accelerometro monoassiale",
            "parametro_misurato_sensore": "Accelerazione",
            "unita_misura_sensore": "g",
            "quota_sensore": "7.00",
            "stato_sensore": "ATTIVO",
            "stato_funzionamento_sensore": "OPERATIVO",
            "finanziato_mase": "NO",
            "data_attivazione_sensore": null,
            "data_dismissione_sensore": null,
            "ultima_lettura_sensore": null
          },
          {
            "id_sensore": 303,
            "nome_sensore": "23MTO_AC11",
            "canali_sensore": "11",
            "tipo_sensore": "Accelerometro monoassiale",
            "parametro_misurato_sensore": "Accelerazione",
            "unita_misura_sensore": "g",
            "quota_sensore": "7.00",
            "stato_sensore": "ATTIVO",
            "stato_funzionamento_sensore": "OPERATIVO",
            "finanziato_mase": "NO",
            "data_attivazione_sensore": null,
            "data_dismissione_sensore": null,
            "ultima_lettura_sensore": null
          },
          {
            "id_sensore": 304,
            "nome_sensore": "23MTO_AC12",
            "canali_sensore": "12",
            "tipo_sensore": "Accelerometro monoassiale",
            "parametro_misurato_sensore": "Accelerazione",
            "unita_misura_sensore": "g",
            "quota_sensore": "7.00",
            "stato_sensore": "ATTIVO",
            "stato_funzionamento_sensore": "OPERATIVO",
            "finanziato_mase": "NO",
            "data_attivazione_sensore": null,
            "data_dismissione_sensore": null,
            "ultima_lettura_sensore": null
          },
          {
            "id_sensore": 305,
            "nome_sensore": "23MTO_AC13",
            "canali_sensore": "13",
            "tipo_sensore": "Accelerometro monoassiale",
            "parametro_misurato_sensore": "Accelerazione",
            "unita_misura_sensore": "g",
            "quota_sensore": "7.00",
            "stato_sensore": "ATTIVO",
            "stato_funzionamento_sensore": "OPERATIVO",
            "finanziato_mase": "NO",
            "data_attivazione_sensore": null,
            "data_dismissione_sensore": null,
            "ultima_lettura_sensore": null
          },
          {
            "id_sensore": 306,
            "nome_sensore": "23MTO_AC14",
            "canali_sensore": "14, 15, 16",
            "tipo_sensore": "Accelerometro triassiale",
            "parametro_misurato_sensore": "Accelerazione",
            "unita_misura_sensore": "g",
            "quota_sensore": "0.00",
            "stato_sensore": "ATTIVO",
            "stato_funzionamento_sensore": "OPERATIVO",
            "finanziato_mase": "NO",
            "data_attivazione_sensore": null,
            "data_dismissione_sensore": null,
            "ultima_lettura_sensore": null
          }
        ],
        "sensors_count": 14
      }
    },
    {
      "type": "Feature",
      "geometry": {
        "type": "Point",
        "coordinates": [
          15.8068,
          40.6456
        ]
      },
      "properties": {
        "id": 24,
        "net_staz_name": "24PTZ",
        "nome": "Università  della Basilicata Edificio \"3D\"",
        "network": "GeoSIG",
        "regione": "BASILICATA",
        "provincia": "POTENZA",
        "comune": "POTENZA",
        "indirizzo": "Loc. Macchia Romana",
        "tipologia": "Edificio in cemento armato",
        "id_tipologia": 99,
        "classificazione": "SCUOLA",
        "sistema": "DETTAGLIATO",
        "connessione": "ADSL",
        "ip": "10.10.2.125",
        "zona_sismica": 1,
        "stato": "A",
        "nome_checkmk": null,
        "fem": "NO",
        "f1": 2,
        "f2": 3,
        "f3": "3.130",
        "acquisitore_serial_number": null,
        "acquisitore_centralina": null,
        "acquisitore_soglia_trigger_g": null,
        "sensors": [
          {
            "id_sensore": 307,
            "nome_sensore": "24PTZ_AC01",
            "canali_sensore": "1, 2, 3",
            "tipo_sensore": "Accelerometro triassiale",
            "parametro_misurato_sensore": "Accelerazione",
            "unita_misura_sensore": "g",
            "quota_sensore": "2.00",
            "stato_sensore": "ATTIVO",
            "stato_funzionamento_sensore": "OPERATIVO",
            "finanziato_mase": "NO",
            "data_attivazione_sensore": null,
            "data_dismissione_sensore": null,
            "ultima_lettura_sensore": null
          },
          {
            "id_sensore": 308,
            "nome_sensore": "24PTZ_AC02",
            "canali_sensore": "4, 5",
            "tipo_sensore": "Accelerometro biassiale",
            "parametro_misurato_sensore": "Accelerazione",
            "unita_misura_sensore": "g",
            "quota_sensore": "6.00",
            "stato_sensore": "ATTIVO",
            "stato_funzionamento_sensore": "OPERATIVO",
            "finanziato_mase": "NO",
            "data_attivazione_sensore": null,
            "data_dismissione_sensore": null,
            "ultima_lettura_sensore": null
          },
          {
            "id_sensore": 309,
            "nome_sensore": "24PTZ_AC03",
            "canali_sensore": "7, 8",
            "tipo_sensore": "Accelerometro biassiale",
            "parametro_misurato_sensore": "Accelerazione",
            "unita_misura_sensore": "g",
            "quota_sensore": "3.00",
            "stato_sensore": "ATTIVO",
            "stato_funzionamento_sensore": "OPERATIVO",
            "finanziato_mase": "NO",
            "data_attivazione_sensore": null,
            "data_dismissione_sensore": null,
            "ultima_lettura_sensore": null
          },
          {
            "id_sensore": 310,
            "nome_sensore": "24PTZ_AC04",
            "canali_sensore": "10, 11",
            "tipo_sensore": "Accelerometro biassiale",
            "parametro_misurato_sensore": "Accelerazione",
            "unita_misura_sensore": "g",
            "quota_sensore": "7.00",
            "stato_sensore": "ATTIVO",
            "stato_funzionamento_sensore": "OPERATIVO",
            "finanziato_mase": "NO",
            "data_attivazione_sensore": null,
            "data_dismissione_sensore": null,
            "ultima_lettura_sensore": null
          },
          {
            "id_sensore": 311,
            "nome_sensore": "24PTZ_AC05",
            "canali_sensore": "13, 14",
            "tipo_sensore": "Accelerometro biassiale",
            "parametro_misurato_sensore": "Accelerazione",
            "unita_misura_sensore": "g",
            "quota_sensore": "4.00",
            "stato_sensore": "ATTIVO",
            "stato_funzionamento_sensore": "OPERATIVO",
            "finanziato_mase": "NO",
            "data_attivazione_sensore": null,
            "data_dismissione_sensore": null,
            "ultima_lettura_sensore": null
          },
          {
            "id_sensore": 312,
            "nome_sensore": "24PTZ_AC06",
            "canali_sensore": "16, 17",
            "tipo_sensore": "Accelerometro biassiale",
            "parametro_misurato_sensore": "Accelerazione",
            "unita_misura_sensore": "g",
            "quota_sensore": "10.00",
            "stato_sensore": "ATTIVO",
            "stato_funzionamento_sensore": "OPERATIVO",
            "finanziato_mase": "NO",
            "data_attivazione_sensore": null,
            "data_dismissione_sensore": null,
            "ultima_lettura_sensore": null
          },
          {
            "id_sensore": 313,
            "nome_sensore": "24PTZ_AC07",
            "canali_sensore": "19, 20",
            "tipo_sensore": "Accelerometro biassiale",
            "parametro_misurato_sensore": "Accelerazione",
            "unita_misura_sensore": "g",
            "quota_sensore": "10.00",
            "stato_sensore": "ATTIVO",
            "stato_funzionamento_sensore": "OPERATIVO",
            "finanziato_mase": "NO",
            "data_attivazione_sensore": null,
            "data_dismissione_sensore": null,
            "ultima_lettura_sensore": null
          },
          {
            "id_sensore": 314,
            "nome_sensore": "24PTZ_AC08",
            "canali_sensore": "6, 9",
            "tipo_sensore": "Accelerometro biassiale",
            "parametro_misurato_sensore": "Accelerazione",
            "unita_misura_sensore": "g",
            "quota_sensore": "16.00",
            "stato_sensore": "ATTIVO",
            "stato_funzionamento_sensore": "OPERATIVO",
            "finanziato_mase": "NO",
            "data_attivazione_sensore": null,
            "data_dismissione_sensore": null,
            "ultima_lettura_sensore": null
          },
          {
            "id_sensore": 315,
            "nome_sensore": "24PTZ_AC09",
            "canali_sensore": "12, 15",
            "tipo_sensore": "Accelerometro biassiale",
            "parametro_misurato_sensore": "Accelerazione",
            "unita_misura_sensore": "g",
            "quota_sensore": "16.00",
            "stato_sensore": "ATTIVO",
            "stato_funzionamento_sensore": "OPERATIVO",
            "finanziato_mase": "NO",
            "data_attivazione_sensore": null,
            "data_dismissione_sensore": null,
            "ultima_lettura_sensore": null
          },
          {
            "id_sensore": 316,
            "nome_sensore": "24PTZ_AC10",
            "canali_sensore": "18, 21",
            "tipo_sensore": "Accelerometro biassiale",
            "parametro_misurato_sensore": "Accelerazione",
            "unita_misura_sensore": "g",
            "quota_sensore": "7.00",
            "stato_sensore": "ATTIVO",
            "stato_funzionamento_sensore": "OPERATIVO",
            "finanziato_mase": "NO",
            "data_attivazione_sensore": null,
            "data_dismissione_sensore": null,
            "ultima_lettura_sensore": null
          }
        ],
        "sensors_count": 10
      }
    },
    {
      "type": "Feature",
      "geometry": {
        "type": "Point",
        "coordinates": [
          12.686872,
          43.267051
        ]
      },
      "properties": {
        "id": 25,
        "net_staz_name": "50OBR",
        "nome": "Ospedale di Branca",
        "network": "GeoSIG",
        "regione": "UMBRIA",
        "provincia": "PERUGIA",
        "comune": "GUBBIO",
        "indirizzo": "Largo Unità d'Italia",
        "tipologia": "Edificio in cemento armato",
        "id_tipologia": 1,
        "classificazione": "OSPEDALE",
        "sistema": "SEMPLIFICATO",
        "connessione": "ADSL",
        "ip": "10.10.5.21",
        "zona_sismica": 2,
        "stato": "A",
        "nome_checkmk": null,
        "fem": "NO",
        "f1": 3,
        "f2": 4,
        "f3": "5.580",
        "acquisitore_serial_number": null,
        "acquisitore_centralina": null,
        "acquisitore_soglia_trigger_g": null,
        "sensors": [
          {
            "id_sensore": 317,
            "nome_sensore": "50OBR_AC00",
            "canali_sensore": "4, 5, 6",
            "tipo_sensore": "Accelerometro triassiale",
            "parametro_misurato_sensore": "Accelerazione",
            "unita_misura_sensore": "g",
            "quota_sensore": "0.00",
            "stato_sensore": "ATTIVO",
            "stato_funzionamento_sensore": "OPERATIVO",
            "finanziato_mase": "NO",
            "data_attivazione_sensore": null,
            "data_dismissione_sensore": null,
            "ultima_lettura_sensore": null
          },
          {
            "id_sensore": 318,
            "nome_sensore": "50OBR_AC01",
            "canali_sensore": "1, 2",
            "tipo_sensore": "Accelerometro biassiale",
            "parametro_misurato_sensore": "Accelerazione",
            "unita_misura_sensore": "g",
            "quota_sensore": "14.00",
            "stato_sensore": "ATTIVO",
            "stato_funzionamento_sensore": "OPERATIVO",
            "finanziato_mase": "NO",
            "data_attivazione_sensore": null,
            "data_dismissione_sensore": null,
            "ultima_lettura_sensore": null
          },
          {
            "id_sensore": 319,
            "nome_sensore": "50OBR_AC02",
            "canali_sensore": "3",
            "tipo_sensore": "Accelerometro monoassiale",
            "parametro_misurato_sensore": "Accelerazione",
            "unita_misura_sensore": "g",
            "quota_sensore": "14.00",
            "stato_sensore": "ATTIVO",
            "stato_funzionamento_sensore": "OPERATIVO",
            "finanziato_mase": "NO",
            "data_attivazione_sensore": null,
            "data_dismissione_sensore": null,
            "ultima_lettura_sensore": null
          }
        ],
        "sensors_count": 3
      }
    },
    {
      "type": "Feature",
      "geometry": {
        "type": "Point",
        "coordinates": [
          13.372487,
          42.35746
        ]
      },
      "properties": {
        "id": 26,
        "net_staz_name": "C3 - 53CST",
        "nome": "Edificio Progetto C.A.S.E. Sant'Antonio edificio 1.11",
        "network": "GeoSIG",
        "regione": "ABRUZZO",
        "provincia": "L'AQUILA",
        "comune": "L'AQUILA",
        "indirizzo": "Loc. Sant'Antonio Piastra 11",
        "tipologia": "Edificio in cemento armato isolato alla base",
        "id_tipologia": 99,
        "classificazione": "ALTRO EDIFICIO",
        "sistema": "SEMPLIFICATO",
        "connessione": null,
        "ip": "192.168.32.4",
        "zona_sismica": 2,
        "stato": "A",
        "nome_checkmk": null,
        "fem": "NO",
        "f1": null,
        "f2": null,
        "f3": null,
        "acquisitore_serial_number": null,
        "acquisitore_centralina": null,
        "acquisitore_soglia_trigger_g": null,
        "sensors": [
          {
            "id_sensore": 320,
            "nome_sensore": "53CST_C3M1",
            "canali_sensore": "1, 2",
            "tipo_sensore": "Accelerometro biassiale",
            "parametro_misurato_sensore": "Accelerazione",
            "unita_misura_sensore": "g",
            "quota_sensore": "7.40",
            "stato_sensore": "ATTIVO",
            "stato_funzionamento_sensore": "OPERATIVO",
            "finanziato_mase": "NO",
            "data_attivazione_sensore": null,
            "data_dismissione_sensore": null,
            "ultima_lettura_sensore": null
          },
          {
            "id_sensore": 321,
            "nome_sensore": "53CST_C3MS2",
            "canali_sensore": "3, 4",
            "tipo_sensore": "Accelerometro biassiale",
            "parametro_misurato_sensore": "Accelerazione",
            "unita_misura_sensore": "g",
            "quota_sensore": "1.00",
            "stato_sensore": "ATTIVO",
            "stato_funzionamento_sensore": "OPERATIVO",
            "finanziato_mase": "NO",
            "data_attivazione_sensore": null,
            "data_dismissione_sensore": null,
            "ultima_lettura_sensore": null
          },
          {
            "id_sensore": 322,
            "nome_sensore": "53CST_C3S1",
            "canali_sensore": "5",
            "tipo_sensore": "Accelerometro monoassiale",
            "parametro_misurato_sensore": "Accelerazione",
            "unita_misura_sensore": "g",
            "quota_sensore": "7.40",
            "stato_sensore": "ATTIVO",
            "stato_funzionamento_sensore": "OPERATIVO",
            "finanziato_mase": "NO",
            "data_attivazione_sensore": null,
            "data_dismissione_sensore": null,
            "ultima_lettura_sensore": null
          },
          {
            "id_sensore": 323,
            "nome_sensore": "53CST_C3S3",
            "canali_sensore": "6",
            "tipo_sensore": "Accelerometro monoassiale",
            "parametro_misurato_sensore": "Accelerazione",
            "unita_misura_sensore": "g",
            "quota_sensore": "1.00",
            "stato_sensore": "ATTIVO",
            "stato_funzionamento_sensore": "OPERATIVO",
            "finanziato_mase": "NO",
            "data_attivazione_sensore": null,
            "data_dismissione_sensore": null,
            "ultima_lettura_sensore": null
          },
          {
            "id_sensore": 324,
            "nome_sensore": "53CST_C3S4",
            "canali_sensore": "7, 8, 9",
            "tipo_sensore": "Accelerometro triassiale",
            "parametro_misurato_sensore": "Accelerazione",
            "unita_misura_sensore": "g",
            "quota_sensore": "0.00",
            "stato_sensore": "ATTIVO",
            "stato_funzionamento_sensore": "OPERATIVO",
            "finanziato_mase": "NO",
            "data_attivazione_sensore": null,
            "data_dismissione_sensore": null,
            "ultima_lettura_sensore": null
          }
        ],
        "sensors_count": 5
      }
    },
    {
      "type": "Feature",
      "geometry": {
        "type": "Point",
        "coordinates": [
          12.15354,
          43.57131
        ]
      },
      "properties": {
        "id": 28,
        "net_staz_name": "SSP - 60OSP",
        "nome": "Ospedale di Sansepolcro",
        "network": "GeoSIG",
        "regione": "TOSCANA",
        "provincia": "AREZZO",
        "comune": "SANSEPOLCRO",
        "indirizzo": "Via Galileo Galilei, 101",
        "tipologia": "Edificio in cemento armato",
        "id_tipologia": 1,
        "classificazione": "OSPEDALE",
        "sistema": "SEMPLIFICATO",
        "connessione": "Rete Dati",
        "ip": "192.168.64.2",
        "zona_sismica": 2,
        "stato": "A",
        "nome_checkmk": null,
        "fem": "NO",
        "f1": null,
        "f2": null,
        "f3": null,
        "acquisitore_serial_number": null,
        "acquisitore_centralina": null,
        "acquisitore_soglia_trigger_g": null,
        "sensors": [
          {
            "id_sensore": 329,
            "nome_sensore": "60OSP_AC01",
            "canali_sensore": "1, 2",
            "tipo_sensore": "Accelerometro biassiale",
            "parametro_misurato_sensore": "Accelerazione",
            "unita_misura_sensore": "g",
            "quota_sensore": "12.00",
            "stato_sensore": "ATTIVO",
            "stato_funzionamento_sensore": "OPERATIVO",
            "finanziato_mase": "NO",
            "data_attivazione_sensore": null,
            "data_dismissione_sensore": null,
            "ultima_lettura_sensore": null
          },
          {
            "id_sensore": 330,
            "nome_sensore": "60OSP_AC02",
            "canali_sensore": "3, 4, 5",
            "tipo_sensore": "Accelerometro triassiale",
            "parametro_misurato_sensore": "Accelerazione",
            "unita_misura_sensore": "g",
            "quota_sensore": "0.00",
            "stato_sensore": "ATTIVO",
            "stato_funzionamento_sensore": "OPERATIVO",
            "finanziato_mase": "NO",
            "data_attivazione_sensore": null,
            "data_dismissione_sensore": null,
            "ultima_lettura_sensore": null
          },
          {
            "id_sensore": 331,
            "nome_sensore": "60OSP_AC03",
            "canali_sensore": "6",
            "tipo_sensore": "Accelerometro monoassiale",
            "parametro_misurato_sensore": "Accelerazione",
            "unita_misura_sensore": "g",
            "quota_sensore": "12.00",
            "stato_sensore": "ATTIVO",
            "stato_funzionamento_sensore": "OPERATIVO",
            "finanziato_mase": "NO",
            "data_attivazione_sensore": null,
            "data_dismissione_sensore": null,
            "ultima_lettura_sensore": null
          }
        ],
        "sensors_count": 3
      }
    },
    {
      "type": "Feature",
      "geometry": {
        "type": "Point",
        "coordinates": [
          13.548882,
          43.403838
        ]
      },
      "properties": {
        "id": 29,
        "net_staz_name": "61MRE",
        "nome": "Municipio di Recanati",
        "network": "GeoSIG",
        "regione": "MARCHE",
        "provincia": "MACERATA",
        "comune": "RECANATI",
        "indirizzo": "Piazza Giacomo Leopardi, 26",
        "tipologia": "Edificio Monumentale in muratura",
        "id_tipologia": 2,
        "classificazione": "MUNICIPIO",
        "sistema": "SEMPLIFICATO",
        "connessione": "Rete Dati",
        "ip": "192.168.62.2",
        "zona_sismica": 2,
        "stato": "A",
        "nome_checkmk": null,
        "fem": "NO",
        "f1": 2,
        "f2": 3,
        "f3": "2.940",
        "acquisitore_serial_number": null,
        "acquisitore_centralina": null,
        "acquisitore_soglia_trigger_g": null,
        "sensors": [
          {
            "id_sensore": 332,
            "nome_sensore": "61MRE_AC01",
            "canali_sensore": "1, 2, 3",
            "tipo_sensore": "Accelerometro triassiale",
            "parametro_misurato_sensore": "Accelerazione",
            "unita_misura_sensore": "g",
            "quota_sensore": "0.00",
            "stato_sensore": "ATTIVO",
            "stato_funzionamento_sensore": "OPERATIVO",
            "finanziato_mase": "NO",
            "data_attivazione_sensore": null,
            "data_dismissione_sensore": null,
            "ultima_lettura_sensore": null
          },
          {
            "id_sensore": 333,
            "nome_sensore": "61MRE_AC02",
            "canali_sensore": "4, 5",
            "tipo_sensore": "Accelerometro biassiale",
            "parametro_misurato_sensore": "Accelerazione",
            "unita_misura_sensore": "g",
            "quota_sensore": "14.00",
            "stato_sensore": "ATTIVO",
            "stato_funzionamento_sensore": "OPERATIVO",
            "finanziato_mase": "NO",
            "data_attivazione_sensore": null,
            "data_dismissione_sensore": null,
            "ultima_lettura_sensore": null
          },
          {
            "id_sensore": 334,
            "nome_sensore": "61MRE_AC03",
            "canali_sensore": "6, 7",
            "tipo_sensore": "Accelerometro biassiale",
            "parametro_misurato_sensore": "Accelerazione",
            "unita_misura_sensore": "g",
            "quota_sensore": "14.00",
            "stato_sensore": "ATTIVO",
            "stato_funzionamento_sensore": "OPERATIVO",
            "finanziato_mase": "NO",
            "data_attivazione_sensore": null,
            "data_dismissione_sensore": null,
            "ultima_lettura_sensore": null
          },
          {
            "id_sensore": 335,
            "nome_sensore": "61MRE_AC04",
            "canali_sensore": "8, 9",
            "tipo_sensore": "Accelerometro biassiale",
            "parametro_misurato_sensore": "Accelerazione",
            "unita_misura_sensore": "g",
            "quota_sensore": "14.88",
            "stato_sensore": "ATTIVO",
            "stato_funzionamento_sensore": "OPERATIVO",
            "finanziato_mase": "NO",
            "data_attivazione_sensore": null,
            "data_dismissione_sensore": null,
            "ultima_lettura_sensore": null
          },
          {
            "id_sensore": 336,
            "nome_sensore": "61MRE_AC05",
            "canali_sensore": "10, 11",
            "tipo_sensore": "Accelerometro biassiale",
            "parametro_misurato_sensore": "Accelerazione",
            "unita_misura_sensore": "g",
            "quota_sensore": "14.11",
            "stato_sensore": "ATTIVO",
            "stato_funzionamento_sensore": "OPERATIVO",
            "finanziato_mase": "NO",
            "data_attivazione_sensore": null,
            "data_dismissione_sensore": null,
            "ultima_lettura_sensore": null
          }
        ],
        "sensors_count": 5
      }
    },
    {
      "type": "Feature",
      "geometry": {
        "type": "Point",
        "coordinates": [
          15.554712,
          38.192303
        ]
      },
      "properties": {
        "id": 30,
        "net_staz_name": "62CME",
        "nome": "Campanile di Messina",
        "network": "GeoSIG",
        "regione": "SICILIA ",
        "provincia": "MESSINA",
        "comune": "MESSINA",
        "indirizzo": "Piazza Duomo",
        "tipologia": "Edificio Monumentale in cemento armato",
        "id_tipologia": 1,
        "classificazione": "ALTRO EDIFICIO",
        "sistema": "DETTAGLIATO",
        "connessione": "Rete Dati",
        "ip": "192.168.29.2",
        "zona_sismica": 1,
        "stato": "A",
        "nome_checkmk": null,
        "fem": "SI",
        "f1": 1,
        "f2": 1,
        "f3": "3.551",
        "acquisitore_serial_number": null,
        "acquisitore_centralina": null,
        "acquisitore_soglia_trigger_g": null,
        "sensors": [
          {
            "id_sensore": 337,
            "nome_sensore": "62CME_AC01",
            "canali_sensore": "1, 2, 3",
            "tipo_sensore": "Accelerometro triassiale",
            "parametro_misurato_sensore": "Accelerazione",
            "unita_misura_sensore": "g",
            "quota_sensore": "0.00",
            "stato_sensore": "ATTIVO",
            "stato_funzionamento_sensore": "OPERATIVO",
            "finanziato_mase": "NO",
            "data_attivazione_sensore": null,
            "data_dismissione_sensore": null,
            "ultima_lettura_sensore": null
          },
          {
            "id_sensore": 338,
            "nome_sensore": "62CME_AC02",
            "canali_sensore": "4, 5",
            "tipo_sensore": "Accelerometro biassiale",
            "parametro_misurato_sensore": "Accelerazione",
            "unita_misura_sensore": "g",
            "quota_sensore": "27.37",
            "stato_sensore": "ATTIVO",
            "stato_funzionamento_sensore": "OPERATIVO",
            "finanziato_mase": "NO",
            "data_attivazione_sensore": null,
            "data_dismissione_sensore": null,
            "ultima_lettura_sensore": null
          },
          {
            "id_sensore": 339,
            "nome_sensore": "62CME_AC03",
            "canali_sensore": "6, 7",
            "tipo_sensore": "Accelerometro biassiale",
            "parametro_misurato_sensore": "Accelerazione",
            "unita_misura_sensore": "g",
            "quota_sensore": "27.37",
            "stato_sensore": "ATTIVO",
            "stato_funzionamento_sensore": "OPERATIVO",
            "finanziato_mase": "NO",
            "data_attivazione_sensore": null,
            "data_dismissione_sensore": null,
            "ultima_lettura_sensore": null
          },
          {
            "id_sensore": 340,
            "nome_sensore": "62CME_AC04",
            "canali_sensore": "8, 9, 10",
            "tipo_sensore": "Accelerometro triassiale",
            "parametro_misurato_sensore": "Accelerazione",
            "unita_misura_sensore": "g",
            "quota_sensore": "41.87",
            "stato_sensore": "ATTIVO",
            "stato_funzionamento_sensore": "OPERATIVO",
            "finanziato_mase": "NO",
            "data_attivazione_sensore": null,
            "data_dismissione_sensore": null,
            "ultima_lettura_sensore": null
          },
          {
            "id_sensore": 341,
            "nome_sensore": "62CME_AC05",
            "canali_sensore": "11, 12, 13",
            "tipo_sensore": "Accelerometro triassiale",
            "parametro_misurato_sensore": "Accelerazione",
            "unita_misura_sensore": "g",
            "quota_sensore": "41.87",
            "stato_sensore": "ATTIVO",
            "stato_funzionamento_sensore": "OPERATIVO",
            "finanziato_mase": "NO",
            "data_attivazione_sensore": null,
            "data_dismissione_sensore": null,
            "ultima_lettura_sensore": null
          }
        ],
        "sensors_count": 5
      }
    },
    {
      "type": "Feature",
      "geometry": {
        "type": "Point",
        "coordinates": [
          12.483691,
          41.896682
        ]
      },
      "properties": {
        "id": 31,
        "net_staz_name": "63PRM",
        "nome": "Sede Citta Metropolitana e Prefettura di Roma ",
        "network": "GeoSIG",
        "regione": "LAZIO",
        "provincia": "ROMA",
        "comune": "ROMA",
        "indirizzo": "Via Quattro Novembre, 119/A",
        "tipologia": "Edificio Monumentale in muratura",
        "id_tipologia": 2,
        "classificazione": "PREFETTURA",
        "sistema": "SEMPLIFICATO",
        "connessione": "Rete Dati",
        "ip": "192.168.92.2",
        "zona_sismica": 3,
        "stato": "A",
        "nome_checkmk": null,
        "fem": "NO",
        "f1": 3,
        "f2": 3,
        "f3": "4.314",
        "acquisitore_serial_number": null,
        "acquisitore_centralina": null,
        "acquisitore_soglia_trigger_g": null,
        "sensors": [
          {
            "id_sensore": 342,
            "nome_sensore": "63PRM_AC01",
            "canali_sensore": "1, 2, 3",
            "tipo_sensore": "Accelerometro triassiale",
            "parametro_misurato_sensore": "Accelerazione",
            "unita_misura_sensore": "g",
            "quota_sensore": "0.00",
            "stato_sensore": "ATTIVO",
            "stato_funzionamento_sensore": "OPERATIVO",
            "finanziato_mase": "NO",
            "data_attivazione_sensore": null,
            "data_dismissione_sensore": null,
            "ultima_lettura_sensore": null
          },
          {
            "id_sensore": 343,
            "nome_sensore": "63PRM_AC02",
            "canali_sensore": "4, 5",
            "tipo_sensore": "Accelerometro biassiale",
            "parametro_misurato_sensore": "Accelerazione",
            "unita_misura_sensore": "g",
            "quota_sensore": "19.70",
            "stato_sensore": "ATTIVO",
            "stato_funzionamento_sensore": "OPERATIVO",
            "finanziato_mase": "NO",
            "data_attivazione_sensore": null,
            "data_dismissione_sensore": null,
            "ultima_lettura_sensore": null
          },
          {
            "id_sensore": 344,
            "nome_sensore": "63PRM_AC03",
            "canali_sensore": "6, 7",
            "tipo_sensore": "Accelerometro biassiale",
            "parametro_misurato_sensore": "Accelerazione",
            "unita_misura_sensore": "g",
            "quota_sensore": "19.70",
            "stato_sensore": "ATTIVO",
            "stato_funzionamento_sensore": "OPERATIVO",
            "finanziato_mase": "NO",
            "data_attivazione_sensore": null,
            "data_dismissione_sensore": null,
            "ultima_lettura_sensore": null
          },
          {
            "id_sensore": 345,
            "nome_sensore": "63PRM_AC04",
            "canali_sensore": "8, 9",
            "tipo_sensore": "Accelerometro biassiale",
            "parametro_misurato_sensore": "Accelerazione",
            "unita_misura_sensore": "g",
            "quota_sensore": "19.70",
            "stato_sensore": "ATTIVO",
            "stato_funzionamento_sensore": "OPERATIVO",
            "finanziato_mase": "NO",
            "data_attivazione_sensore": null,
            "data_dismissione_sensore": null,
            "ultima_lettura_sensore": null
          },
          {
            "id_sensore": 346,
            "nome_sensore": "63PRM_AC05",
            "canali_sensore": "10, 11",
            "tipo_sensore": "Accelerometro biassiale",
            "parametro_misurato_sensore": "Accelerazione",
            "unita_misura_sensore": "g",
            "quota_sensore": "19.70",
            "stato_sensore": "ATTIVO",
            "stato_funzionamento_sensore": "OPERATIVO",
            "finanziato_mase": "NO",
            "data_attivazione_sensore": null,
            "data_dismissione_sensore": null,
            "ultima_lettura_sensore": null
          }
        ],
        "sensors_count": 5
      }
    },
    {
      "type": "Feature",
      "geometry": {
        "type": "Point",
        "coordinates": [
          10.309347,
          44.817864
        ]
      },
      "properties": {
        "id": 32,
        "net_staz_name": "64DPR",
        "nome": "Centrale Operativa Unica 118 e Dicomac Emilia Romagna",
        "network": "GeoSIG",
        "regione": "EMILIA-ROMAGNA",
        "provincia": "PARMA",
        "comune": "PARMA",
        "indirizzo": "Str. del Taglio",
        "tipologia": "Edificio in cemento armato",
        "id_tipologia": 1,
        "classificazione": "PREFETTURA",
        "sistema": "SEMPLIFICATO",
        "connessione": "Rete Dati",
        "ip": "192.168.93.2",
        "zona_sismica": 3,
        "stato": "A",
        "nome_checkmk": null,
        "fem": "SI",
        "f1": 3,
        "f2": 3,
        "f3": "4.314",
        "acquisitore_serial_number": null,
        "acquisitore_centralina": null,
        "acquisitore_soglia_trigger_g": null,
        "sensors": [
          {
            "id_sensore": 347,
            "nome_sensore": "64DPR_AC01",
            "canali_sensore": "1, 2, 3",
            "tipo_sensore": "Accelerometro triassiale",
            "parametro_misurato_sensore": "Accelerazione",
            "unita_misura_sensore": "g",
            "quota_sensore": "0.00",
            "stato_sensore": "ATTIVO",
            "stato_funzionamento_sensore": "OPERATIVO",
            "finanziato_mase": "NO",
            "data_attivazione_sensore": null,
            "data_dismissione_sensore": null,
            "ultima_lettura_sensore": null
          },
          {
            "id_sensore": 348,
            "nome_sensore": "64DPR_AC02",
            "canali_sensore": "4, 5",
            "tipo_sensore": "Accelerometro biassiale",
            "parametro_misurato_sensore": "Accelerazione",
            "unita_misura_sensore": "g",
            "quota_sensore": "9.83",
            "stato_sensore": "ATTIVO",
            "stato_funzionamento_sensore": "OPERATIVO",
            "finanziato_mase": "NO",
            "data_attivazione_sensore": null,
            "data_dismissione_sensore": null,
            "ultima_lettura_sensore": null
          },
          {
            "id_sensore": 349,
            "nome_sensore": "64DPR_AC03",
            "canali_sensore": "6, 7",
            "tipo_sensore": "Accelerometro biassiale",
            "parametro_misurato_sensore": "Accelerazione",
            "unita_misura_sensore": "g",
            "quota_sensore": "9.83",
            "stato_sensore": "ATTIVO",
            "stato_funzionamento_sensore": "OPERATIVO",
            "finanziato_mase": "NO",
            "data_attivazione_sensore": null,
            "data_dismissione_sensore": null,
            "ultima_lettura_sensore": null
          },
          {
            "id_sensore": 350,
            "nome_sensore": "64DPR_AC04",
            "canali_sensore": "8, 9",
            "tipo_sensore": "Accelerometro biassiale",
            "parametro_misurato_sensore": "Accelerazione",
            "unita_misura_sensore": "g",
            "quota_sensore": "21.48",
            "stato_sensore": "ATTIVO",
            "stato_funzionamento_sensore": "OPERATIVO",
            "finanziato_mase": "NO",
            "data_attivazione_sensore": null,
            "data_dismissione_sensore": null,
            "ultima_lettura_sensore": null
          },
          {
            "id_sensore": 351,
            "nome_sensore": "64DPR_AC05",
            "canali_sensore": "10, 11",
            "tipo_sensore": "Accelerometro biassiale",
            "parametro_misurato_sensore": "Accelerazione",
            "unita_misura_sensore": "g",
            "quota_sensore": "21.48",
            "stato_sensore": "ATTIVO",
            "stato_funzionamento_sensore": "OPERATIVO",
            "finanziato_mase": "NO",
            "data_attivazione_sensore": null,
            "data_dismissione_sensore": null,
            "ultima_lettura_sensore": null
          }
        ],
        "sensors_count": 5
      }
    },
    {
      "type": "Feature",
      "geometry": {
        "type": "Point",
        "coordinates": [
          13.632431,
          42.582998
        ]
      },
      "properties": {
        "id": 33,
        "net_staz_name": "65MMV",
        "nome": "Municipio di Montorio al Vomano",
        "network": "GeoSIG",
        "regione": "ABRUZZO",
        "provincia": "TERAMO",
        "comune": "MONTORIO AL VOMANO",
        "indirizzo": "Via Poliseo De Angelis, 14",
        "tipologia": "Edificio in muratura",
        "id_tipologia": 2,
        "classificazione": "MUNICIPIO",
        "sistema": "DETTAGLIATO",
        "connessione": "Rete Dati",
        "ip": "192.168.142.2",
        "zona_sismica": 2,
        "stato": "A",
        "nome_checkmk": null,
        "fem": "NO",
        "f1": 5,
        "f2": 5,
        "f3": "5.708",
        "acquisitore_serial_number": null,
        "acquisitore_centralina": null,
        "acquisitore_soglia_trigger_g": null,
        "sensors": [
          {
            "id_sensore": 352,
            "nome_sensore": "65MMV_AC00",
            "canali_sensore": "1, 2, 3",
            "tipo_sensore": "Accelerometro triassiale",
            "parametro_misurato_sensore": "Accelerazione",
            "unita_misura_sensore": "g",
            "quota_sensore": "0.00",
            "stato_sensore": "ATTIVO",
            "stato_funzionamento_sensore": "OPERATIVO",
            "finanziato_mase": "NO",
            "data_attivazione_sensore": null,
            "data_dismissione_sensore": null,
            "ultima_lettura_sensore": null
          },
          {
            "id_sensore": 353,
            "nome_sensore": "65MMV_AC01",
            "canali_sensore": "4, 5",
            "tipo_sensore": "Accelerometro biassiale",
            "parametro_misurato_sensore": "Accelerazione",
            "unita_misura_sensore": "g",
            "quota_sensore": "8.10",
            "stato_sensore": "ATTIVO",
            "stato_funzionamento_sensore": "OPERATIVO",
            "finanziato_mase": "NO",
            "data_attivazione_sensore": null,
            "data_dismissione_sensore": null,
            "ultima_lettura_sensore": null
          },
          {
            "id_sensore": 354,
            "nome_sensore": "65MMV_AC02",
            "canali_sensore": "6, 7",
            "tipo_sensore": "Accelerometro biassiale",
            "parametro_misurato_sensore": "Accelerazione",
            "unita_misura_sensore": "g",
            "quota_sensore": "8.10",
            "stato_sensore": "ATTIVO",
            "stato_funzionamento_sensore": "OPERATIVO",
            "finanziato_mase": "NO",
            "data_attivazione_sensore": null,
            "data_dismissione_sensore": null,
            "ultima_lettura_sensore": null
          },
          {
            "id_sensore": 355,
            "nome_sensore": "65MMV_AC03",
            "canali_sensore": "8, 9",
            "tipo_sensore": "Accelerometro biassiale",
            "parametro_misurato_sensore": "Accelerazione",
            "unita_misura_sensore": "g",
            "quota_sensore": "12.20",
            "stato_sensore": "ATTIVO",
            "stato_funzionamento_sensore": "OPERATIVO",
            "finanziato_mase": "NO",
            "data_attivazione_sensore": null,
            "data_dismissione_sensore": null,
            "ultima_lettura_sensore": null
          },
          {
            "id_sensore": 356,
            "nome_sensore": "65MMV_AC04",
            "canali_sensore": "10, 11",
            "tipo_sensore": "Accelerometro biassiale",
            "parametro_misurato_sensore": "Accelerazione",
            "unita_misura_sensore": "g",
            "quota_sensore": "12.20",
            "stato_sensore": "ATTIVO",
            "stato_funzionamento_sensore": "OPERATIVO",
            "finanziato_mase": "NO",
            "data_attivazione_sensore": null,
            "data_dismissione_sensore": null,
            "ultima_lettura_sensore": null
          }
        ],
        "sensors_count": 5
      }
    },
    {
      "type": "Feature",
      "geometry": {
        "type": "Point",
        "coordinates": [
          11.255875,
          43.775055
        ]
      },
      "properties": {
        "id": 34,
        "net_staz_name": "66PFI",
        "nome": "Sede della Prefettura di Firenze \"Palazzo Medici Riccardi\"",
        "network": "GeoSIG",
        "regione": "TOSCANA",
        "provincia": "FIRENZE",
        "comune": "FIRENZE",
        "indirizzo": "Via Camillo Cavour, 3",
        "tipologia": "Edificio Monumentale in muratura",
        "id_tipologia": 2,
        "classificazione": "PREFETTURA",
        "sistema": "SEMPLIFICATO",
        "connessione": "Rete Dati",
        "ip": "192.168.143.2",
        "zona_sismica": 3,
        "stato": "A",
        "nome_checkmk": null,
        "fem": "NO",
        "f1": 3,
        "f2": 3,
        "f3": "3.287",
        "acquisitore_serial_number": null,
        "acquisitore_centralina": null,
        "acquisitore_soglia_trigger_g": null,
        "sensors": [
          {
            "id_sensore": 357,
            "nome_sensore": "66PFI_AC00",
            "canali_sensore": "1, 2, 3",
            "tipo_sensore": "Accelerometro triassiale",
            "parametro_misurato_sensore": "Accelerazione",
            "unita_misura_sensore": "g",
            "quota_sensore": "0.00",
            "stato_sensore": "ATTIVO",
            "stato_funzionamento_sensore": "OPERATIVO",
            "finanziato_mase": "NO",
            "data_attivazione_sensore": null,
            "data_dismissione_sensore": null,
            "ultima_lettura_sensore": null
          },
          {
            "id_sensore": 358,
            "nome_sensore": "66PFI_AC01",
            "canali_sensore": "4, 5",
            "tipo_sensore": "Accelerometro biassiale",
            "parametro_misurato_sensore": "Accelerazione",
            "unita_misura_sensore": "g",
            "quota_sensore": "21.00",
            "stato_sensore": "ATTIVO",
            "stato_funzionamento_sensore": "OPERATIVO",
            "finanziato_mase": "NO",
            "data_attivazione_sensore": null,
            "data_dismissione_sensore": null,
            "ultima_lettura_sensore": null
          },
          {
            "id_sensore": 359,
            "nome_sensore": "66PFI_AC02",
            "canali_sensore": "6, 7",
            "tipo_sensore": "Accelerometro biassiale",
            "parametro_misurato_sensore": "Accelerazione",
            "unita_misura_sensore": "g",
            "quota_sensore": "21.00",
            "stato_sensore": "ATTIVO",
            "stato_funzionamento_sensore": "OPERATIVO",
            "finanziato_mase": "NO",
            "data_attivazione_sensore": null,
            "data_dismissione_sensore": null,
            "ultima_lettura_sensore": null
          },
          {
            "id_sensore": 360,
            "nome_sensore": "66PFI_AC03",
            "canali_sensore": "8, 9",
            "tipo_sensore": "Accelerometro biassiale",
            "parametro_misurato_sensore": "Accelerazione",
            "unita_misura_sensore": "g",
            "quota_sensore": "21.00",
            "stato_sensore": "ATTIVO",
            "stato_funzionamento_sensore": "OPERATIVO",
            "finanziato_mase": "NO",
            "data_attivazione_sensore": null,
            "data_dismissione_sensore": null,
            "ultima_lettura_sensore": null
          },
          {
            "id_sensore": 361,
            "nome_sensore": "66PFI_AC04",
            "canali_sensore": "10, 11",
            "tipo_sensore": "Accelerometro biassiale",
            "parametro_misurato_sensore": "Accelerazione",
            "unita_misura_sensore": "g",
            "quota_sensore": "21.00",
            "stato_sensore": "ATTIVO",
            "stato_funzionamento_sensore": "OPERATIVO",
            "finanziato_mase": "NO",
            "data_attivazione_sensore": null,
            "data_dismissione_sensore": null,
            "ultima_lettura_sensore": null
          }
        ],
        "sensors_count": 5
      }
    },
    {
      "type": "Feature",
      "geometry": {
        "type": "Point",
        "coordinates": [
          9.767144,
          44.488216
        ]
      },
      "properties": {
        "id": 35,
        "net_staz_name": "67MBT",
        "nome": "Municipio di Borgo Val Di Taro",
        "network": "GeoSIG",
        "regione": "EMILIA-ROMAGNA",
        "provincia": "PARMA",
        "comune": "BORGO VAL DI TARO",
        "indirizzo": "Piazza Prospero Manara, 6",
        "tipologia": "Edificio in muratura",
        "id_tipologia": 2,
        "classificazione": "MUNICIPIO",
        "sistema": "SEMPLIFICATO",
        "connessione": "Rete Dati",
        "ip": "192.168.144.2",
        "zona_sismica": 2,
        "stato": "A",
        "nome_checkmk": null,
        "fem": "SI",
        "f1": 3,
        "f2": 4,
        "f3": "4.080",
        "acquisitore_serial_number": null,
        "acquisitore_centralina": null,
        "acquisitore_soglia_trigger_g": null,
        "sensors": [
          {
            "id_sensore": 362,
            "nome_sensore": "67MBT_AC01",
            "canali_sensore": "1, 2, 3",
            "tipo_sensore": "Accelerometro triassiale",
            "parametro_misurato_sensore": "Accelerazione",
            "unita_misura_sensore": "g",
            "quota_sensore": "0.00",
            "stato_sensore": "ATTIVO",
            "stato_funzionamento_sensore": "OPERATIVO",
            "finanziato_mase": "NO",
            "data_attivazione_sensore": null,
            "data_dismissione_sensore": null,
            "ultima_lettura_sensore": null
          },
          {
            "id_sensore": 363,
            "nome_sensore": "67MBT_AC02",
            "canali_sensore": "4, 5",
            "tipo_sensore": "Accelerometro biassiale",
            "parametro_misurato_sensore": "Accelerazione",
            "unita_misura_sensore": "g",
            "quota_sensore": "15.25",
            "stato_sensore": "ATTIVO",
            "stato_funzionamento_sensore": "OPERATIVO",
            "finanziato_mase": "NO",
            "data_attivazione_sensore": null,
            "data_dismissione_sensore": null,
            "ultima_lettura_sensore": null
          },
          {
            "id_sensore": 364,
            "nome_sensore": "67MBT_AC03",
            "canali_sensore": "6, 7",
            "tipo_sensore": "Accelerometro biassiale",
            "parametro_misurato_sensore": "Accelerazione",
            "unita_misura_sensore": "g",
            "quota_sensore": "15.25",
            "stato_sensore": "ATTIVO",
            "stato_funzionamento_sensore": "OPERATIVO",
            "finanziato_mase": "NO",
            "data_attivazione_sensore": null,
            "data_dismissione_sensore": null,
            "ultima_lettura_sensore": null
          },
          {
            "id_sensore": 365,
            "nome_sensore": "67MBT_AC04",
            "canali_sensore": "8, 9",
            "tipo_sensore": "Accelerometro biassiale",
            "parametro_misurato_sensore": "Accelerazione",
            "unita_misura_sensore": "g",
            "quota_sensore": "15.25",
            "stato_sensore": "ATTIVO",
            "stato_funzionamento_sensore": "OPERATIVO",
            "finanziato_mase": "NO",
            "data_attivazione_sensore": null,
            "data_dismissione_sensore": null,
            "ultima_lettura_sensore": null
          },
          {
            "id_sensore": 366,
            "nome_sensore": "67MBT_AC05",
            "canali_sensore": "10, 11",
            "tipo_sensore": "Accelerometro biassiale",
            "parametro_misurato_sensore": "Accelerazione",
            "unita_misura_sensore": "g",
            "quota_sensore": "15.25",
            "stato_sensore": "ATTIVO",
            "stato_funzionamento_sensore": "OPERATIVO",
            "finanziato_mase": "NO",
            "data_attivazione_sensore": null,
            "data_dismissione_sensore": null,
            "ultima_lettura_sensore": null
          }
        ],
        "sensors_count": 5
      }
    },
    {
      "type": "Feature",
      "geometry": {
        "type": "Point",
        "coordinates": [
          14.725366,
          36.922914
        ]
      },
      "properties": {
        "id": 36,
        "net_staz_name": "68PRG",
        "nome": "Palazzo della Provincia (Libero Consorzio Comunale di Ragusa) ",
        "network": "GeoSIG",
        "regione": "SICILIA",
        "provincia": "RAGUSA",
        "comune": "RAGUSA",
        "indirizzo": "Viale Fante, 10",
        "tipologia": "Edificio in cemento armato",
        "id_tipologia": 1,
        "classificazione": "ALTRO EDIFICIO",
        "sistema": "DETTAGLIATO",
        "connessione": "Rete Dati",
        "ip": "192.168.145.2",
        "zona_sismica": 1,
        "stato": "A",
        "nome_checkmk": null,
        "fem": "NO",
        "f1": 2,
        "f2": 2,
        "f3": "2.663",
        "acquisitore_serial_number": null,
        "acquisitore_centralina": null,
        "acquisitore_soglia_trigger_g": null,
        "sensors": [
          {
            "id_sensore": 367,
            "nome_sensore": "68PRG_AC00",
            "canali_sensore": "12, 13, 14",
            "tipo_sensore": "Accelerometro triassiale",
            "parametro_misurato_sensore": "Accelerazione",
            "unita_misura_sensore": "g",
            "quota_sensore": "0.00",
            "stato_sensore": "ATTIVO",
            "stato_funzionamento_sensore": "OPERATIVO",
            "finanziato_mase": "NO",
            "data_attivazione_sensore": null,
            "data_dismissione_sensore": null,
            "ultima_lettura_sensore": null
          },
          {
            "id_sensore": 368,
            "nome_sensore": "68PRG_AC01",
            "canali_sensore": "1, 2, 3",
            "tipo_sensore": "Accelerometro triassiale",
            "parametro_misurato_sensore": "Accelerazione",
            "unita_misura_sensore": "g",
            "quota_sensore": "0.00",
            "stato_sensore": "ATTIVO",
            "stato_funzionamento_sensore": "OPERATIVO",
            "finanziato_mase": "NO",
            "data_attivazione_sensore": null,
            "data_dismissione_sensore": null,
            "ultima_lettura_sensore": null
          },
          {
            "id_sensore": 369,
            "nome_sensore": "68PRG_AC02",
            "canali_sensore": "4, 5",
            "tipo_sensore": "Accelerometro biassiale",
            "parametro_misurato_sensore": "Accelerazione",
            "unita_misura_sensore": "g",
            "quota_sensore": "9.00",
            "stato_sensore": "ATTIVO",
            "stato_funzionamento_sensore": "OPERATIVO",
            "finanziato_mase": "NO",
            "data_attivazione_sensore": null,
            "data_dismissione_sensore": null,
            "ultima_lettura_sensore": null
          },
          {
            "id_sensore": 370,
            "nome_sensore": "68PRG_AC03",
            "canali_sensore": "8, 9",
            "tipo_sensore": "Accelerometro biassiale",
            "parametro_misurato_sensore": "Accelerazione",
            "unita_misura_sensore": "g",
            "quota_sensore": "12.00",
            "stato_sensore": "ATTIVO",
            "stato_funzionamento_sensore": "OPERATIVO",
            "finanziato_mase": "NO",
            "data_attivazione_sensore": null,
            "data_dismissione_sensore": null,
            "ultima_lettura_sensore": null
          },
          {
            "id_sensore": 371,
            "nome_sensore": "68PRG_AC04",
            "canali_sensore": "10, 11",
            "tipo_sensore": "Accelerometro biassiale",
            "parametro_misurato_sensore": "Accelerazione",
            "unita_misura_sensore": "g",
            "quota_sensore": "9.00",
            "stato_sensore": "ATTIVO",
            "stato_funzionamento_sensore": "OPERATIVO",
            "finanziato_mase": "NO",
            "data_attivazione_sensore": null,
            "data_dismissione_sensore": null,
            "ultima_lettura_sensore": null
          },
          {
            "id_sensore": 372,
            "nome_sensore": "68PRG_AC05",
            "canali_sensore": "6, 7",
            "tipo_sensore": "Accelerometro biassiale",
            "parametro_misurato_sensore": "Accelerazione",
            "unita_misura_sensore": "g",
            "quota_sensore": "12.00",
            "stato_sensore": "ATTIVO",
            "stato_funzionamento_sensore": "OPERATIVO",
            "finanziato_mase": "NO",
            "data_attivazione_sensore": null,
            "data_dismissione_sensore": null,
            "ultima_lettura_sensore": null
          },
          {
            "id_sensore": 373,
            "nome_sensore": "68PRG_AC06",
            "canali_sensore": "15, 16",
            "tipo_sensore": "Accelerometro biassiale",
            "parametro_misurato_sensore": "Accelerazione",
            "unita_misura_sensore": "g",
            "quota_sensore": "18.00",
            "stato_sensore": "ATTIVO",
            "stato_funzionamento_sensore": "OPERATIVO",
            "finanziato_mase": "NO",
            "data_attivazione_sensore": null,
            "data_dismissione_sensore": null,
            "ultima_lettura_sensore": null
          },
          {
            "id_sensore": 374,
            "nome_sensore": "68PRG_AC07",
            "canali_sensore": "17, 18",
            "tipo_sensore": "Accelerometro biassiale",
            "parametro_misurato_sensore": "Accelerazione",
            "unita_misura_sensore": "g",
            "quota_sensore": "18.00",
            "stato_sensore": "ATTIVO",
            "stato_funzionamento_sensore": "OPERATIVO",
            "finanziato_mase": "NO",
            "data_attivazione_sensore": null,
            "data_dismissione_sensore": null,
            "ultima_lettura_sensore": null
          },
          {
            "id_sensore": 375,
            "nome_sensore": "68PRG_AC08",
            "canali_sensore": "19, 20",
            "tipo_sensore": "Accelerometro biassiale",
            "parametro_misurato_sensore": "Accelerazione",
            "unita_misura_sensore": "g",
            "quota_sensore": "24.00",
            "stato_sensore": "ATTIVO",
            "stato_funzionamento_sensore": "OPERATIVO",
            "finanziato_mase": "NO",
            "data_attivazione_sensore": null,
            "data_dismissione_sensore": null,
            "ultima_lettura_sensore": null
          },
          {
            "id_sensore": 376,
            "nome_sensore": "68PRG_AC09",
            "canali_sensore": "21, 22",
            "tipo_sensore": "Accelerometro biassiale",
            "parametro_misurato_sensore": "Accelerazione",
            "unita_misura_sensore": "g",
            "quota_sensore": "24.00",
            "stato_sensore": "ATTIVO",
            "stato_funzionamento_sensore": "OPERATIVO",
            "finanziato_mase": "NO",
            "data_attivazione_sensore": null,
            "data_dismissione_sensore": null,
            "ultima_lettura_sensore": null
          }
        ],
        "sensors_count": 10
      }
    },
    {
      "type": "Feature",
      "geometry": {
        "type": "Point",
        "coordinates": [
          13.332858,
          42.378395
        ]
      },
      "properties": {
        "id": 37,
        "net_staz_name": "69CAQ",
        "nome": "Caserma Guardia di Finanza dell'Aquila",
        "network": "GeoSIG",
        "regione": "ABRUZZO",
        "provincia": "L'AQUILA",
        "comune": "L'AQUILA",
        "indirizzo": "Viale delle Fiamme Gialle, 20",
        "tipologia": "Edificio in cemento armato",
        "id_tipologia": 1,
        "classificazione": "PREFETTURA",
        "sistema": "SEMPLIFICATO",
        "connessione": "Rete Dati",
        "ip": "192.168.59.2",
        "zona_sismica": 2,
        "stato": "A",
        "nome_checkmk": null,
        "fem": "NO",
        "f1": 3,
        "f2": 3,
        "f3": "4.717",
        "acquisitore_serial_number": null,
        "acquisitore_centralina": null,
        "acquisitore_soglia_trigger_g": null,
        "sensors": [
          {
            "id_sensore": 377,
            "nome_sensore": "69CAQ_AC01",
            "canali_sensore": "1, 2, 3",
            "tipo_sensore": "Accelerometro triassiale",
            "parametro_misurato_sensore": "Accelerazione",
            "unita_misura_sensore": "g",
            "quota_sensore": "0.00",
            "stato_sensore": "ATTIVO",
            "stato_funzionamento_sensore": "OPERATIVO",
            "finanziato_mase": "NO",
            "data_attivazione_sensore": null,
            "data_dismissione_sensore": null,
            "ultima_lettura_sensore": null
          },
          {
            "id_sensore": 378,
            "nome_sensore": "69CAQ_AC02",
            "canali_sensore": "4, 5",
            "tipo_sensore": "Accelerometro biassiale",
            "parametro_misurato_sensore": "Accelerazione",
            "unita_misura_sensore": "g",
            "quota_sensore": "11.55",
            "stato_sensore": "ATTIVO",
            "stato_funzionamento_sensore": "OPERATIVO",
            "finanziato_mase": "NO",
            "data_attivazione_sensore": null,
            "data_dismissione_sensore": null,
            "ultima_lettura_sensore": null
          },
          {
            "id_sensore": 379,
            "nome_sensore": "69CAQ_AC03",
            "canali_sensore": "6, 7",
            "tipo_sensore": "Accelerometro biassiale",
            "parametro_misurato_sensore": "Accelerazione",
            "unita_misura_sensore": "g",
            "quota_sensore": "11.55",
            "stato_sensore": "ATTIVO",
            "stato_funzionamento_sensore": "OPERATIVO",
            "finanziato_mase": "NO",
            "data_attivazione_sensore": null,
            "data_dismissione_sensore": null,
            "ultima_lettura_sensore": null
          },
          {
            "id_sensore": 380,
            "nome_sensore": "69CAQ_AC04",
            "canali_sensore": "8, 9",
            "tipo_sensore": "Accelerometro biassiale",
            "parametro_misurato_sensore": "Accelerazione",
            "unita_misura_sensore": "g",
            "quota_sensore": "11.55",
            "stato_sensore": "ATTIVO",
            "stato_funzionamento_sensore": "OPERATIVO",
            "finanziato_mase": "NO",
            "data_attivazione_sensore": null,
            "data_dismissione_sensore": null,
            "ultima_lettura_sensore": null
          },
          {
            "id_sensore": 381,
            "nome_sensore": "69CAQ_AC05",
            "canali_sensore": "10, 11",
            "tipo_sensore": "Accelerometro biassiale",
            "parametro_misurato_sensore": "Accelerazione",
            "unita_misura_sensore": "g",
            "quota_sensore": "11.55",
            "stato_sensore": "ATTIVO",
            "stato_funzionamento_sensore": "OPERATIVO",
            "finanziato_mase": "NO",
            "data_attivazione_sensore": null,
            "data_dismissione_sensore": null,
            "ultima_lettura_sensore": null
          }
        ],
        "sensors_count": 5
      }
    },
    {
      "type": "Feature",
      "geometry": {
        "type": "Point",
        "coordinates": [
          6.794063,
          44.952496
        ]
      },
      "properties": {
        "id": 38,
        "net_staz_name": "70MCT",
        "nome": "Municipio di Cesana Torinese",
        "network": "GeoSIG",
        "regione": "PIEMONTE",
        "provincia": "TORINO",
        "comune": "CESANA TORINESE",
        "indirizzo": "Piazza Vittorio Amedeo, 1",
        "tipologia": "Edificio in muratura",
        "id_tipologia": 2,
        "classificazione": "PREFETTURA",
        "sistema": "SEMPLIFICATO",
        "connessione": "Rete Dati",
        "ip": "192.168.147.2",
        "zona_sismica": 3,
        "stato": "A",
        "nome_checkmk": null,
        "fem": "NO",
        "f1": 5,
        "f2": 6,
        "f3": "6.944",
        "acquisitore_serial_number": null,
        "acquisitore_centralina": null,
        "acquisitore_soglia_trigger_g": null,
        "sensors": [
          {
            "id_sensore": 382,
            "nome_sensore": "70MCT_AC01",
            "canali_sensore": "1, 2, 3",
            "tipo_sensore": "Accelerometro triassiale",
            "parametro_misurato_sensore": "Accelerazione",
            "unita_misura_sensore": "g",
            "quota_sensore": "0.00",
            "stato_sensore": "ATTIVO",
            "stato_funzionamento_sensore": "OPERATIVO",
            "finanziato_mase": "NO",
            "data_attivazione_sensore": null,
            "data_dismissione_sensore": null,
            "ultima_lettura_sensore": null
          },
          {
            "id_sensore": 383,
            "nome_sensore": "70MCT_AC02",
            "canali_sensore": "4, 5",
            "tipo_sensore": "Accelerometro biassiale",
            "parametro_misurato_sensore": "Accelerazione",
            "unita_misura_sensore": "g",
            "quota_sensore": "6.10",
            "stato_sensore": "ATTIVO",
            "stato_funzionamento_sensore": "OPERATIVO",
            "finanziato_mase": "NO",
            "data_attivazione_sensore": null,
            "data_dismissione_sensore": null,
            "ultima_lettura_sensore": null
          },
          {
            "id_sensore": 384,
            "nome_sensore": "70MCT_AC03",
            "canali_sensore": "6, 7",
            "tipo_sensore": "Accelerometro biassiale",
            "parametro_misurato_sensore": "Accelerazione",
            "unita_misura_sensore": "g",
            "quota_sensore": "9.00",
            "stato_sensore": "ATTIVO",
            "stato_funzionamento_sensore": "OPERATIVO",
            "finanziato_mase": "NO",
            "data_attivazione_sensore": null,
            "data_dismissione_sensore": null,
            "ultima_lettura_sensore": null
          },
          {
            "id_sensore": 385,
            "nome_sensore": "70MCT_AC04",
            "canali_sensore": "8, 9",
            "tipo_sensore": "Accelerometro biassiale",
            "parametro_misurato_sensore": "Accelerazione",
            "unita_misura_sensore": "g",
            "quota_sensore": "9.00",
            "stato_sensore": "ATTIVO",
            "stato_funzionamento_sensore": "OPERATIVO",
            "finanziato_mase": "NO",
            "data_attivazione_sensore": null,
            "data_dismissione_sensore": null,
            "ultima_lettura_sensore": null
          },
          {
            "id_sensore": 386,
            "nome_sensore": "70MCT_AC05",
            "canali_sensore": "10, 11",
            "tipo_sensore": "Accelerometro biassiale",
            "parametro_misurato_sensore": "Accelerazione",
            "unita_misura_sensore": "g",
            "quota_sensore": "6.10",
            "stato_sensore": "ATTIVO",
            "stato_funzionamento_sensore": "OPERATIVO",
            "finanziato_mase": "NO",
            "data_attivazione_sensore": null,
            "data_dismissione_sensore": null,
            "ultima_lettura_sensore": null
          }
        ],
        "sensors_count": 5
      }
    },
    {
      "type": "Feature",
      "geometry": {
        "type": "Point",
        "coordinates": [
          12.189356,
          44.408089
        ]
      },
      "properties": {
        "id": 39,
        "net_staz_name": "71VRA",
        "nome": "Comando Provinciale Vigili del Fuoco di Ravenna",
        "network": "GeoSIG",
        "regione": "EMILIA-ROMAGNA",
        "provincia": "RAVENNA",
        "comune": "RAVENNA",
        "indirizzo": "Viale Vincenzo Randi, 25",
        "tipologia": "Edificio in cemento armato",
        "id_tipologia": 1,
        "classificazione": "MUNICIPIO",
        "sistema": "SEMPLIFICATO",
        "connessione": "Rete Dati",
        "ip": "192.168.148.2",
        "zona_sismica": 3,
        "stato": "A",
        "nome_checkmk": null,
        "fem": "NO",
        "f1": 3,
        "f2": 4,
        "f3": "3.910",
        "acquisitore_serial_number": null,
        "acquisitore_centralina": null,
        "acquisitore_soglia_trigger_g": null,
        "sensors": [
          {
            "id_sensore": 387,
            "nome_sensore": "71VRA_AC01",
            "canali_sensore": "1, 2, 3",
            "tipo_sensore": "Accelerometro triassiale",
            "parametro_misurato_sensore": "Accelerazione",
            "unita_misura_sensore": "g",
            "quota_sensore": "0.00",
            "stato_sensore": "ATTIVO",
            "stato_funzionamento_sensore": "OPERATIVO",
            "finanziato_mase": "NO",
            "data_attivazione_sensore": null,
            "data_dismissione_sensore": null,
            "ultima_lettura_sensore": null
          },
          {
            "id_sensore": 388,
            "nome_sensore": "71VRA_AC02",
            "canali_sensore": "4, 5",
            "tipo_sensore": "Accelerometro biassiale",
            "parametro_misurato_sensore": "Accelerazione",
            "unita_misura_sensore": "g",
            "quota_sensore": "19.50",
            "stato_sensore": "ATTIVO",
            "stato_funzionamento_sensore": "OPERATIVO",
            "finanziato_mase": "NO",
            "data_attivazione_sensore": null,
            "data_dismissione_sensore": null,
            "ultima_lettura_sensore": null
          },
          {
            "id_sensore": 389,
            "nome_sensore": "71VRA_AC03",
            "canali_sensore": "6, 7",
            "tipo_sensore": "Accelerometro biassiale",
            "parametro_misurato_sensore": "Accelerazione",
            "unita_misura_sensore": "g",
            "quota_sensore": "19.50",
            "stato_sensore": "ATTIVO",
            "stato_funzionamento_sensore": "OPERATIVO",
            "finanziato_mase": "NO",
            "data_attivazione_sensore": null,
            "data_dismissione_sensore": null,
            "ultima_lettura_sensore": null
          },
          {
            "id_sensore": 390,
            "nome_sensore": "71VRA_AC04",
            "canali_sensore": "8, 9",
            "tipo_sensore": "Accelerometro biassiale",
            "parametro_misurato_sensore": "Accelerazione",
            "unita_misura_sensore": "g",
            "quota_sensore": "19.50",
            "stato_sensore": "ATTIVO",
            "stato_funzionamento_sensore": "OPERATIVO",
            "finanziato_mase": "NO",
            "data_attivazione_sensore": null,
            "data_dismissione_sensore": null,
            "ultima_lettura_sensore": null
          },
          {
            "id_sensore": 391,
            "nome_sensore": "71VRA_AC05",
            "canali_sensore": "10, 11",
            "tipo_sensore": "Accelerometro biassiale",
            "parametro_misurato_sensore": "Accelerazione",
            "unita_misura_sensore": "g",
            "quota_sensore": "19.50",
            "stato_sensore": "ATTIVO",
            "stato_funzionamento_sensore": "OPERATIVO",
            "finanziato_mase": "NO",
            "data_attivazione_sensore": null,
            "data_dismissione_sensore": null,
            "ultima_lettura_sensore": null
          }
        ],
        "sensors_count": 5
      }
    },
    {
      "type": "Feature",
      "geometry": {
        "type": "Point",
        "coordinates": [
          12.471926,
          41.894207
        ]
      },
      "properties": {
        "id": 40,
        "net_staz_name": "72PSP",
        "nome": "Palazzo Spada (Consiglio di Stato)",
        "network": "GeoSIG",
        "regione": "LAZIO",
        "provincia": "ROMA",
        "comune": "ROMA",
        "indirizzo": "Piazza Capo di Ferro",
        "tipologia": "Edificio Monumentale in muratura",
        "id_tipologia": 2,
        "classificazione": "PREFETTURA",
        "sistema": "SEMPLIFICATO",
        "connessione": "Rete Dati",
        "ip": "192.168.149.2",
        "zona_sismica": 3,
        "stato": "A",
        "nome_checkmk": null,
        "fem": "NO",
        "f1": 2,
        "f2": 2,
        "f3": "2.600",
        "acquisitore_serial_number": null,
        "acquisitore_centralina": null,
        "acquisitore_soglia_trigger_g": null,
        "sensors": [
          {
            "id_sensore": 392,
            "nome_sensore": "72PSP_AC01",
            "canali_sensore": "1, 2, 3",
            "tipo_sensore": "Accelerometro triassiale",
            "parametro_misurato_sensore": "Accelerazione",
            "unita_misura_sensore": "g",
            "quota_sensore": "0.00",
            "stato_sensore": "ATTIVO",
            "stato_funzionamento_sensore": "OPERATIVO",
            "finanziato_mase": "NO",
            "data_attivazione_sensore": null,
            "data_dismissione_sensore": null,
            "ultima_lettura_sensore": null
          },
          {
            "id_sensore": 393,
            "nome_sensore": "72PSP_AC02",
            "canali_sensore": "4, 5",
            "tipo_sensore": "Accelerometro biassiale",
            "parametro_misurato_sensore": "Accelerazione",
            "unita_misura_sensore": "g",
            "quota_sensore": "31.00",
            "stato_sensore": "ATTIVO",
            "stato_funzionamento_sensore": "OPERATIVO",
            "finanziato_mase": "NO",
            "data_attivazione_sensore": null,
            "data_dismissione_sensore": null,
            "ultima_lettura_sensore": null
          },
          {
            "id_sensore": 394,
            "nome_sensore": "72PSP_AC03",
            "canali_sensore": "6, 7",
            "tipo_sensore": "Accelerometro biassiale",
            "parametro_misurato_sensore": "Accelerazione",
            "unita_misura_sensore": "g",
            "quota_sensore": "31.00",
            "stato_sensore": "ATTIVO",
            "stato_funzionamento_sensore": "OPERATIVO",
            "finanziato_mase": "NO",
            "data_attivazione_sensore": null,
            "data_dismissione_sensore": null,
            "ultima_lettura_sensore": null
          },
          {
            "id_sensore": 395,
            "nome_sensore": "72PSP_AC04",
            "canali_sensore": "8, 9",
            "tipo_sensore": "Accelerometro biassiale",
            "parametro_misurato_sensore": "Accelerazione",
            "unita_misura_sensore": "g",
            "quota_sensore": "31.00",
            "stato_sensore": "ATTIVO",
            "stato_funzionamento_sensore": "OPERATIVO",
            "finanziato_mase": "NO",
            "data_attivazione_sensore": null,
            "data_dismissione_sensore": null,
            "ultima_lettura_sensore": null
          },
          {
            "id_sensore": 396,
            "nome_sensore": "72PSP_AC05",
            "canali_sensore": "10, 11",
            "tipo_sensore": "Accelerometro biassiale",
            "parametro_misurato_sensore": "Accelerazione",
            "unita_misura_sensore": "g",
            "quota_sensore": "31.00",
            "stato_sensore": "ATTIVO",
            "stato_funzionamento_sensore": "OPERATIVO",
            "finanziato_mase": "NO",
            "data_attivazione_sensore": null,
            "data_dismissione_sensore": null,
            "ultima_lettura_sensore": null
          }
        ],
        "sensors_count": 5
      }
    },
    {
      "type": "Feature",
      "geometry": {
        "type": "Point",
        "coordinates": [
          12.726394,
          42.000126
        ]
      },
      "properties": {
        "id": 41,
        "net_staz_name": "73MGU",
        "nome": "Municipio di Guidonia ",
        "network": "GeoSIG",
        "regione": "LAZIO",
        "provincia": "ROMA",
        "comune": "GUIDONIA",
        "indirizzo": "Piazza Matteotti, 20",
        "tipologia": "Edificio in cemento armato",
        "id_tipologia": 1,
        "classificazione": "MUNICIPIO",
        "sistema": "DETTAGLIATO",
        "connessione": "Rete Dati",
        "ip": "192.168.30.2",
        "zona_sismica": 2,
        "stato": "A",
        "nome_checkmk": null,
        "fem": "NO",
        "f1": 3,
        "f2": 5,
        "f3": "5.770",
        "acquisitore_serial_number": null,
        "acquisitore_centralina": null,
        "acquisitore_soglia_trigger_g": null,
        "sensors": [
          {
            "id_sensore": 397,
            "nome_sensore": "73MGU_AC01",
            "canali_sensore": "1, 2, 3",
            "tipo_sensore": "Accelerometro triassiale",
            "parametro_misurato_sensore": "Accelerazione",
            "unita_misura_sensore": "g",
            "quota_sensore": "0.00",
            "stato_sensore": "ATTIVO",
            "stato_funzionamento_sensore": "OPERATIVO",
            "finanziato_mase": "NO",
            "data_attivazione_sensore": null,
            "data_dismissione_sensore": null,
            "ultima_lettura_sensore": null
          },
          {
            "id_sensore": 398,
            "nome_sensore": "73MGU_AC02",
            "canali_sensore": "4, 5",
            "tipo_sensore": "Accelerometro biassiale",
            "parametro_misurato_sensore": "Accelerazione",
            "unita_misura_sensore": "g",
            "quota_sensore": "3.80",
            "stato_sensore": "ATTIVO",
            "stato_funzionamento_sensore": "OPERATIVO",
            "finanziato_mase": "NO",
            "data_attivazione_sensore": null,
            "data_dismissione_sensore": null,
            "ultima_lettura_sensore": null
          },
          {
            "id_sensore": 399,
            "nome_sensore": "73MGU_AC03",
            "canali_sensore": "6, 7",
            "tipo_sensore": "Accelerometro biassiale",
            "parametro_misurato_sensore": "Accelerazione",
            "unita_misura_sensore": "g",
            "quota_sensore": "3.80",
            "stato_sensore": "ATTIVO",
            "stato_funzionamento_sensore": "OPERATIVO",
            "finanziato_mase": "NO",
            "data_attivazione_sensore": null,
            "data_dismissione_sensore": null,
            "ultima_lettura_sensore": null
          },
          {
            "id_sensore": 400,
            "nome_sensore": "73MGU_AC04",
            "canali_sensore": "8, 9",
            "tipo_sensore": "Accelerometro biassiale",
            "parametro_misurato_sensore": "Accelerazione",
            "unita_misura_sensore": "g",
            "quota_sensore": "8.80",
            "stato_sensore": "ATTIVO",
            "stato_funzionamento_sensore": "OPERATIVO",
            "finanziato_mase": "NO",
            "data_attivazione_sensore": null,
            "data_dismissione_sensore": null,
            "ultima_lettura_sensore": null
          },
          {
            "id_sensore": 401,
            "nome_sensore": "73MGU_AC05",
            "canali_sensore": "10, 11",
            "tipo_sensore": "Accelerometro biassiale",
            "parametro_misurato_sensore": "Accelerazione",
            "unita_misura_sensore": "g",
            "quota_sensore": "8.80",
            "stato_sensore": "ATTIVO",
            "stato_funzionamento_sensore": "OPERATIVO",
            "finanziato_mase": "NO",
            "data_attivazione_sensore": null,
            "data_dismissione_sensore": null,
            "ultima_lettura_sensore": null
          }
        ],
        "sensors_count": 5
      }
    },
    {
      "type": "Feature",
      "geometry": {
        "type": "Point",
        "coordinates": [
          12.237958,
          43.457284
        ]
      },
      "properties": {
        "id": 42,
        "net_staz_name": "74TCC",
        "nome": "Torre Civica di Città di Castello",
        "network": "GeoSIG",
        "regione": "UMBRIA",
        "provincia": "PERUGIA",
        "comune": "CITTA' DI CASTELLO",
        "indirizzo": "Piazza Venanzio Gabriotti, 12",
        "tipologia": "Torre in muratura",
        "id_tipologia": 2,
        "classificazione": "ALTRO EDIFICIO",
        "sistema": "DETTAGLIATO",
        "connessione": "Rete Dati",
        "ip": "192.168.150.2",
        "zona_sismica": 2,
        "stato": "A",
        "nome_checkmk": null,
        "fem": "NO",
        "f1": 1,
        "f2": 1,
        "f3": "4.000",
        "acquisitore_serial_number": null,
        "acquisitore_centralina": null,
        "acquisitore_soglia_trigger_g": null,
        "sensors": [
          {
            "id_sensore": 402,
            "nome_sensore": "74TCC_AC01",
            "canali_sensore": "1, 2, 3",
            "tipo_sensore": "Accelerometro triassiale",
            "parametro_misurato_sensore": "Accelerazione",
            "unita_misura_sensore": "g",
            "quota_sensore": "0.00",
            "stato_sensore": "ATTIVO",
            "stato_funzionamento_sensore": "OPERATIVO",
            "finanziato_mase": "NO",
            "data_attivazione_sensore": null,
            "data_dismissione_sensore": null,
            "ultima_lettura_sensore": null
          },
          {
            "id_sensore": 403,
            "nome_sensore": "74TCC_AC02",
            "canali_sensore": "4, 5",
            "tipo_sensore": "Accelerometro biassiale",
            "parametro_misurato_sensore": "Accelerazione",
            "unita_misura_sensore": "g",
            "quota_sensore": "13.00",
            "stato_sensore": "ATTIVO",
            "stato_funzionamento_sensore": "OPERATIVO",
            "finanziato_mase": "NO",
            "data_attivazione_sensore": null,
            "data_dismissione_sensore": null,
            "ultima_lettura_sensore": null
          },
          {
            "id_sensore": 404,
            "nome_sensore": "74TCC_AC03",
            "canali_sensore": "6, 7",
            "tipo_sensore": "Accelerometro biassiale",
            "parametro_misurato_sensore": "Accelerazione",
            "unita_misura_sensore": "g",
            "quota_sensore": "13.00",
            "stato_sensore": "ATTIVO",
            "stato_funzionamento_sensore": "OPERATIVO",
            "finanziato_mase": "NO",
            "data_attivazione_sensore": null,
            "data_dismissione_sensore": null,
            "ultima_lettura_sensore": null
          },
          {
            "id_sensore": 405,
            "nome_sensore": "74TCC_AC04",
            "canali_sensore": "8, 9",
            "tipo_sensore": "Accelerometro biassiale",
            "parametro_misurato_sensore": "Accelerazione",
            "unita_misura_sensore": "g",
            "quota_sensore": "34.00",
            "stato_sensore": "ATTIVO",
            "stato_funzionamento_sensore": "OPERATIVO",
            "finanziato_mase": "NO",
            "data_attivazione_sensore": null,
            "data_dismissione_sensore": null,
            "ultima_lettura_sensore": null
          },
          {
            "id_sensore": 406,
            "nome_sensore": "74TCC_AC05",
            "canali_sensore": "10, 11",
            "tipo_sensore": "Accelerometro biassiale",
            "parametro_misurato_sensore": "Accelerazione",
            "unita_misura_sensore": "g",
            "quota_sensore": "34.00",
            "stato_sensore": "ATTIVO",
            "stato_funzionamento_sensore": "OPERATIVO",
            "finanziato_mase": "NO",
            "data_attivazione_sensore": null,
            "data_dismissione_sensore": null,
            "ultima_lettura_sensore": null
          }
        ],
        "sensors_count": 5
      }
    },
    {
      "type": "Feature",
      "geometry": {
        "type": "Point",
        "coordinates": [
          11.67886,
          43.07615
        ]
      },
      "properties": {
        "id": 43,
        "net_staz_name": "75DPZ",
        "nome": "Duomo di Pienza",
        "network": "GeoSIG",
        "regione": "TOSCANA",
        "provincia": "SIENA",
        "comune": "PIENZA",
        "indirizzo": "Piazza Pio II, 2",
        "tipologia": "Edificio Monumentale in muratura",
        "id_tipologia": 2,
        "classificazione": "ALTRO EDIFICIO",
        "sistema": "SEMPLIFICATO",
        "connessione": "Rete Dati",
        "ip": "192.168.94.2",
        "zona_sismica": 3,
        "stato": "A",
        "nome_checkmk": null,
        "fem": "NO",
        "f1": 4,
        "f2": 4,
        "f3": "5.524",
        "acquisitore_serial_number": null,
        "acquisitore_centralina": null,
        "acquisitore_soglia_trigger_g": null,
        "sensors": [
          {
            "id_sensore": 407,
            "nome_sensore": "75DPZ_AC01",
            "canali_sensore": "1, 2, 3",
            "tipo_sensore": "Accelerometro triassiale",
            "parametro_misurato_sensore": "Accelerazione",
            "unita_misura_sensore": "g",
            "quota_sensore": "0.00",
            "stato_sensore": "ATTIVO",
            "stato_funzionamento_sensore": "OPERATIVO",
            "finanziato_mase": "NO",
            "data_attivazione_sensore": null,
            "data_dismissione_sensore": null,
            "ultima_lettura_sensore": null
          },
          {
            "id_sensore": 408,
            "nome_sensore": "75DPZ_AC02",
            "canali_sensore": "4, 5",
            "tipo_sensore": "Accelerometro biassiale",
            "parametro_misurato_sensore": "Accelerazione",
            "unita_misura_sensore": "g",
            "quota_sensore": "18.00",
            "stato_sensore": "ATTIVO",
            "stato_funzionamento_sensore": "OPERATIVO",
            "finanziato_mase": "NO",
            "data_attivazione_sensore": null,
            "data_dismissione_sensore": null,
            "ultima_lettura_sensore": null
          },
          {
            "id_sensore": 409,
            "nome_sensore": "75DPZ_AC03",
            "canali_sensore": "6, 7",
            "tipo_sensore": "Accelerometro biassiale",
            "parametro_misurato_sensore": "Accelerazione",
            "unita_misura_sensore": "g",
            "quota_sensore": "18.00",
            "stato_sensore": "ATTIVO",
            "stato_funzionamento_sensore": "OPERATIVO",
            "finanziato_mase": "NO",
            "data_attivazione_sensore": null,
            "data_dismissione_sensore": null,
            "ultima_lettura_sensore": null
          },
          {
            "id_sensore": 410,
            "nome_sensore": "75DPZ_AC04",
            "canali_sensore": "8, 9",
            "tipo_sensore": "Accelerometro biassiale",
            "parametro_misurato_sensore": "Accelerazione",
            "unita_misura_sensore": "g",
            "quota_sensore": "18.00",
            "stato_sensore": "ATTIVO",
            "stato_funzionamento_sensore": "OPERATIVO",
            "finanziato_mase": "NO",
            "data_attivazione_sensore": null,
            "data_dismissione_sensore": null,
            "ultima_lettura_sensore": null
          },
          {
            "id_sensore": 411,
            "nome_sensore": "75DPZ_AC05",
            "canali_sensore": "10, 11",
            "tipo_sensore": "Accelerometro biassiale",
            "parametro_misurato_sensore": "Accelerazione",
            "unita_misura_sensore": "g",
            "quota_sensore": "18.00",
            "stato_sensore": "ATTIVO",
            "stato_funzionamento_sensore": "OPERATIVO",
            "finanziato_mase": "NO",
            "data_attivazione_sensore": null,
            "data_dismissione_sensore": null,
            "ultima_lettura_sensore": null
          }
        ],
        "sensors_count": 5
      }
    },
    {
      "type": "Feature",
      "geometry": {
        "type": "Point",
        "coordinates": [
          13.767956,
          45.65065
        ]
      },
      "properties": {
        "id": 44,
        "net_staz_name": "76PTS",
        "nome": "Prefettura di Trieste",
        "network": "GeoSIG",
        "regione": "FRIULI-VENEZIA GIULIA",
        "provincia": "TRIESTE",
        "comune": "TRIESTE",
        "indirizzo": "Piazza Unità d'Italia, 8",
        "tipologia": "Edificio Monumentale in muratura",
        "id_tipologia": 2,
        "classificazione": "PREFETTURA",
        "sistema": "SEMPLIFICATO",
        "connessione": "Rete Dati",
        "ip": "192.168.151.1",
        "zona_sismica": 3,
        "stato": "A",
        "nome_checkmk": null,
        "fem": "NO",
        "f1": 3,
        "f2": 3,
        "f3": "3.810",
        "acquisitore_serial_number": null,
        "acquisitore_centralina": null,
        "acquisitore_soglia_trigger_g": null,
        "sensors": [
          {
            "id_sensore": 412,
            "nome_sensore": "76PTS_AC01",
            "canali_sensore": "1, 2, 3",
            "tipo_sensore": "Accelerometro triassiale",
            "parametro_misurato_sensore": "Accelerazione",
            "unita_misura_sensore": "g",
            "quota_sensore": "0.00",
            "stato_sensore": "ATTIVO",
            "stato_funzionamento_sensore": "OPERATIVO",
            "finanziato_mase": "NO",
            "data_attivazione_sensore": null,
            "data_dismissione_sensore": null,
            "ultima_lettura_sensore": null
          },
          {
            "id_sensore": 413,
            "nome_sensore": "76PTS_AC02",
            "canali_sensore": "4, 5",
            "tipo_sensore": "Accelerometro biassiale",
            "parametro_misurato_sensore": "Accelerazione",
            "unita_misura_sensore": "g",
            "quota_sensore": "19.00",
            "stato_sensore": "ATTIVO",
            "stato_funzionamento_sensore": "OPERATIVO",
            "finanziato_mase": "NO",
            "data_attivazione_sensore": null,
            "data_dismissione_sensore": null,
            "ultima_lettura_sensore": null
          },
          {
            "id_sensore": 414,
            "nome_sensore": "76PTS_AC03",
            "canali_sensore": "6, 7",
            "tipo_sensore": "Accelerometro biassiale",
            "parametro_misurato_sensore": "Accelerazione",
            "unita_misura_sensore": "g",
            "quota_sensore": "19.00",
            "stato_sensore": "ATTIVO",
            "stato_funzionamento_sensore": "OPERATIVO",
            "finanziato_mase": "NO",
            "data_attivazione_sensore": null,
            "data_dismissione_sensore": null,
            "ultima_lettura_sensore": null
          },
          {
            "id_sensore": 415,
            "nome_sensore": "76PTS_AC04",
            "canali_sensore": "8, 9",
            "tipo_sensore": "Accelerometro biassiale",
            "parametro_misurato_sensore": "Accelerazione",
            "unita_misura_sensore": "g",
            "quota_sensore": "19.00",
            "stato_sensore": "ATTIVO",
            "stato_funzionamento_sensore": "OPERATIVO",
            "finanziato_mase": "NO",
            "data_attivazione_sensore": null,
            "data_dismissione_sensore": null,
            "ultima_lettura_sensore": null
          },
          {
            "id_sensore": 416,
            "nome_sensore": "76PTS_AC05",
            "canali_sensore": "10, 11",
            "tipo_sensore": "Accelerometro biassiale",
            "parametro_misurato_sensore": "Accelerazione",
            "unita_misura_sensore": "g",
            "quota_sensore": "19.00",
            "stato_sensore": "ATTIVO",
            "stato_funzionamento_sensore": "OPERATIVO",
            "finanziato_mase": "NO",
            "data_attivazione_sensore": null,
            "data_dismissione_sensore": null,
            "ultima_lettura_sensore": null
          }
        ],
        "sensors_count": 5
      }
    },
    {
      "type": "Feature",
      "geometry": {
        "type": "Point",
        "coordinates": [
          14.122752,
          40.822794
        ]
      },
      "properties": {
        "id": 45,
        "net_staz_name": "77SPO",
        "nome": "Scuola dell'Infanzia e Primaria Marconi",
        "network": "GeoSIG",
        "regione": "CAMPANIA",
        "provincia": "NAPOLI",
        "comune": "POZZUOLI",
        "indirizzo": "Viale Capomazza,6",
        "tipologia": "Edificio in cemento armato",
        "id_tipologia": 1,
        "classificazione": "SCUOLA",
        "sistema": "SEMPLIFICATO",
        "connessione": "Rete Dati",
        "ip": "192.168.157.2",
        "zona_sismica": 2,
        "stato": "A",
        "nome_checkmk": null,
        "fem": "NO",
        "f1": 3,
        "f2": 4,
        "f3": "4.320",
        "acquisitore_serial_number": null,
        "acquisitore_centralina": null,
        "acquisitore_soglia_trigger_g": null,
        "sensors": [
          {
            "id_sensore": 671,
            "nome_sensore": "77SPO_AC01",
            "canali_sensore": "1, 2, 3",
            "tipo_sensore": "Accelerometro triassiale",
            "parametro_misurato_sensore": "Accelerazione",
            "unita_misura_sensore": "g",
            "quota_sensore": "0.00",
            "stato_sensore": "ATTIVO",
            "stato_funzionamento_sensore": "OPERATIVO",
            "finanziato_mase": "NO",
            "data_attivazione_sensore": null,
            "data_dismissione_sensore": null,
            "ultima_lettura_sensore": null
          },
          {
            "id_sensore": 672,
            "nome_sensore": "77SPO_AC02",
            "canali_sensore": "4, 5",
            "tipo_sensore": "Accelerometro biassiale",
            "parametro_misurato_sensore": "Accelerazione",
            "unita_misura_sensore": "g",
            "quota_sensore": "4.00",
            "stato_sensore": "ATTIVO",
            "stato_funzionamento_sensore": "OPERATIVO",
            "finanziato_mase": "NO",
            "data_attivazione_sensore": null,
            "data_dismissione_sensore": null,
            "ultima_lettura_sensore": null
          },
          {
            "id_sensore": 673,
            "nome_sensore": "77SPO_AC03",
            "canali_sensore": "6, 7",
            "tipo_sensore": "Accelerometro biassiale",
            "parametro_misurato_sensore": "Accelerazione",
            "unita_misura_sensore": "g",
            "quota_sensore": "4.00",
            "stato_sensore": "ATTIVO",
            "stato_funzionamento_sensore": "OPERATIVO",
            "finanziato_mase": "NO",
            "data_attivazione_sensore": null,
            "data_dismissione_sensore": null,
            "ultima_lettura_sensore": null
          },
          {
            "id_sensore": 674,
            "nome_sensore": "77SPO_AC04",
            "canali_sensore": "8, 9",
            "tipo_sensore": "Accelerometro biassiale",
            "parametro_misurato_sensore": "Accelerazione",
            "unita_misura_sensore": "g",
            "quota_sensore": "12.00",
            "stato_sensore": "ATTIVO",
            "stato_funzionamento_sensore": "OPERATIVO",
            "finanziato_mase": "NO",
            "data_attivazione_sensore": null,
            "data_dismissione_sensore": null,
            "ultima_lettura_sensore": null
          },
          {
            "id_sensore": 675,
            "nome_sensore": "77SPO_AC05",
            "canali_sensore": "10, 11",
            "tipo_sensore": "Accelerometro biassiale",
            "parametro_misurato_sensore": "Accelerazione",
            "unita_misura_sensore": "g",
            "quota_sensore": "12.00",
            "stato_sensore": "ATTIVO",
            "stato_funzionamento_sensore": "OPERATIVO",
            "finanziato_mase": "NO",
            "data_attivazione_sensore": null,
            "data_dismissione_sensore": null,
            "ultima_lettura_sensore": null
          }
        ],
        "sensors_count": 5
      }
    },
    {
      "type": "Feature",
      "geometry": {
        "type": "Point",
        "coordinates": [
          15.63194,
          41.71166
        ]
      },
      "properties": {
        "id": 46,
        "net_staz_name": "BC001",
        "nome": "Centro Culturale e Biblioteca",
        "network": "Lunitek",
        "regione": "PUGLIA",
        "provincia": "FOGGIA",
        "comune": "SAN MARCO IN LAMIS",
        "indirizzo": "Piazza Carlo Marx, 1",
        "tipologia": "Edificio in cemento armato",
        "id_tipologia": 1,
        "classificazione": "ALTRO EDIFICIO",
        "sistema": "DETTAGLIATO",
        "connessione": null,
        "ip": "10.10.1.197",
        "zona_sismica": 2,
        "stato": "A",
        "nome_checkmk": null,
        "fem": "SI",
        "f1": 5,
        "f2": 6,
        "f3": "7.025",
        "acquisitore_serial_number": null,
        "acquisitore_centralina": null,
        "acquisitore_soglia_trigger_g": null,
        "sensors": [],
        "sensors_count": 0
      }
    },
    {
      "type": "Feature",
      "geometry": {
        "type": "Point",
        "coordinates": [
          15.38667,
          41.69333
        ]
      },
      "properties": {
        "id": 47,
        "net_staz_name": "BC002",
        "nome": "Istituto Tecnico per Geometri \"Leon Battista Alberti\"",
        "network": "Lunitek",
        "regione": "PUGLIA",
        "provincia": "FOGGIA",
        "comune": "SAN SEVERO",
        "indirizzo": "via Adda",
        "tipologia": "Edificio in cemento armato",
        "id_tipologia": 1,
        "classificazione": "SCUOLA",
        "sistema": "DETTAGLIATO",
        "connessione": null,
        "ip": "10.10.1.213",
        "zona_sismica": 2,
        "stato": "A",
        "nome_checkmk": null,
        "fem": "SI",
        "f1": 6,
        "f2": 8,
        "f3": "8.775",
        "acquisitore_serial_number": null,
        "acquisitore_centralina": null,
        "acquisitore_soglia_trigger_g": null,
        "sensors": [],
        "sensors_count": 0
      }
    },
    {
      "type": "Feature",
      "geometry": {
        "type": "Point",
        "coordinates": [
          14.992094,
          41.712444
        ]
      },
      "properties": {
        "id": 48,
        "net_staz_name": "BC003",
        "nome": "Municipio di Santa Croce di Magliano",
        "network": "Lunitek",
        "regione": "MOLISE",
        "provincia": "CAMPOBASSO",
        "comune": "SANTA CROCE DI MAGLIANO",
        "indirizzo": "Vico I Mercato, 4",
        "tipologia": "Edificio in cemento armato",
        "id_tipologia": 1,
        "classificazione": "MUNICIPIO",
        "sistema": "DETTAGLIATO",
        "connessione": null,
        "ip": "192.168.77.173",
        "zona_sismica": 2,
        "stato": "A",
        "nome_checkmk": null,
        "fem": "SI",
        "f1": 5,
        "f2": 6,
        "f3": "6.55",
        "acquisitore_serial_number": null,
        "acquisitore_centralina": null,
        "acquisitore_soglia_trigger_g": null,
        "sensors": [],
        "sensors_count": 0
      }
    },
    {
      "type": "Feature",
      "geometry": {
        "type": "Point",
        "coordinates": [
          14.47138,
          41.4825
        ]
      },
      "properties": {
        "id": 50,
        "net_staz_name": "BC005",
        "nome": "Municipio di Bojano",
        "network": "Lunitek",
        "regione": "MOLISE",
        "provincia": "CAMPOBASSO",
        "comune": "BOJANO",
        "indirizzo": "Via Roma 153",
        "tipologia": "Edificio in muratura",
        "id_tipologia": 2,
        "classificazione": "MUNICIPIO",
        "sistema": "DETTAGLIATO",
        "connessione": null,
        "ip": "10.10.1.53",
        "zona_sismica": 1,
        "stato": "A",
        "nome_checkmk": null,
        "fem": "SI",
        "f1": 8,
        "f2": 9,
        "f3": "-",
        "acquisitore_serial_number": null,
        "acquisitore_centralina": null,
        "acquisitore_soglia_trigger_g": null,
        "sensors": [],
        "sensors_count": 0
      }
    },
    {
      "type": "Feature",
      "geometry": {
        "type": "Point",
        "coordinates": [
          14.35472,
          41.35361
        ]
      },
      "properties": {
        "id": 51,
        "net_staz_name": "BC006",
        "nome": "Presidio Ospedaliero - Distretto sanitario n.3",
        "network": "Lunitek",
        "regione": "CAMPANIA",
        "provincia": "CASERTA",
        "comune": "PIEDIMONTE MATESE",
        "indirizzo": "Via Matese",
        "tipologia": "Edificio in cemento armato",
        "id_tipologia": 1,
        "classificazione": "OSPEDALE",
        "sistema": "DETTAGLIATO",
        "connessione": null,
        "ip": "10.10.1.77",
        "zona_sismica": 1,
        "stato": "A",
        "nome_checkmk": null,
        "fem": "SI",
        "f1": 5,
        "f2": 6,
        "f3": "6.586",
        "acquisitore_serial_number": null,
        "acquisitore_centralina": null,
        "acquisitore_soglia_trigger_g": null,
        "sensors": [],
        "sensors_count": 0
      }
    },
    {
      "type": "Feature",
      "geometry": {
        "type": "Point",
        "coordinates": [
          14.22917,
          40.85694
        ]
      },
      "properties": {
        "id": 52,
        "net_staz_name": "BC007",
        "nome": "Scuola Media \"S.Minucci\"",
        "network": "Lunitek",
        "regione": "CAMPANIA",
        "provincia": "NAPOLI",
        "comune": "NAPOLI",
        "indirizzo": "Via Domenico Fontana, 136",
        "tipologia": "Edificio in cemento armato",
        "id_tipologia": 1,
        "classificazione": "SCUOLA",
        "sistema": "DETTAGLIATO",
        "connessione": null,
        "ip": "10.10.2.61",
        "zona_sismica": 2,
        "stato": "A",
        "nome_checkmk": null,
        "fem": "SI",
        "f1": 4,
        "f2": 4,
        "f3": "9.814",
        "acquisitore_serial_number": null,
        "acquisitore_centralina": null,
        "acquisitore_soglia_trigger_g": null,
        "sensors": [],
        "sensors_count": 0
      }
    },
    {
      "type": "Feature",
      "geometry": {
        "type": "Point",
        "coordinates": [
          14.930763,
          41.274194
        ]
      },
      "properties": {
        "id": 53,
        "net_staz_name": "BC008",
        "nome": "Scuola Elementare \"Piano dello Stallone\"",
        "network": "Lunitek",
        "regione": "CAMPANIA",
        "provincia": "BENEVENTO",
        "comune": "SAN GIORGIO LA MOLARA",
        "indirizzo": "Piano dello Stallone",
        "tipologia": "Edificio in cemento armato",
        "id_tipologia": 1,
        "classificazione": "SCUOLA",
        "sistema": "DETTAGLIATO",
        "connessione": null,
        "ip": "192.168.78.157",
        "zona_sismica": 1,
        "stato": "A",
        "nome_checkmk": null,
        "fem": "SI",
        "f1": 5,
        "f2": 6,
        "f3": "7.986",
        "acquisitore_serial_number": null,
        "acquisitore_centralina": null,
        "acquisitore_soglia_trigger_g": null,
        "sensors": [],
        "sensors_count": 0
      }
    },
    {
      "type": "Feature",
      "geometry": {
        "type": "Point",
        "coordinates": [
          15.09472,
          41.15778
        ]
      },
      "properties": {
        "id": 54,
        "net_staz_name": "BC010",
        "nome": "Scuola Elementare \"Pasterni\"",
        "network": "Lunitek",
        "regione": "CAMPANIA",
        "provincia": "AVELLINO",
        "comune": "ARIANO IRPINO",
        "indirizzo": "Via Marconi 25",
        "tipologia": "Edificio in cemento armato",
        "id_tipologia": 1,
        "classificazione": "SCUOLA",
        "sistema": "DETTAGLIATO",
        "connessione": null,
        "ip": "10.10.1.13",
        "zona_sismica": 1,
        "stato": "A",
        "nome_checkmk": null,
        "fem": "SI",
        "f1": 4,
        "f2": 5,
        "f3": "6.445",
        "acquisitore_serial_number": null,
        "acquisitore_centralina": null,
        "acquisitore_soglia_trigger_g": null,
        "sensors": [],
        "sensors_count": 0
      }
    },
    {
      "type": "Feature",
      "geometry": {
        "type": "Point",
        "coordinates": [
          15.18556,
          40.92389
        ]
      },
      "properties": {
        "id": 55,
        "net_staz_name": "BC011",
        "nome": "Scuola Media \"V.Criscuoli\"",
        "network": "Lunitek",
        "regione": "CAMPANIA",
        "provincia": "AVELLINO",
        "comune": "SANT'ANGELO DEI LOMBARDI",
        "indirizzo": "Via S.Ianni",
        "tipologia": "Edificio in cemento armato",
        "id_tipologia": 1,
        "classificazione": "SCUOLA",
        "sistema": "DETTAGLIATO",
        "connessione": null,
        "ip": "10.10.1.37",
        "zona_sismica": 1,
        "stato": "A",
        "nome_checkmk": null,
        "fem": "SI",
        "f1": 9,
        "f2": 12,
        "f3": "14.996",
        "acquisitore_serial_number": null,
        "acquisitore_centralina": null,
        "acquisitore_soglia_trigger_g": null,
        "sensors": [],
        "sensors_count": 0
      }
    },
    {
      "type": "Feature",
      "geometry": {
        "type": "Point",
        "coordinates": [
          14.22139,
          41.58278
        ]
      },
      "properties": {
        "id": 56,
        "net_staz_name": "BC013",
        "nome": "Ospedale di Isernia",
        "network": "Lunitek",
        "regione": "MOLISE",
        "provincia": "ISERNIA",
        "comune": "ISERNIA",
        "indirizzo": "Via S. Ippolito",
        "tipologia": "Edificio in cemento armato",
        "id_tipologia": 1,
        "classificazione": "OSPEDALE",
        "sistema": "DETTAGLIATO",
        "connessione": null,
        "ip": "10.10.2.13",
        "zona_sismica": 1,
        "stato": "A",
        "nome_checkmk": null,
        "fem": "SI",
        "f1": 3,
        "f2": 3,
        "f3": "3.32",
        "acquisitore_serial_number": null,
        "acquisitore_centralina": null,
        "acquisitore_soglia_trigger_g": null,
        "sensors": [],
        "sensors_count": 0
      }
    },
    {
      "type": "Feature",
      "geometry": {
        "type": "Point",
        "coordinates": [
          14.1,
          41.22472
        ]
      },
      "properties": {
        "id": 57,
        "net_staz_name": "BC014",
        "nome": "Ponte Torricelle",
        "network": "Lunitek",
        "regione": "CAMPANIA",
        "provincia": "CASERTA",
        "comune": "TEANO",
        "indirizzo": "SP112",
        "tipologia": "Ponte in cemento armato",
        "id_tipologia": 10,
        "classificazione": "PONTE",
        "sistema": "DETTAGLIATO",
        "connessione": null,
        "ip": "192.168.118.81",
        "zona_sismica": 2,
        "stato": "A",
        "nome_checkmk": null,
        "fem": "SI",
        "f1": 3,
        "f2": 4,
        "f3": "3.75",
        "acquisitore_serial_number": null,
        "acquisitore_centralina": null,
        "acquisitore_soglia_trigger_g": null,
        "sensors": [],
        "sensors_count": 0
      }
    },
    {
      "type": "Feature",
      "geometry": {
        "type": "Point",
        "coordinates": [
          14.77778,
          41.13083
        ]
      },
      "properties": {
        "id": 58,
        "net_staz_name": "BC015",
        "nome": "Palazzo ex \"Bosco Lucarelli\"",
        "network": "Lunitek",
        "regione": "CAMPANIA",
        "provincia": "BENEVENTO",
        "comune": "BENEVENTO",
        "indirizzo": "Corso Garibaldi",
        "tipologia": "Edificio in muratura",
        "id_tipologia": 2,
        "classificazione": "SCUOLA",
        "sistema": "DETTAGLIATO",
        "connessione": null,
        "ip": "10.10.1.45",
        "zona_sismica": 1,
        "stato": "A",
        "nome_checkmk": null,
        "fem": "NO",
        "f1": 4,
        "f2": 5,
        "f3": "5.25",
        "acquisitore_serial_number": null,
        "acquisitore_centralina": null,
        "acquisitore_soglia_trigger_g": null,
        "sensors": [],
        "sensors_count": 0
      }
    },
    {
      "type": "Feature",
      "geometry": {
        "type": "Point",
        "coordinates": [
          15.25917,
          41.74056
        ]
      },
      "properties": {
        "id": 59,
        "net_staz_name": "BC016",
        "nome": "Municipio di San Paolo di Civitate",
        "network": "Lunitek",
        "regione": "PUGLIA",
        "provincia": "FOGGIA",
        "comune": "SAN PAOLO IN CIVITATE",
        "indirizzo": " Via Matteo Valente, 1",
        "tipologia": "Edificio in muratura",
        "id_tipologia": 2,
        "classificazione": "MUNICIPIO",
        "sistema": "DETTAGLIATO",
        "connessione": null,
        "ip": "10.10.1.205",
        "zona_sismica": 2,
        "stato": "A",
        "nome_checkmk": null,
        "fem": "NO",
        "f1": 5,
        "f2": 6,
        "f3": "7.72",
        "acquisitore_serial_number": null,
        "acquisitore_centralina": null,
        "acquisitore_soglia_trigger_g": null,
        "sensors": [],
        "sensors_count": 0
      }
    },
    {
      "type": "Feature",
      "geometry": {
        "type": "Point",
        "coordinates": [
          15.40361,
          40.65583
        ]
      },
      "properties": {
        "id": 61,
        "net_staz_name": "BC019",
        "nome": "Municipio di San Gregorio Magno",
        "network": "Lunitek",
        "regione": "CAMPANIA",
        "provincia": "SALERNO",
        "comune": "SAN GREGORIO MAGNO",
        "indirizzo": "P.zza Municipio",
        "tipologia": "Edificio in struttura mista c.a. - muratura",
        "id_tipologia": 3,
        "classificazione": "MUNICIPIO",
        "sistema": "DETTAGLIATO",
        "connessione": null,
        "ip": "10.10.2.205",
        "zona_sismica": 1,
        "stato": "A",
        "nome_checkmk": null,
        "fem": "SI",
        "f1": 7,
        "f2": 8,
        "f3": "8.942",
        "acquisitore_serial_number": null,
        "acquisitore_centralina": null,
        "acquisitore_soglia_trigger_g": null,
        "sensors": [],
        "sensors_count": 0
      }
    },
    {
      "type": "Feature",
      "geometry": {
        "type": "Point",
        "coordinates": [
          15.539818,
          40.759351
        ]
      },
      "properties": {
        "id": 62,
        "net_staz_name": "BC020",
        "nome": "Municipio di Bella",
        "network": "Lunitek",
        "regione": "BASILICATA",
        "provincia": "POTENZA",
        "comune": "BELLA",
        "indirizzo": "Corso Italia, 28",
        "tipologia": "Edificio in muratura",
        "id_tipologia": 2,
        "classificazione": "MUNICIPIO",
        "sistema": "DETTAGLIATO",
        "connessione": null,
        "ip": "10.10.3.165",
        "zona_sismica": 1,
        "stato": "A",
        "nome_checkmk": null,
        "fem": "SI",
        "f1": 7,
        "f2": 7,
        "f3": "10.65",
        "acquisitore_serial_number": null,
        "acquisitore_centralina": null,
        "acquisitore_soglia_trigger_g": null,
        "sensors": [],
        "sensors_count": 0
      }
    },
    {
      "type": "Feature",
      "geometry": {
        "type": "Point",
        "coordinates": [
          15.43444,
          40.90083
        ]
      },
      "properties": {
        "id": 63,
        "net_staz_name": "BC021",
        "nome": "Scuola Elementare Statale \"Vito Acocella\"",
        "network": "Lunitek",
        "regione": "CAMPANIA",
        "provincia": "AVELLINO",
        "comune": "CALITRI",
        "indirizzo": "Corso Garibaldi",
        "tipologia": "Edificio in cemento armato",
        "id_tipologia": 1,
        "classificazione": "SCUOLA",
        "sistema": "DETTAGLIATO",
        "connessione": null,
        "ip": "10.10.1.29",
        "zona_sismica": 1,
        "stato": "A",
        "nome_checkmk": null,
        "fem": "SI",
        "f1": 4,
        "f2": 5,
        "f3": "6.36",
        "acquisitore_serial_number": null,
        "acquisitore_centralina": null,
        "acquisitore_soglia_trigger_g": null,
        "sensors": [],
        "sensors_count": 0
      }
    },
    {
      "type": "Feature",
      "geometry": {
        "type": "Point",
        "coordinates": [
          15.39667,
          40.83583
        ]
      },
      "properties": {
        "id": 64,
        "net_staz_name": "BC022",
        "nome": "Municipio di Pescopagano",
        "network": "Lunitek",
        "regione": "BASILICATA",
        "provincia": "POTENZA",
        "comune": "PESCOPAGANO",
        "indirizzo": "piazza della Vittoria, 2",
        "tipologia": "Edificio in cemento armato",
        "id_tipologia": 1,
        "classificazione": "MUNICIPIO",
        "sistema": "DETTAGLIATO",
        "connessione": null,
        "ip": "10.10.2.117",
        "zona_sismica": 1,
        "stato": "A",
        "nome_checkmk": null,
        "fem": "SI",
        "f1": 5,
        "f2": 6,
        "f3": "-",
        "acquisitore_serial_number": null,
        "acquisitore_centralina": null,
        "acquisitore_soglia_trigger_g": null,
        "sensors": [],
        "sensors_count": 0
      }
    },
    {
      "type": "Feature",
      "geometry": {
        "type": "Point",
        "coordinates": [
          15.6575,
          40.34417
        ]
      },
      "properties": {
        "id": 66,
        "net_staz_name": "BC024",
        "nome": "Scuola Media Statale \"Capoluogo\"",
        "network": "Lunitek",
        "regione": "CAMPANIA",
        "provincia": "SALERNO",
        "comune": "PADULA",
        "indirizzo": "via Salita dei Trecento, 37",
        "tipologia": "Edificio in cemento armato",
        "id_tipologia": 1,
        "classificazione": "SCUOLA",
        "sistema": "DETTAGLIATO",
        "connessione": null,
        "ip": "10.10.2.197",
        "zona_sismica": 1,
        "stato": "A",
        "nome_checkmk": null,
        "fem": "SI",
        "f1": 8,
        "f2": 9,
        "f3": "9.088",
        "acquisitore_serial_number": null,
        "acquisitore_centralina": null,
        "acquisitore_soglia_trigger_g": null,
        "sensors": [],
        "sensors_count": 0
      }
    },
    {
      "type": "Feature",
      "geometry": {
        "type": "Point",
        "coordinates": [
          13.35583,
          38.10417
        ]
      },
      "properties": {
        "id": 68,
        "net_staz_name": "BC026",
        "nome": "Ospedale Civico \"Benfratelli\"",
        "network": "Lunitek",
        "regione": "SICILIA",
        "provincia": "PALERMO",
        "comune": "PALERMO",
        "indirizzo": "Via Carmelo Lazzaro",
        "tipologia": "Edificio in cemento armato",
        "id_tipologia": 1,
        "classificazione": "OSPEDALE",
        "sistema": "DETTAGLIATO",
        "connessione": null,
        "ip": "10.10.2.69",
        "zona_sismica": 2,
        "stato": "A",
        "nome_checkmk": null,
        "fem": "SI",
        "f1": 3,
        "f2": 3,
        "f3": "3.86",
        "acquisitore_serial_number": null,
        "acquisitore_centralina": null,
        "acquisitore_soglia_trigger_g": null,
        "sensors": [],
        "sensors_count": 0
      }
    },
    {
      "type": "Feature",
      "geometry": {
        "type": "Point",
        "coordinates": [
          14.06028,
          42.25972
        ]
      },
      "properties": {
        "id": 69,
        "net_staz_name": "BC028",
        "nome": "Municipio di Manoppello",
        "network": "Lunitek",
        "regione": "ABRUZZO",
        "provincia": "PESCARA",
        "comune": "MANOPPELLO",
        "indirizzo": "Via Salvo D'Acquisto",
        "tipologia": "Edificio in cemento armato isolato alla base",
        "id_tipologia": 99,
        "classificazione": "MUNICIPIO",
        "sistema": "DETTAGLIATO",
        "connessione": null,
        "ip": "192.168.73.69",
        "zona_sismica": 1,
        "stato": "A",
        "nome_checkmk": null,
        "fem": "SI",
        "f1": 5,
        "f2": 7,
        "f3": "14.709",
        "acquisitore_serial_number": null,
        "acquisitore_centralina": null,
        "acquisitore_soglia_trigger_g": null,
        "sensors": [],
        "sensors_count": 0
      }
    },
    {
      "type": "Feature",
      "geometry": {
        "type": "Point",
        "coordinates": [
          14.1871,
          42.0425
        ]
      },
      "properties": {
        "id": 70,
        "net_staz_name": "BC029",
        "nome": "Scuola Media Lama dei Peligni",
        "network": "Lunitek",
        "regione": "ABRUZZO",
        "provincia": "CHIETI",
        "comune": "LAMA DEI PELIGNI",
        "indirizzo": "Via IV Novembre 3",
        "tipologia": "Edificio in cemento armato",
        "id_tipologia": 1,
        "classificazione": "SCUOLA",
        "sistema": "DETTAGLIATO",
        "connessione": null,
        "ip": "10.10.4.221",
        "zona_sismica": 1,
        "stato": "A",
        "nome_checkmk": null,
        "fem": "SI",
        "f1": 5,
        "f2": 6,
        "f3": "6.598",
        "acquisitore_serial_number": null,
        "acquisitore_centralina": null,
        "acquisitore_soglia_trigger_g": null,
        "sensors": [],
        "sensors_count": 0
      }
    },
    {
      "type": "Feature",
      "geometry": {
        "type": "Point",
        "coordinates": [
          13.93,
          42.0489
        ]
      },
      "properties": {
        "id": 71,
        "net_staz_name": "BC030",
        "nome": "Padiglione Ortopedia Ospedale di Sulmona",
        "network": "Lunitek",
        "regione": "ABRUZZO",
        "provincia": "L'AQUILA",
        "comune": "SULMONA",
        "indirizzo": "Viale Mazzini",
        "tipologia": "Edificio in cemento armato",
        "id_tipologia": 1,
        "classificazione": "OSPEDALE",
        "sistema": "DETTAGLIATO",
        "connessione": null,
        "ip": "10.10.3.157",
        "zona_sismica": 1,
        "stato": "A",
        "nome_checkmk": null,
        "fem": "SI",
        "f1": 4,
        "f2": 5,
        "f3": "5.64",
        "acquisitore_serial_number": null,
        "acquisitore_centralina": null,
        "acquisitore_soglia_trigger_g": null,
        "sensors": [],
        "sensors_count": 0
      }
    },
    {
      "type": "Feature",
      "geometry": {
        "type": "Point",
        "coordinates": [
          13.55944,
          41.80861
        ]
      },
      "properties": {
        "id": 72,
        "net_staz_name": "BC031",
        "nome": "Municipio di Balsorano",
        "network": "Lunitek",
        "regione": "ABRUZZO",
        "provincia": "L'AQUILA",
        "comune": "BALSORANO",
        "indirizzo": "Piazza T. Baldassarre, 13",
        "tipologia": "Edificio in struttura mista c.a. - muratura",
        "id_tipologia": 3,
        "classificazione": "MUNICIPIO",
        "sistema": "DETTAGLIATO",
        "connessione": null,
        "ip": "10.10.4.189",
        "zona_sismica": 1,
        "stato": "A",
        "nome_checkmk": null,
        "fem": "SI",
        "f1": 5,
        "f2": 7,
        "f3": "8.026",
        "acquisitore_serial_number": null,
        "acquisitore_centralina": null,
        "acquisitore_soglia_trigger_g": null,
        "sensors": [],
        "sensors_count": 0
      }
    },
    {
      "type": "Feature",
      "geometry": {
        "type": "Point",
        "coordinates": [
          13.63889,
          41.70278
        ]
      },
      "properties": {
        "id": 73,
        "net_staz_name": "BC032",
        "nome": "Istituto comprensivo ''Evan Gorga''",
        "network": "Lunitek",
        "regione": "LAZIO",
        "provincia": "FROSINONE",
        "comune": "BROCCOSTELLA",
        "indirizzo": "Via della Mandra",
        "tipologia": "Edificio in struttura mista c.a. - muratura",
        "id_tipologia": 3,
        "classificazione": "SCUOLA",
        "sistema": "DETTAGLIATO",
        "connessione": null,
        "ip": "10.10.3.85",
        "zona_sismica": 1,
        "stato": "A",
        "nome_checkmk": null,
        "fem": "SI",
        "f1": 3,
        "f2": 6,
        "f3": "6.949",
        "acquisitore_serial_number": null,
        "acquisitore_centralina": null,
        "acquisitore_soglia_trigger_g": null,
        "sensors": [],
        "sensors_count": 0
      }
    },
    {
      "type": "Feature",
      "geometry": {
        "type": "Point",
        "coordinates": [
          13.4397,
          42.0412
        ]
      },
      "properties": {
        "id": 74,
        "net_staz_name": "BC033",
        "nome": "Uffici anagrafe comunale",
        "network": "Lunitek",
        "regione": "ABRUZZO",
        "provincia": "L'AQUILA",
        "comune": "AVEZZANO",
        "indirizzo": "Via America",
        "tipologia": "Edificio in cemento armato",
        "id_tipologia": 1,
        "classificazione": "MUNICIPIO",
        "sistema": "DETTAGLIATO",
        "connessione": null,
        "ip": "10.10.1.69",
        "zona_sismica": 1,
        "stato": "A",
        "nome_checkmk": null,
        "fem": "SI",
        "f1": null,
        "f2": 7,
        "f3": "9.802",
        "acquisitore_serial_number": null,
        "acquisitore_centralina": null,
        "acquisitore_soglia_trigger_g": null,
        "sensors": [],
        "sensors_count": 0
      }
    },
    {
      "type": "Feature",
      "geometry": {
        "type": "Point",
        "coordinates": [
          14.10139,
          41.78139
        ]
      },
      "properties": {
        "id": 75,
        "net_staz_name": "BC034",
        "nome": "Palazzetto dello Sport",
        "network": "Lunitek",
        "regione": "ABRUZZO",
        "provincia": "L'AQUILA",
        "comune": "CASTEL DI SANGRO",
        "indirizzo": "Corso Vittorio Emanuele",
        "tipologia": "Edificio in cemento armato",
        "id_tipologia": 1,
        "classificazione": "ALTRO EDIFICIO",
        "sistema": "DETTAGLIATO",
        "connessione": null,
        "ip": "10.10.4.5",
        "zona_sismica": 1,
        "stato": "A",
        "nome_checkmk": null,
        "fem": "SI",
        "f1": 4,
        "f2": null,
        "f3": "9.1",
        "acquisitore_serial_number": null,
        "acquisitore_centralina": null,
        "acquisitore_soglia_trigger_g": null,
        "sensors": [],
        "sensors_count": 0
      }
    },
    {
      "type": "Feature",
      "geometry": {
        "type": "Point",
        "coordinates": [
          13.69306,
          41.95389
        ]
      },
      "properties": {
        "id": 76,
        "net_staz_name": "BC035",
        "nome": "Municipio di Gioia dei Marsi",
        "network": "Lunitek",
        "regione": "ABRUZZO",
        "provincia": "L'AQUILA",
        "comune": "GIOIA DEI MARSI",
        "indirizzo": "Piazza Savoia",
        "tipologia": "Edificio in muratura",
        "id_tipologia": 2,
        "classificazione": "MUNICIPIO",
        "sistema": "DETTAGLIATO",
        "connessione": null,
        "ip": "10.10.4.181",
        "zona_sismica": 1,
        "stato": "A",
        "nome_checkmk": null,
        "fem": "SI",
        "f1": 5,
        "f2": 7,
        "f3": "7.352",
        "acquisitore_serial_number": null,
        "acquisitore_centralina": null,
        "acquisitore_soglia_trigger_g": null,
        "sensors": [],
        "sensors_count": 0
      }
    },
    {
      "type": "Feature",
      "geometry": {
        "type": "Point",
        "coordinates": [
          13.17389,
          43.22917
        ]
      },
      "properties": {
        "id": 77,
        "net_staz_name": "BC036",
        "nome": "Istituto comprensivo ''Padre Pietro Tacchi Venturi''",
        "network": "Lunitek",
        "regione": "MARCHE",
        "provincia": "MACERATA",
        "comune": "SAN SEVERINO MARCHE",
        "indirizzo": "Viale Bigiali",
        "tipologia": "Edificio in cemento armato",
        "id_tipologia": 1,
        "classificazione": "SCUOLA",
        "sistema": "DETTAGLIATO",
        "connessione": null,
        "ip": "10.10.4.53",
        "zona_sismica": 2,
        "stato": "A",
        "nome_checkmk": null,
        "fem": "SI",
        "f1": 7,
        "f2": 10,
        "f3": "10.226",
        "acquisitore_serial_number": null,
        "acquisitore_centralina": null,
        "acquisitore_soglia_trigger_g": null,
        "sensors": [],
        "sensors_count": 0
      }
    },
    {
      "type": "Feature",
      "geometry": {
        "type": "Point",
        "coordinates": [
          16.598395,
          40.665016
        ]
      },
      "properties": {
        "id": 78,
        "net_staz_name": "BC038",
        "nome": "Istituto di Istruzione Superiore Tecnica \"Loperfido - Olivetti\"",
        "network": "Lunitek",
        "regione": "BASILICATA",
        "provincia": "MATERA",
        "comune": "MATERA",
        "indirizzo": "Via Aldo Moro 28",
        "tipologia": "Edificio in cemento armato",
        "id_tipologia": 1,
        "classificazione": "SCUOLA",
        "sistema": "DETTAGLIATO",
        "connessione": null,
        "ip": "10.10.4.101",
        "zona_sismica": 3,
        "stato": "A",
        "nome_checkmk": null,
        "fem": "NO",
        "f1": 3,
        "f2": 4,
        "f3": "4.175",
        "acquisitore_serial_number": null,
        "acquisitore_centralina": null,
        "acquisitore_soglia_trigger_g": null,
        "sensors": [],
        "sensors_count": 0
      }
    },
    {
      "type": "Feature",
      "geometry": {
        "type": "Point",
        "coordinates": [
          13.30139,
          42.43583
        ]
      },
      "properties": {
        "id": 79,
        "net_staz_name": "BC039",
        "nome": "Municipio di Pizzoli",
        "network": "Lunitek",
        "regione": "ABRUZZO",
        "provincia": "L'AQUILA",
        "comune": "PIZZOLI",
        "indirizzo": "Piazza Municipio",
        "tipologia": "Edificio in muratura",
        "id_tipologia": 2,
        "classificazione": "MUNICIPIO",
        "sistema": "DETTAGLIATO",
        "connessione": null,
        "ip": "192.168.76.21",
        "zona_sismica": 1,
        "stato": "A",
        "nome_checkmk": null,
        "fem": "SI",
        "f1": 5,
        "f2": 6,
        "f3": "6.683",
        "acquisitore_serial_number": null,
        "acquisitore_centralina": null,
        "acquisitore_soglia_trigger_g": null,
        "sensors": [],
        "sensors_count": 0
      }
    },
    {
      "type": "Feature",
      "geometry": {
        "type": "Point",
        "coordinates": [
          13.08639,
          41.74917
        ]
      },
      "properties": {
        "id": 80,
        "net_staz_name": "BC040",
        "nome": "Chiesa SS. G. Battista e G. Evangelista",
        "network": "Lunitek",
        "regione": "LAZIO",
        "provincia": "FROSINONE",
        "comune": "PESCOSOLIDO",
        "indirizzo": "Corso Umberto I",
        "tipologia": "Edificio in muratura",
        "id_tipologia": 2,
        "classificazione": "ALTRO EDIFICIO",
        "sistema": "DETTAGLIATO",
        "connessione": null,
        "ip": "10.10.4.253",
        "zona_sismica": 1,
        "stato": "A",
        "nome_checkmk": null,
        "fem": "SI",
        "f1": 5,
        "f2": 6,
        "f3": "6.9",
        "acquisitore_serial_number": null,
        "acquisitore_centralina": null,
        "acquisitore_soglia_trigger_g": null,
        "sensors": [],
        "sensors_count": 0
      }
    },
    {
      "type": "Feature",
      "geometry": {
        "type": "Point",
        "coordinates": [
          12.67444,
          41.72222
        ]
      },
      "properties": {
        "id": 81,
        "net_staz_name": "BC041",
        "nome": "Scuola Elementare Bernini",
        "network": "Lunitek",
        "regione": "LAZIO",
        "provincia": "ROMA",
        "comune": "ARICCIA",
        "indirizzo": "Via Cardinal F Chigi",
        "tipologia": "Edificio in cemento armato",
        "id_tipologia": 1,
        "classificazione": "SCUOLA",
        "sistema": "DETTAGLIATO",
        "connessione": null,
        "ip": "10.10.3.197",
        "zona_sismica": 2,
        "stato": "A",
        "nome_checkmk": null,
        "fem": "SI",
        "f1": 5,
        "f2": 5,
        "f3": "5.88",
        "acquisitore_serial_number": null,
        "acquisitore_centralina": null,
        "acquisitore_soglia_trigger_g": null,
        "sensors": [],
        "sensors_count": 0
      }
    },
    {
      "type": "Feature",
      "geometry": {
        "type": "Point",
        "coordinates": [
          13.095,
          41.92306
        ]
      },
      "properties": {
        "id": 82,
        "net_staz_name": "BC042",
        "nome": "Scuola Secondaria ''A. Angelucci''",
        "network": "Lunitek",
        "regione": "LAZIO",
        "provincia": "ROMA",
        "comune": "SUBIACO",
        "indirizzo": "Via C.A. Dalla Chiesa",
        "tipologia": "Edificio in cemento armato",
        "id_tipologia": 1,
        "classificazione": "SCUOLA",
        "sistema": "DETTAGLIATO",
        "connessione": null,
        "ip": "10.10.4.45",
        "zona_sismica": 2,
        "stato": "A",
        "nome_checkmk": null,
        "fem": "SI",
        "f1": 7,
        "f2": 8,
        "f3": "12.77",
        "acquisitore_serial_number": null,
        "acquisitore_centralina": null,
        "acquisitore_soglia_trigger_g": null,
        "sensors": [],
        "sensors_count": 0
      }
    },
    {
      "type": "Feature",
      "geometry": {
        "type": "Point",
        "coordinates": [
          13.06861,
          42.29222
        ]
      },
      "properties": {
        "id": 83,
        "net_staz_name": "BC043",
        "nome": "Istituto Comprensivo ''Giovanni XXIII''",
        "network": "Lunitek",
        "regione": "LAZIO",
        "provincia": "RIETI",
        "comune": "PETRELLA SALTO",
        "indirizzo": "via Santa Maria Apparì, 12",
        "tipologia": "Edificio in cemento armato",
        "id_tipologia": 1,
        "classificazione": "SCUOLA",
        "sistema": "DETTAGLIATO",
        "connessione": null,
        "ip": "10.10.3.93",
        "zona_sismica": 2,
        "stato": "A",
        "nome_checkmk": null,
        "fem": "SI",
        "f1": 5,
        "f2": 7,
        "f3": "7.904",
        "acquisitore_serial_number": null,
        "acquisitore_centralina": null,
        "acquisitore_soglia_trigger_g": null,
        "sensors": [],
        "sensors_count": 0
      }
    },
    {
      "type": "Feature",
      "geometry": {
        "type": "Point",
        "coordinates": [
          12.95306,
          42.38778
        ]
      },
      "properties": {
        "id": 84,
        "net_staz_name": "BC044",
        "nome": "Direzione Didattica di Cittaducale",
        "network": "Lunitek",
        "regione": "LAZIO",
        "provincia": "RIETI",
        "comune": "CITTADUCALE",
        "indirizzo": "Largo Fuori Porta Napoli",
        "tipologia": "Edificio in muratura",
        "id_tipologia": 2,
        "classificazione": "SCUOLA",
        "sistema": "DETTAGLIATO",
        "connessione": null,
        "ip": "10.10.4.37",
        "zona_sismica": 2,
        "stato": "A",
        "nome_checkmk": null,
        "fem": "SI",
        "f1": 5,
        "f2": 6,
        "f3": "5.991",
        "acquisitore_serial_number": null,
        "acquisitore_centralina": null,
        "acquisitore_soglia_trigger_g": null,
        "sensors": [],
        "sensors_count": 0
      }
    },
    {
      "type": "Feature",
      "geometry": {
        "type": "Point",
        "coordinates": [
          12.8601,
          42.4082
        ]
      },
      "properties": {
        "id": 85,
        "net_staz_name": "BC045",
        "nome": "Direzione Didattica Circolo ''G. Marconi''",
        "network": "Lunitek",
        "regione": "LAZIO",
        "provincia": "RIETI",
        "comune": "RIETI",
        "indirizzo": "Viale Ludovico Canali, 1",
        "tipologia": "Edificio in muratura",
        "id_tipologia": 2,
        "classificazione": "SCUOLA",
        "sistema": "DETTAGLIATO",
        "connessione": null,
        "ip": "10.10.4.133",
        "zona_sismica": 2,
        "stato": "A",
        "nome_checkmk": null,
        "fem": "SI",
        "f1": 3,
        "f2": 3,
        "f3": "3.628",
        "acquisitore_serial_number": null,
        "acquisitore_centralina": null,
        "acquisitore_soglia_trigger_g": null,
        "sensors": [],
        "sensors_count": 0
      }
    },
    {
      "type": "Feature",
      "geometry": {
        "type": "Point",
        "coordinates": [
          13.56083,
          42.28861
        ]
      },
      "properties": {
        "id": 86,
        "net_staz_name": "BC046",
        "nome": "Istituto comprensivo San Demetrio ne' Vestini",
        "network": "Lunitek",
        "regione": "ABRUZZO",
        "provincia": "L'AQUILA",
        "comune": "SAN DEMETRIO NE' VESTINI",
        "indirizzo": "via Madonna dei Raccomandati",
        "tipologia": "Edificio in cemento armato",
        "id_tipologia": 1,
        "classificazione": "SCUOLA",
        "sistema": "DETTAGLIATO",
        "connessione": null,
        "ip": "10.10.4.29",
        "zona_sismica": 2,
        "stato": "A",
        "nome_checkmk": null,
        "fem": "SI",
        "f1": 6,
        "f2": 7,
        "f3": "7.336",
        "acquisitore_serial_number": null,
        "acquisitore_centralina": null,
        "acquisitore_soglia_trigger_g": null,
        "sensors": [],
        "sensors_count": 0
      }
    },
    {
      "type": "Feature",
      "geometry": {
        "type": "Point",
        "coordinates": [
          13.65833,
          42.50333
        ]
      },
      "properties": {
        "id": 87,
        "net_staz_name": "BC047",
        "nome": "Istituto comprensivo ''G. Parrozzani''",
        "network": "Lunitek",
        "regione": "ABRUZZO",
        "provincia": "TERAMO",
        "comune": "ISOLA DEL GRAN SASSO D'ITALIA",
        "indirizzo": "Borgo San Leonardo",
        "tipologia": "Edificio in muratura",
        "id_tipologia": 2,
        "classificazione": "SCUOLA",
        "sistema": "DETTAGLIATO",
        "connessione": null,
        "ip": "10.10.4.13",
        "zona_sismica": 2,
        "stato": "A",
        "nome_checkmk": null,
        "fem": "SI",
        "f1": 6,
        "f2": 7,
        "f3": "8.957",
        "acquisitore_serial_number": null,
        "acquisitore_centralina": null,
        "acquisitore_soglia_trigger_g": null,
        "sensors": [],
        "sensors_count": 0
      }
    },
    {
      "type": "Feature",
      "geometry": {
        "type": "Point",
        "coordinates": [
          9.10361,
          40.90306
        ]
      },
      "properties": {
        "id": 88,
        "net_staz_name": "BC049",
        "nome": "Municipio di Tempio Pausania",
        "network": "Lunitek",
        "regione": "SARDEGNA",
        "provincia": "SASSARI",
        "comune": "TEMPIO PAUSANIA",
        "indirizzo": "Piazza Gallura 3",
        "tipologia": "Edificio in muratura",
        "id_tipologia": 2,
        "classificazione": "MUNICIPIO",
        "sistema": "DETTAGLIATO",
        "connessione": null,
        "ip": "10.10.4.61",
        "zona_sismica": 4,
        "stato": "A",
        "nome_checkmk": null,
        "fem": "SI",
        "f1": 4,
        "f2": 5,
        "f3": "5.023",
        "acquisitore_serial_number": null,
        "acquisitore_centralina": null,
        "acquisitore_soglia_trigger_g": null,
        "sensors": [],
        "sensors_count": 0
      }
    },
    {
      "type": "Feature",
      "geometry": {
        "type": "Point",
        "coordinates": [
          12.295,
          43.6594
        ]
      },
      "properties": {
        "id": 89,
        "net_staz_name": "BC050",
        "nome": "Municipio di Borgo Pace",
        "network": "Lunitek",
        "regione": "MARCHE",
        "provincia": "PESARO E URBINO",
        "comune": "BORGO PACE",
        "indirizzo": "Piazza del Pino",
        "tipologia": "Edificio in muratura",
        "id_tipologia": 2,
        "classificazione": "MUNICIPIO",
        "sistema": "DETTAGLIATO",
        "connessione": null,
        "ip": "10.10.4.165",
        "zona_sismica": 2,
        "stato": "A",
        "nome_checkmk": null,
        "fem": "SI",
        "f1": 8,
        "f2": 9,
        "f3": "9.357",
        "acquisitore_serial_number": null,
        "acquisitore_centralina": null,
        "acquisitore_soglia_trigger_g": null,
        "sensors": [],
        "sensors_count": 0
      }
    },
    {
      "type": "Feature",
      "geometry": {
        "type": "Point",
        "coordinates": [
          12.65778,
          43.54389
        ]
      },
      "properties": {
        "id": 90,
        "net_staz_name": "BC051",
        "nome": "Scuola elementare \"Campus\"",
        "network": "Lunitek",
        "regione": "MARCHE",
        "provincia": "PESARO E URBINO",
        "comune": "CAGLI",
        "indirizzo": "Via Giovanni Santi",
        "tipologia": "Edificio in muratura",
        "id_tipologia": 2,
        "classificazione": "SCUOLA",
        "sistema": "DETTAGLIATO",
        "connessione": null,
        "ip": "10.10.3.253",
        "zona_sismica": 2,
        "stato": "A",
        "nome_checkmk": null,
        "fem": "SI",
        "f1": 7,
        "f2": 8,
        "f3": "8.374",
        "acquisitore_serial_number": null,
        "acquisitore_centralina": null,
        "acquisitore_soglia_trigger_g": null,
        "sensors": [],
        "sensors_count": 0
      }
    },
    {
      "type": "Feature",
      "geometry": {
        "type": "Point",
        "coordinates": [
          13.52306,
          43.61778
        ]
      },
      "properties": {
        "id": 91,
        "net_staz_name": "BC052",
        "nome": "Scuola Media \"G. Pascoli\"",
        "network": "Lunitek",
        "regione": "MARCHE",
        "provincia": "ANCONA",
        "comune": "ANCONA",
        "indirizzo": "Via Cadore",
        "tipologia": "Edificio in cemento armato",
        "id_tipologia": 1,
        "classificazione": "SCUOLA",
        "sistema": "DETTAGLIATO",
        "connessione": null,
        "ip": "10.10.3.141",
        "zona_sismica": 2,
        "stato": "A",
        "nome_checkmk": null,
        "fem": "SI",
        "f1": 4,
        "f2": 4,
        "f3": "5.502",
        "acquisitore_serial_number": null,
        "acquisitore_centralina": null,
        "acquisitore_soglia_trigger_g": null,
        "sensors": [],
        "sensors_count": 0
      }
    },
    {
      "type": "Feature",
      "geometry": {
        "type": "Point",
        "coordinates": [
          12.90917,
          43.33778
        ]
      },
      "properties": {
        "id": 92,
        "net_staz_name": "BC053",
        "nome": "Tribunale di Fabriano",
        "network": "Lunitek",
        "regione": "MARCHE",
        "provincia": "ANCONA",
        "comune": "FABRIANO",
        "indirizzo": "Viale Zonghi",
        "tipologia": "Edificio in muratura",
        "id_tipologia": 2,
        "classificazione": "ALTRO EDIFICIO",
        "sistema": "DETTAGLIATO",
        "connessione": null,
        "ip": "10.10.3.189",
        "zona_sismica": 2,
        "stato": "A",
        "nome_checkmk": null,
        "fem": "SI",
        "f1": 5,
        "f2": 6,
        "f3": "6.564",
        "acquisitore_serial_number": null,
        "acquisitore_centralina": null,
        "acquisitore_soglia_trigger_g": null,
        "sensors": [],
        "sensors_count": 0
      }
    },
    {
      "type": "Feature",
      "geometry": {
        "type": "Point",
        "coordinates": [
          12.5833,
          46.423
        ]
      },
      "properties": {
        "id": 93,
        "net_staz_name": "BC054",
        "nome": "Centro Scolastico Forni di Sopra",
        "network": "Lunitek",
        "regione": "FRIULI-VENEZIA GIULIA",
        "provincia": "UDINE",
        "comune": "FORNI DI SOPRA",
        "indirizzo": "Via Nazionale",
        "tipologia": "Edificio in muratura",
        "id_tipologia": 2,
        "classificazione": "SCUOLA",
        "sistema": "DETTAGLIATO",
        "connessione": null,
        "ip": "192.168.115.81",
        "zona_sismica": 2,
        "stato": "A",
        "nome_checkmk": null,
        "fem": "SI",
        "f1": 6,
        "f2": 7,
        "f3": "7.599",
        "acquisitore_serial_number": null,
        "acquisitore_centralina": null,
        "acquisitore_soglia_trigger_g": null,
        "sensors": [],
        "sensors_count": 0
      }
    },
    {
      "type": "Feature",
      "geometry": {
        "type": "Point",
        "coordinates": [
          13.13944,
          46.27917
        ]
      },
      "properties": {
        "id": 94,
        "net_staz_name": "BC055",
        "nome": "Casa dello Studente",
        "network": "Lunitek",
        "regione": "FRIULI-VENEZIA GIULIA",
        "provincia": "UDINE",
        "comune": "GEMONA DEL FRIULI",
        "indirizzo": "Via dell'università Friulana",
        "tipologia": "Edificio in cemento armato",
        "id_tipologia": 1,
        "classificazione": "SCUOLA",
        "sistema": "DETTAGLIATO",
        "connessione": null,
        "ip": "10.10.3.213",
        "zona_sismica": 1,
        "stato": "A",
        "nome_checkmk": null,
        "fem": "SI",
        "f1": 5,
        "f2": 6,
        "f3": "10.062",
        "acquisitore_serial_number": null,
        "acquisitore_centralina": null,
        "acquisitore_soglia_trigger_g": null,
        "sensors": [],
        "sensors_count": 0
      }
    },
    {
      "type": "Feature",
      "geometry": {
        "type": "Point",
        "coordinates": [
          12.70722,
          46.16611
        ]
      },
      "properties": {
        "id": 95,
        "net_staz_name": "BC056",
        "nome": "Scuola Media \"G. Marconi\"",
        "network": "Lunitek",
        "regione": "FRIULI-VENEZIA GIULIA",
        "provincia": "PORDENONE",
        "comune": "MANIAGO",
        "indirizzo": "Via Dante Alighieri",
        "tipologia": "Edificio in cemento armato",
        "id_tipologia": 1,
        "classificazione": "SCUOLA",
        "sistema": "DETTAGLIATO",
        "connessione": null,
        "ip": "10.10.3.221",
        "zona_sismica": 1,
        "stato": "A",
        "nome_checkmk": null,
        "fem": "SI",
        "f1": 6,
        "f2": 7,
        "f3": "7.599",
        "acquisitore_serial_number": null,
        "acquisitore_centralina": null,
        "acquisitore_soglia_trigger_g": null,
        "sensors": [],
        "sensors_count": 0
      }
    },
    {
      "type": "Feature",
      "geometry": {
        "type": "Point",
        "coordinates": [
          13.01583,
          46.16139
        ]
      },
      "properties": {
        "id": 96,
        "net_staz_name": "BC057",
        "nome": "Municipio di San Daniele del Friuli",
        "network": "Lunitek",
        "regione": "FRIULI-VENEZIA GIULIA",
        "provincia": "UDINE",
        "comune": "SAN DANIELE DEL FRIULI",
        "indirizzo": "Via Del Colle",
        "tipologia": "Edificio in muratura",
        "id_tipologia": 2,
        "classificazione": "MUNICIPIO",
        "sistema": "DETTAGLIATO",
        "connessione": null,
        "ip": "10.10.3.237",
        "zona_sismica": 2,
        "stato": "A",
        "nome_checkmk": null,
        "fem": "NO",
        "f1": 7,
        "f2": 8,
        "f3": "8.643",
        "acquisitore_serial_number": null,
        "acquisitore_centralina": null,
        "acquisitore_soglia_trigger_g": null,
        "sensors": [],
        "sensors_count": 0
      }
    },
    {
      "type": "Feature",
      "geometry": {
        "type": "Point",
        "coordinates": [
          12.441389,
          46.285833
        ]
      },
      "properties": {
        "id": 97,
        "net_staz_name": "BC058",
        "nome": "Ponte sul Torrente Cimoliana",
        "network": "Lunitek",
        "regione": "FRIULI-VENEZIA GIULIA",
        "provincia": "PORDENONE",
        "comune": "CIMOLAIS",
        "indirizzo": "Val Di Zoldo e Valcellina",
        "tipologia": "Ponte in struttura mista acciaio - c.a.",
        "id_tipologia": 10,
        "classificazione": "PONTE",
        "sistema": "DETTAGLIATO",
        "connessione": null,
        "ip": "192.168.113.81",
        "zona_sismica": 2,
        "stato": "A",
        "nome_checkmk": null,
        "fem": "SI",
        "f1": 2,
        "f2": 4,
        "f3": "4.663",
        "acquisitore_serial_number": null,
        "acquisitore_centralina": null,
        "acquisitore_soglia_trigger_g": null,
        "sensors": [],
        "sensors_count": 0
      }
    },
    {
      "type": "Feature",
      "geometry": {
        "type": "Point",
        "coordinates": [
          13.3071,
          46.5087
        ]
      },
      "properties": {
        "id": 98,
        "net_staz_name": "BC059",
        "nome": "Municipio e Teatro di Pontebba",
        "network": "Lunitek",
        "regione": "FRIULI-VENEZIA GIULIA",
        "provincia": "UDINE",
        "comune": "PONTEBBA",
        "indirizzo": "Piazza Garibaldi",
        "tipologia": "Edificio in muratura",
        "id_tipologia": 2,
        "classificazione": "MUNICIPIO",
        "sistema": "DETTAGLIATO",
        "connessione": null,
        "ip": "10.10.3.229",
        "zona_sismica": 2,
        "stato": "A",
        "nome_checkmk": null,
        "fem": "SI",
        "f1": 6,
        "f2": 6,
        "f3": "7.544",
        "acquisitore_serial_number": null,
        "acquisitore_centralina": null,
        "acquisitore_soglia_trigger_g": null,
        "sensors": [],
        "sensors_count": 0
      }
    },
    {
      "type": "Feature",
      "geometry": {
        "type": "Point",
        "coordinates": [
          13.42917,
          46.09333
        ]
      },
      "properties": {
        "id": 100,
        "net_staz_name": "BC061",
        "nome": "Liceo Classico e Scientifico \"Paolo Diacono\"",
        "network": "Lunitek",
        "regione": "FRIULI-VENEZIA GIULIA",
        "provincia": "UDINE",
        "comune": "CIVIDALE DEL FRIULI",
        "indirizzo": "Piazza Foro Giulio Cesare",
        "tipologia": "Edificio in muratura",
        "id_tipologia": 2,
        "classificazione": "SCUOLA",
        "sistema": "DETTAGLIATO",
        "connessione": null,
        "ip": "10.10.3.149",
        "zona_sismica": 2,
        "stato": "A",
        "nome_checkmk": null,
        "fem": "SI",
        "f1": 4,
        "f2": 5,
        "f3": "4.825",
        "acquisitore_serial_number": null,
        "acquisitore_centralina": null,
        "acquisitore_soglia_trigger_g": null,
        "sensors": [],
        "sensors_count": 0
      }
    },
    {
      "type": "Feature",
      "geometry": {
        "type": "Point",
        "coordinates": [
          12.22194,
          46.15139
        ]
      },
      "properties": {
        "id": 101,
        "net_staz_name": "BC062",
        "nome": "Scuola Media \"Nievo\"",
        "network": "Lunitek",
        "regione": "VENETO",
        "provincia": "BELLUNO",
        "comune": "BELLUNO",
        "indirizzo": "Via Mur di Cadola 12",
        "tipologia": "Edificio in cemento armato",
        "id_tipologia": 1,
        "classificazione": "SCUOLA",
        "sistema": "DETTAGLIATO",
        "connessione": null,
        "ip": "10.10.3.205",
        "zona_sismica": 2,
        "stato": "A",
        "nome_checkmk": null,
        "fem": "SI",
        "f1": 5,
        "f2": 7,
        "f3": "7.632",
        "acquisitore_serial_number": null,
        "acquisitore_centralina": null,
        "acquisitore_soglia_trigger_g": null,
        "sensors": [],
        "sensors_count": 0
      }
    },
    {
      "type": "Feature",
      "geometry": {
        "type": "Point",
        "coordinates": [
          12.30556,
          45.97667
        ]
      },
      "properties": {
        "id": 102,
        "net_staz_name": "BC063",
        "nome": "Scuola secondaria di 1° grado \"Lorenzo da Ponte\"",
        "network": "Lunitek",
        "regione": "VENETO",
        "provincia": "TREVISO",
        "comune": "VITTORIO VENETO",
        "indirizzo": "Via dello Stadio 5",
        "tipologia": "Edificio in cemento armato",
        "id_tipologia": 1,
        "classificazione": "SCUOLA",
        "sistema": "DETTAGLIATO",
        "connessione": null,
        "ip": "10.10.3.117",
        "zona_sismica": 2,
        "stato": "A",
        "nome_checkmk": null,
        "fem": "SI",
        "f1": 5,
        "f2": 5,
        "f3": "6.773",
        "acquisitore_serial_number": null,
        "acquisitore_centralina": null,
        "acquisitore_soglia_trigger_g": null,
        "sensors": [],
        "sensors_count": 0
      }
    },
    {
      "type": "Feature",
      "geometry": {
        "type": "Point",
        "coordinates": [
          11.02361,
          45.885
        ]
      },
      "properties": {
        "id": 103,
        "net_staz_name": "BC064",
        "nome": "Scuola media \"A. De Gasperi\"",
        "network": "Lunitek",
        "regione": "TRENTINO-ALTO ADIGE/SUDTIROL",
        "provincia": "TRENTO",
        "comune": "ROVERETO",
        "indirizzo": "Viale Vittoria",
        "tipologia": "Edificio in muratura",
        "id_tipologia": 2,
        "classificazione": "SCUOLA",
        "sistema": "DETTAGLIATO",
        "connessione": null,
        "ip": "10.10.3.101",
        "zona_sismica": 3,
        "stato": "A",
        "nome_checkmk": null,
        "fem": "SI",
        "f1": 4,
        "f2": 5,
        "f3": "8.85",
        "acquisitore_serial_number": null,
        "acquisitore_centralina": null,
        "acquisitore_soglia_trigger_g": null,
        "sensors": [],
        "sensors_count": 0
      }
    },
    {
      "type": "Feature",
      "geometry": {
        "type": "Point",
        "coordinates": [
          7.3177,
          45.7383
        ]
      },
      "properties": {
        "id": 104,
        "net_staz_name": "BC065",
        "nome": "Scuola elementare ''Quartiere Dora''",
        "network": "Lunitek",
        "regione": "VALLE D'AOSTA",
        "provincia": "AOSTA",
        "comune": "AOSTA",
        "indirizzo": "Via Buthier 22",
        "tipologia": "Edificio in struttura mista c.a. - muratura",
        "id_tipologia": 3,
        "classificazione": "SCUOLA",
        "sistema": "DETTAGLIATO",
        "connessione": null,
        "ip": "10.10.3.173",
        "zona_sismica": 3,
        "stato": "A",
        "nome_checkmk": null,
        "fem": "SI",
        "f1": 4,
        "f2": 5,
        "f3": "5.902",
        "acquisitore_serial_number": null,
        "acquisitore_centralina": null,
        "acquisitore_soglia_trigger_g": null,
        "sensors": [],
        "sensors_count": 0
      }
    },
    {
      "type": "Feature",
      "geometry": {
        "type": "Point",
        "coordinates": [
          7.77917,
          43.82444
        ]
      },
      "properties": {
        "id": 105,
        "net_staz_name": "BC066",
        "nome": "Ospedale Padiglione ''Giannoni''",
        "network": "Lunitek",
        "regione": "LIGURIA",
        "provincia": "IMPERIA",
        "comune": "SANREMO",
        "indirizzo": "Via Borea 56",
        "tipologia": "Edificio in cemento armato",
        "id_tipologia": 1,
        "classificazione": "OSPEDALE",
        "sistema": "DETTAGLIATO",
        "connessione": null,
        "ip": "10.10.3.133",
        "zona_sismica": 2,
        "stato": "A",
        "nome_checkmk": null,
        "fem": "SI",
        "f1": 5,
        "f2": 6,
        "f3": "8.545",
        "acquisitore_serial_number": null,
        "acquisitore_centralina": null,
        "acquisitore_soglia_trigger_g": null,
        "sensors": [],
        "sensors_count": 0
      }
    },
    {
      "type": "Feature",
      "geometry": {
        "type": "Point",
        "coordinates": [
          10.20556,
          45.54194
        ]
      },
      "properties": {
        "id": 106,
        "net_staz_name": "BC067",
        "nome": "Stazione Polizia Municipale Caserma \"F. Danesi\"",
        "network": "Lunitek",
        "regione": "LOMBARDIA",
        "provincia": "BRESCIA",
        "comune": "BRESCIA",
        "indirizzo": "Via Donegani 12",
        "tipologia": "Edificio in struttura mista c.a. - muratura",
        "id_tipologia": 3,
        "classificazione": "ALTRO EDIFICIO",
        "sistema": "DETTAGLIATO",
        "connessione": null,
        "ip": "10.10.3.125",
        "zona_sismica": 2,
        "stato": "A",
        "nome_checkmk": null,
        "fem": "SI",
        "f1": 5,
        "f2": 5,
        "f3": "6.653",
        "acquisitore_serial_number": null,
        "acquisitore_centralina": null,
        "acquisitore_soglia_trigger_g": null,
        "sensors": [],
        "sensors_count": 0
      }
    },
    {
      "type": "Feature",
      "geometry": {
        "type": "Point",
        "coordinates": [
          8.85917,
          44.89444
        ]
      },
      "properties": {
        "id": 107,
        "net_staz_name": "BC068",
        "nome": "Palazzo Comunale",
        "network": "Lunitek",
        "regione": "PIEMONTE",
        "provincia": "ALESSANDRIA",
        "comune": "TORTONA",
        "indirizzo": "Corso Alessandria 52",
        "tipologia": "Edificio in muratura",
        "id_tipologia": 2,
        "classificazione": "MUNICIPIO",
        "sistema": "DETTAGLIATO",
        "connessione": null,
        "ip": "10.10.3.181",
        "zona_sismica": 3,
        "stato": "A",
        "nome_checkmk": null,
        "fem": "SI",
        "f1": 3,
        "f2": 5,
        "f3": "6.012",
        "acquisitore_serial_number": null,
        "acquisitore_centralina": null,
        "acquisitore_soglia_trigger_g": null,
        "sensors": [],
        "sensors_count": 0
      }
    },
    {
      "type": "Feature",
      "geometry": {
        "type": "Point",
        "coordinates": [
          14.958492,
          41.689572
        ]
      },
      "properties": {
        "id": 108,
        "net_staz_name": "BC069",
        "nome": "Scuola Jovine",
        "network": "Lunitek",
        "regione": "MOLISE",
        "provincia": "CAMPOBASSO",
        "comune": "SAN GIULIANO DI PUGLIA",
        "indirizzo": "Contrada Uliveto del Marchese, SP40",
        "tipologia": "Edificio in cemento armato isolato alla base",
        "id_tipologia": 99,
        "classificazione": "SCUOLA",
        "sistema": "DETTAGLIATO",
        "connessione": null,
        "ip": "192.168.121.81",
        "zona_sismica": 2,
        "stato": "A",
        "nome_checkmk": null,
        "fem": "NO",
        "f1": 4,
        "f2": 5,
        "f3": "5.463",
        "acquisitore_serial_number": null,
        "acquisitore_centralina": null,
        "acquisitore_soglia_trigger_g": null,
        "sensors": [],
        "sensors_count": 0
      }
    },
    {
      "type": "Feature",
      "geometry": {
        "type": "Point",
        "coordinates": [
          14.964444,
          41.684167
        ]
      },
      "properties": {
        "id": 109,
        "net_staz_name": "BC070",
        "nome": "Palazzo Marchesale",
        "network": "Lunitek",
        "regione": "MOLISE",
        "provincia": "CAMPOBASSO",
        "comune": "SAN GIULIANO DI PUGLIA",
        "indirizzo": "Piazza Guglielmo Marconi",
        "tipologia": "Edificio in muratura",
        "id_tipologia": 2,
        "classificazione": "MUNICIPIO",
        "sistema": "DETTAGLIATO",
        "connessione": null,
        "ip": "192.168.122.81",
        "zona_sismica": 2,
        "stato": "A",
        "nome_checkmk": null,
        "fem": "NO",
        "f1": 6,
        "f2": 6,
        "f3": "6.683",
        "acquisitore_serial_number": null,
        "acquisitore_centralina": null,
        "acquisitore_soglia_trigger_g": null,
        "sensors": [],
        "sensors_count": 0
      }
    },
    {
      "type": "Feature",
      "geometry": {
        "type": "Point",
        "coordinates": [
          14.989444,
          42.004167
        ]
      },
      "properties": {
        "id": 110,
        "net_staz_name": "BC071",
        "nome": "UNIMOL - Facoltà di Ingegneria",
        "network": "Lunitek",
        "regione": "MOLISE",
        "provincia": "CAMPOBASSO",
        "comune": "TERMOLI",
        "indirizzo": "Via Duca degli Abruzzi",
        "tipologia": "Edificio in cemento armato",
        "id_tipologia": 1,
        "classificazione": "SCUOLA",
        "sistema": "DETTAGLIATO",
        "connessione": null,
        "ip": "10.10.4.93",
        "zona_sismica": 3,
        "stato": "A",
        "nome_checkmk": null,
        "fem": "NO",
        "f1": 5,
        "f2": 6,
        "f3": "6.958",
        "acquisitore_serial_number": null,
        "acquisitore_centralina": null,
        "acquisitore_soglia_trigger_g": null,
        "sensors": [],
        "sensors_count": 0
      }
    },
    {
      "type": "Feature",
      "geometry": {
        "type": "Point",
        "coordinates": [
          14.47529,
          41.48472
        ]
      },
      "properties": {
        "id": 111,
        "net_staz_name": "BC072",
        "nome": "Istituti Scolastici Superiori",
        "network": "Lunitek",
        "regione": "MOLISE",
        "provincia": "CAMPOBASSO",
        "comune": "BOJANO",
        "indirizzo": "via Colonno",
        "tipologia": "Edificio in cemento armato isolato alla base",
        "id_tipologia": 99,
        "classificazione": "SCUOLA",
        "sistema": "DETTAGLIATO",
        "connessione": null,
        "ip": "10.10.4.85",
        "zona_sismica": 1,
        "stato": "A",
        "nome_checkmk": null,
        "fem": "NO",
        "f1": 1,
        "f2": 1,
        "f3": "--",
        "acquisitore_serial_number": null,
        "acquisitore_centralina": null,
        "acquisitore_soglia_trigger_g": null,
        "sensors": [],
        "sensors_count": 0
      }
    },
    {
      "type": "Feature",
      "geometry": {
        "type": "Point",
        "coordinates": [
          11.41333,
          45.72666
        ]
      },
      "properties": {
        "id": 112,
        "net_staz_name": "BC073",
        "nome": "Nuovo polo ospedaliero unico dell'U.L.S.S. n.4",
        "network": "Lunitek",
        "regione": "VENETO",
        "provincia": "VICENZA",
        "comune": "SANTORSO",
        "indirizzo": "Via Garziere, 42",
        "tipologia": "Edificio in cemento armato",
        "id_tipologia": 1,
        "classificazione": "OSPEDALE",
        "sistema": "DETTAGLIATO",
        "connessione": null,
        "ip": "192.168.60.81",
        "zona_sismica": 3,
        "stato": "A",
        "nome_checkmk": null,
        "fem": "NO",
        "f1": 3,
        "f2": 3,
        "f3": "3.98",
        "acquisitore_serial_number": null,
        "acquisitore_centralina": null,
        "acquisitore_soglia_trigger_g": null,
        "sensors": [],
        "sensors_count": 0
      }
    },
    {
      "type": "Feature",
      "geometry": {
        "type": "Point",
        "coordinates": [
          10.3083,
          44.8044
        ]
      },
      "properties": {
        "id": 113,
        "net_staz_name": "BC074",
        "nome": "Ospedale Maggiore, padiglione \"Ospedale del Bambino\"",
        "network": "Lunitek",
        "regione": "EMILIA-ROMAGNA",
        "provincia": "PARMA",
        "comune": "PARMA",
        "indirizzo": "Via Gramsci, 14",
        "tipologia": "Edificio in cemento armato",
        "id_tipologia": 1,
        "classificazione": "OSPEDALE",
        "sistema": "DETTAGLIATO",
        "connessione": null,
        "ip": "10.10.4.109",
        "zona_sismica": 3,
        "stato": "A",
        "nome_checkmk": null,
        "fem": "NO",
        "f1": 3,
        "f2": 4,
        "f3": "3.76",
        "acquisitore_serial_number": null,
        "acquisitore_centralina": null,
        "acquisitore_soglia_trigger_g": null,
        "sensors": [],
        "sensors_count": 0
      }
    },
    {
      "type": "Feature",
      "geometry": {
        "type": "Point",
        "coordinates": [
          14.796912,
          40.904922
        ]
      },
      "properties": {
        "id": 114,
        "net_staz_name": "BC075",
        "nome": "Istituto comprensico S. Tommaso - F. Tedesco",
        "network": "Lunitek",
        "regione": "CAMPANIA",
        "provincia": "AVELLINO",
        "comune": "AVELLINO",
        "indirizzo": "Piazza Don Luigi Sturzo 52/53",
        "tipologia": "Edificio in cemento armato con isolamento sismico",
        "id_tipologia": 99,
        "classificazione": "SCUOLA",
        "sistema": "DETTAGLIATO",
        "connessione": null,
        "ip": "192.168.131.21",
        "zona_sismica": 2,
        "stato": "A",
        "nome_checkmk": null,
        "fem": "NO",
        "f1": 0,
        "f2": 0,
        "f3": "0",
        "acquisitore_serial_number": null,
        "acquisitore_centralina": null,
        "acquisitore_soglia_trigger_g": null,
        "sensors": [],
        "sensors_count": 0
      }
    },
    {
      "type": "Feature",
      "geometry": {
        "type": "Point",
        "coordinates": [
          12.040905,
          43.671115
        ]
      },
      "properties": {
        "id": 115,
        "net_staz_name": "BC076",
        "nome": "Istituto scolastico C. Salvetti",
        "network": "Lunitek",
        "regione": "TOSCANA",
        "provincia": "AREZZO",
        "comune": "PIEVE SANTO STEFANO",
        "indirizzo": "Piazza G. Marconi",
        "tipologia": "Edificio in muratura",
        "id_tipologia": 2,
        "classificazione": "SCUOLA",
        "sistema": "DETTAGLIATO",
        "connessione": null,
        "ip": "192.168.132.81",
        "zona_sismica": 2,
        "stato": "A",
        "nome_checkmk": null,
        "fem": "NO",
        "f1": 5,
        "f2": 7,
        "f3": "8.643",
        "acquisitore_serial_number": null,
        "acquisitore_centralina": null,
        "acquisitore_soglia_trigger_g": null,
        "sensors": [],
        "sensors_count": 0
      }
    },
    {
      "type": "Feature",
      "geometry": {
        "type": "Point",
        "coordinates": [
          13.398381,
          42.347835
        ]
      },
      "properties": {
        "id": 116,
        "net_staz_name": "BC077",
        "nome": "Prefettura dell'Aquila",
        "network": "Lunitek",
        "regione": "ABRUZZO",
        "provincia": "L'AQUILA",
        "comune": "L'AQUILA",
        "indirizzo": "Corso Federico II, 9",
        "tipologia": "Edificio in cemento armato con isolamento sismico",
        "id_tipologia": 99,
        "classificazione": "PREFETTURA",
        "sistema": "DETTAGLIATO",
        "connessione": null,
        "ip": "192.168.134.81",
        "zona_sismica": 2,
        "stato": "A",
        "nome_checkmk": null,
        "fem": "NO",
        "f1": 2,
        "f2": 3,
        "f3": "2.722",
        "acquisitore_serial_number": null,
        "acquisitore_centralina": null,
        "acquisitore_soglia_trigger_g": null,
        "sensors": [],
        "sensors_count": 0
      }
    },
    {
      "type": "Feature",
      "geometry": {
        "type": "Point",
        "coordinates": [
          16.95444,
          39.49278
        ]
      },
      "properties": {
        "id": 117,
        "net_staz_name": "CF001",
        "nome": "Edificio comunale - Uffici giudiziari",
        "network": "Lunitek",
        "regione": "CALABRIA",
        "provincia": "COSENZA",
        "comune": "CARIATI",
        "indirizzo": "Via Della Chiesa",
        "tipologia": "Edificio in cemento armato",
        "id_tipologia": 1,
        "classificazione": "MUNICIPIO",
        "sistema": "DETTAGLIATO",
        "connessione": null,
        "ip": "10.10.3.45",
        "zona_sismica": 2,
        "stato": "A",
        "nome_checkmk": null,
        "fem": "NO",
        "f1": 4,
        "f2": 6,
        "f3": "NP",
        "acquisitore_serial_number": null,
        "acquisitore_centralina": null,
        "acquisitore_soglia_trigger_g": null,
        "sensors": [],
        "sensors_count": 0
      }
    },
    {
      "type": "Feature",
      "geometry": {
        "type": "Point",
        "coordinates": [
          16.2599,
          38.2364
        ]
      },
      "properties": {
        "id": 118,
        "net_staz_name": "CF002",
        "nome": "Istituto secondario di I grado ''F. Sorace Maresca''",
        "network": "Lunitek",
        "regione": "CALABRIA",
        "provincia": "REGGIO CALABRIA",
        "comune": "LOCRI",
        "indirizzo": "Via Dante",
        "tipologia": "Edificio in cemento armato",
        "id_tipologia": 1,
        "classificazione": "SCUOLA",
        "sistema": "DETTAGLIATO",
        "connessione": null,
        "ip": "10.10.3.53",
        "zona_sismica": 1,
        "stato": "A",
        "nome_checkmk": null,
        "fem": "NO",
        "f1": 4,
        "f2": 5,
        "f3": "9.241",
        "acquisitore_serial_number": null,
        "acquisitore_centralina": null,
        "acquisitore_soglia_trigger_g": null,
        "sensors": [],
        "sensors_count": 0
      }
    },
    {
      "type": "Feature",
      "geometry": {
        "type": "Point",
        "coordinates": [
          16.23111,
          39.07556
        ]
      },
      "properties": {
        "id": 119,
        "net_staz_name": "CF003",
        "nome": "Municipio di Martirano Lombardo",
        "network": "Lunitek",
        "regione": "CALABRIA",
        "provincia": "CATANZARO",
        "comune": "MARTIRANO LOMBARDO",
        "indirizzo": "Piazza Giovanni XXIII",
        "tipologia": "Edificio in muratura",
        "id_tipologia": 2,
        "classificazione": "MUNICIPIO",
        "sistema": "DETTAGLIATO",
        "connessione": null,
        "ip": "192.168.74.69",
        "zona_sismica": 1,
        "stato": "A",
        "nome_checkmk": null,
        "fem": "NO",
        "f1": 7,
        "f2": 8,
        "f3": "9.29",
        "acquisitore_serial_number": null,
        "acquisitore_centralina": null,
        "acquisitore_soglia_trigger_g": null,
        "sensors": [],
        "sensors_count": 0
      }
    },
    {
      "type": "Feature",
      "geometry": {
        "type": "Point",
        "coordinates": [
          15.77694,
          39.89944
        ]
      },
      "properties": {
        "id": 120,
        "net_staz_name": "CF004",
        "nome": "Istituto professionale per i servizi alberghieri e la ristorazione",
        "network": "Lunitek",
        "regione": "CALABRIA",
        "provincia": "COSENZA",
        "comune": "PRAIA A MARE",
        "indirizzo": "Via Corrado Alvaro",
        "tipologia": "Edificio in cemento armato",
        "id_tipologia": 1,
        "classificazione": "SCUOLA",
        "sistema": "DETTAGLIATO",
        "connessione": null,
        "ip": "10.10.4.77",
        "zona_sismica": 2,
        "stato": "A",
        "nome_checkmk": null,
        "fem": "SI",
        "f1": 4,
        "f2": 6,
        "f3": "8.99",
        "acquisitore_serial_number": null,
        "acquisitore_centralina": null,
        "acquisitore_soglia_trigger_g": null,
        "sensors": [],
        "sensors_count": 0
      }
    },
    {
      "type": "Feature",
      "geometry": {
        "type": "Point",
        "coordinates": [
          16.678542,
          39.206007
        ]
      },
      "properties": {
        "id": 121,
        "net_staz_name": "CF005",
        "nome": "Diga del lago Ampollino di Trepidò",
        "network": "Lunitek",
        "regione": "CALABRIA",
        "provincia": "CROTONE",
        "comune": "COTRONEI",
        "indirizzo": "Via Gioacchino da Fiore/SP35",
        "tipologia": "Diga ad arco in muratura con spalle in cls",
        "id_tipologia": 50,
        "classificazione": "DIGA",
        "sistema": "DETTAGLIATO",
        "connessione": null,
        "ip": "192.168.119.81",
        "zona_sismica": 2,
        "stato": "A",
        "nome_checkmk": null,
        "fem": "NO",
        "f1": 12,
        "f2": 13,
        "f3": "14.76",
        "acquisitore_serial_number": null,
        "acquisitore_centralina": null,
        "acquisitore_soglia_trigger_g": null,
        "sensors": [],
        "sensors_count": 0
      }
    },
    {
      "type": "Feature",
      "geometry": {
        "type": "Point",
        "coordinates": [
          16.001347,
          40.275837
        ]
      },
      "properties": {
        "id": 122,
        "net_staz_name": "D1DPE",
        "nome": "Diga del Pertusillo",
        "network": "GeoSIG",
        "regione": "BASILICATA",
        "provincia": "POTENZA",
        "comune": "SPINOSO",
        "indirizzo": "Loc Pietra del Pertusillo",
        "tipologia": "Diga a gravità ad arco",
        "id_tipologia": 50,
        "classificazione": "DIGA",
        "sistema": "DETTAGLIATO",
        "connessione": "Rete Dati",
        "ip": "192.168.68.2",
        "zona_sismica": 1,
        "stato": "A",
        "nome_checkmk": null,
        "fem": " ",
        "f1": null,
        "f2": null,
        "f3": null,
        "acquisitore_serial_number": null,
        "acquisitore_centralina": null,
        "acquisitore_soglia_trigger_g": null,
        "sensors": [
          {
            "id_sensore": 417,
            "nome_sensore": "D1DPE_AC01",
            "canali_sensore": "6, 7, 8",
            "tipo_sensore": "Accelerometro triassiale",
            "parametro_misurato_sensore": "Accelerazione",
            "unita_misura_sensore": "g",
            "quota_sensore": "75.00",
            "stato_sensore": "ATTIVO",
            "stato_funzionamento_sensore": "OPERATIVO",
            "finanziato_mase": "NO",
            "data_attivazione_sensore": null,
            "data_dismissione_sensore": null,
            "ultima_lettura_sensore": null
          },
          {
            "id_sensore": 418,
            "nome_sensore": "D1DPE_AC02",
            "canali_sensore": "1, 2, 3",
            "tipo_sensore": "Accelerometro triassiale",
            "parametro_misurato_sensore": "Accelerazione",
            "unita_misura_sensore": "g",
            "quota_sensore": "75.00",
            "stato_sensore": "ATTIVO",
            "stato_funzionamento_sensore": "OPERATIVO",
            "finanziato_mase": "NO",
            "data_attivazione_sensore": null,
            "data_dismissione_sensore": null,
            "ultima_lettura_sensore": null
          },
          {
            "id_sensore": 419,
            "nome_sensore": "D1DPE_AC03",
            "canali_sensore": "11, 12, 13",
            "tipo_sensore": "Accelerometro triassiale",
            "parametro_misurato_sensore": "Accelerazione",
            "unita_misura_sensore": "g",
            "quota_sensore": "0.00",
            "stato_sensore": "ATTIVO",
            "stato_funzionamento_sensore": "OPERATIVO",
            "finanziato_mase": "NO",
            "data_attivazione_sensore": null,
            "data_dismissione_sensore": null,
            "ultima_lettura_sensore": null
          },
          {
            "id_sensore": 420,
            "nome_sensore": "D1DPE_AC04",
            "canali_sensore": "4, 5",
            "tipo_sensore": "Accelerometro biassiale",
            "parametro_misurato_sensore": "Accelerazione",
            "unita_misura_sensore": "g",
            "quota_sensore": "75.00",
            "stato_sensore": "ATTIVO",
            "stato_funzionamento_sensore": "OPERATIVO",
            "finanziato_mase": "NO",
            "data_attivazione_sensore": null,
            "data_dismissione_sensore": null,
            "ultima_lettura_sensore": null
          },
          {
            "id_sensore": 421,
            "nome_sensore": "D1DPE_AC05",
            "canali_sensore": "9, 10",
            "tipo_sensore": "Accelerometro biassiale",
            "parametro_misurato_sensore": "Accelerazione",
            "unita_misura_sensore": "g",
            "quota_sensore": "49.00",
            "stato_sensore": "ATTIVO",
            "stato_funzionamento_sensore": "OPERATIVO",
            "finanziato_mase": "NO",
            "data_attivazione_sensore": null,
            "data_dismissione_sensore": null,
            "ultima_lettura_sensore": null
          }
        ],
        "sensors_count": 5
      }
    },
    {
      "type": "Feature",
      "geometry": {
        "type": "Point",
        "coordinates": [
          14.73,
          41.265296
        ]
      },
      "properties": {
        "id": 123,
        "net_staz_name": "D2DCL",
        "nome": "Diga di Campolattaro",
        "network": "GeoSIG",
        "regione": "CAMPANIA",
        "provincia": "BENEVENTO",
        "comune": "CAMPOLATTARO",
        "indirizzo": "Contrada Toppi",
        "tipologia": "Diga in terra",
        "id_tipologia": 50,
        "classificazione": "DIGA",
        "sistema": "DETTAGLIATO",
        "connessione": "Rete Dati",
        "ip": "192.168.69.2",
        "zona_sismica": 1,
        "stato": "A",
        "nome_checkmk": null,
        "fem": null,
        "f1": null,
        "f2": null,
        "f3": null,
        "acquisitore_serial_number": null,
        "acquisitore_centralina": null,
        "acquisitore_soglia_trigger_g": null,
        "sensors": [
          {
            "id_sensore": 422,
            "nome_sensore": "D2DCL_AC01",
            "canali_sensore": "7, 8, 9",
            "tipo_sensore": "Accelerometro triassiale",
            "parametro_misurato_sensore": "Accelerazione",
            "unita_misura_sensore": "g",
            "quota_sensore": "63.00",
            "stato_sensore": "ATTIVO",
            "stato_funzionamento_sensore": "OPERATIVO",
            "finanziato_mase": "NO",
            "data_attivazione_sensore": null,
            "data_dismissione_sensore": null,
            "ultima_lettura_sensore": null
          },
          {
            "id_sensore": 423,
            "nome_sensore": "D2DCL_AC02",
            "canali_sensore": "10, 11, 12",
            "tipo_sensore": "Accelerometro triassiale",
            "parametro_misurato_sensore": "Accelerazione",
            "unita_misura_sensore": "g",
            "quota_sensore": "63.00",
            "stato_sensore": "ATTIVO",
            "stato_funzionamento_sensore": "OPERATIVO",
            "finanziato_mase": "NO",
            "data_attivazione_sensore": null,
            "data_dismissione_sensore": null,
            "ultima_lettura_sensore": null
          },
          {
            "id_sensore": 424,
            "nome_sensore": "D2DCL_AC03",
            "canali_sensore": "13, 14, 15",
            "tipo_sensore": "Accelerometro triassiale",
            "parametro_misurato_sensore": "Accelerazione",
            "unita_misura_sensore": "g",
            "quota_sensore": "0.00",
            "stato_sensore": "ATTIVO",
            "stato_funzionamento_sensore": "OPERATIVO",
            "finanziato_mase": "NO",
            "data_attivazione_sensore": null,
            "data_dismissione_sensore": null,
            "ultima_lettura_sensore": null
          },
          {
            "id_sensore": 425,
            "nome_sensore": "D2DCL_AC04",
            "canali_sensore": "4, 5, 6",
            "tipo_sensore": "Accelerometro triassiale",
            "parametro_misurato_sensore": "Accelerazione",
            "unita_misura_sensore": "g",
            "quota_sensore": "42.00",
            "stato_sensore": "ATTIVO",
            "stato_funzionamento_sensore": "OPERATIVO",
            "finanziato_mase": "NO",
            "data_attivazione_sensore": null,
            "data_dismissione_sensore": null,
            "ultima_lettura_sensore": null
          },
          {
            "id_sensore": 426,
            "nome_sensore": "D2DCL_AC05",
            "canali_sensore": "1, 2, 3",
            "tipo_sensore": "Accelerometro triassiale",
            "parametro_misurato_sensore": "Accelerazione",
            "unita_misura_sensore": "g",
            "quota_sensore": "0.00",
            "stato_sensore": "ATTIVO",
            "stato_funzionamento_sensore": "OPERATIVO",
            "finanziato_mase": "NO",
            "data_attivazione_sensore": null,
            "data_dismissione_sensore": null,
            "ultima_lettura_sensore": null
          }
        ],
        "sensors_count": 5
      }
    },
    {
      "type": "Feature",
      "geometry": {
        "type": "Point",
        "coordinates": [
          14.073056,
          40.848889
        ]
      },
      "properties": {
        "id": 124,
        "net_staz_name": "EB631",
        "nome": "Ospedale Santa Maria delle Grazie",
        "network": "Lunitek",
        "regione": "CAMPANIA",
        "provincia": "NAPOLI",
        "comune": "POZZUOLI",
        "indirizzo": "Via Domitiana, Località La Schiana",
        "tipologia": "Edificio in cemento armato",
        "id_tipologia": 1,
        "classificazione": "OSPEDALE",
        "sistema": "SEMPLIFICATO",
        "connessione": null,
        "ip": "192.168.40.41",
        "zona_sismica": 2,
        "stato": "A",
        "nome_checkmk": null,
        "fem": "NO",
        "f1": null,
        "f2": null,
        "f3": null,
        "acquisitore_serial_number": null,
        "acquisitore_centralina": null,
        "acquisitore_soglia_trigger_g": null,
        "sensors": [],
        "sensors_count": 0
      }
    },
    {
      "type": "Feature",
      "geometry": {
        "type": "Point",
        "coordinates": [
          13.183704,
          43.060655
        ]
      },
      "properties": {
        "id": 125,
        "net_staz_name": "EA042",
        "nome": "Diga di Fiastrone",
        "network": "Lunitek",
        "regione": "MARCHE",
        "provincia": "MACERATA",
        "comune": "FIASTRA",
        "indirizzo": "Strada Provinciale 91",
        "tipologia": "Diga a volta",
        "id_tipologia": 50,
        "classificazione": "DIGA",
        "sistema": "SEMPLIFICATO",
        "connessione": null,
        "ip": "192.168.44.42",
        "zona_sismica": 2,
        "stato": "A",
        "nome_checkmk": null,
        "fem": "NO",
        "f1": 5,
        "f2": 6,
        "f3": "7.396",
        "acquisitore_serial_number": null,
        "acquisitore_centralina": null,
        "acquisitore_soglia_trigger_g": null,
        "sensors": [],
        "sensors_count": 0
      }
    },
    {
      "type": "Feature",
      "geometry": {
        "type": "Point",
        "coordinates": [
          13.269603,
          42.641019
        ]
      },
      "properties": {
        "id": 126,
        "net_staz_name": "EA047",
        "nome": "Diga di Scandarello",
        "network": "Lunitek",
        "regione": "LAZIO",
        "provincia": "RIETI",
        "comune": "AMATRICE",
        "indirizzo": "SR260",
        "tipologia": "Diga a gravità",
        "id_tipologia": 50,
        "classificazione": "DIGA",
        "sistema": "SEMPLIFICATO",
        "connessione": null,
        "ip": "192.168.43.114",
        "zona_sismica": 1,
        "stato": "A",
        "nome_checkmk": null,
        "fem": "NO",
        "f1": 6,
        "f2": 7,
        "f3": "8.896",
        "acquisitore_serial_number": null,
        "acquisitore_centralina": null,
        "acquisitore_soglia_trigger_g": null,
        "sensors": [],
        "sensors_count": 0
      }
    },
    {
      "type": "Feature",
      "geometry": {
        "type": "Point",
        "coordinates": [
          14.165,
          40.813611
        ]
      },
      "properties": {
        "id": 127,
        "net_staz_name": "EB624",
        "nome": "ITN Duca degli Abruzzi ",
        "network": "Lunitek",
        "regione": "CAMPANIA",
        "provincia": "NAPOLI",
        "comune": "NAPOLI",
        "indirizzo": "Via Pozzuoli 5",
        "tipologia": "Edificio in cemento armato",
        "id_tipologia": 1,
        "classificazione": "SCUOLA",
        "sistema": "SEMPLIFICATO",
        "connessione": null,
        "ip": "192.168.38.49",
        "zona_sismica": 2,
        "stato": "A",
        "nome_checkmk": null,
        "fem": "NO",
        "f1": null,
        "f2": null,
        "f3": null,
        "acquisitore_serial_number": null,
        "acquisitore_centralina": null,
        "acquisitore_soglia_trigger_g": null,
        "sensors": [],
        "sensors_count": 0
      }
    },
    {
      "type": "Feature",
      "geometry": {
        "type": "Point",
        "coordinates": [
          14.0725,
          40.816111
        ]
      },
      "properties": {
        "id": 128,
        "net_staz_name": "EB637",
        "nome": "Ufficio Locale Marittimo",
        "network": "Lunitek",
        "regione": "CAMPANIA",
        "provincia": "NAPOLI",
        "comune": "BACOLI",
        "indirizzo": "Via Molo di Baia 20",
        "tipologia": "Edificio in muratura",
        "id_tipologia": 2,
        "classificazione": "ALTRO EDIFICIO",
        "sistema": "SEMPLIFICATO",
        "connessione": null,
        "ip": "192.168.37.54",
        "zona_sismica": 2,
        "stato": "A",
        "nome_checkmk": null,
        "fem": "NO",
        "f1": 5,
        "f2": 5,
        "f3": "7.373",
        "acquisitore_serial_number": null,
        "acquisitore_centralina": null,
        "acquisitore_soglia_trigger_g": null,
        "sensors": [],
        "sensors_count": 0
      }
    },
    {
      "type": "Feature",
      "geometry": {
        "type": "Point",
        "coordinates": [
          12.622493,
          43.063889
        ]
      },
      "properties": {
        "id": 129,
        "net_staz_name": "EA067",
        "nome": "Ospedale di Assisi - Edificio di ingresso",
        "network": "Lunitek",
        "regione": "UMBRIA",
        "provincia": "PERUGIA",
        "comune": "ASSISI",
        "indirizzo": "Ospedale di Assisi",
        "tipologia": "Edificio in cemento armato",
        "id_tipologia": 1,
        "classificazione": "OSPEDALE",
        "sistema": "SEMPLIFICATO",
        "connessione": null,
        "ip": "192.168.50.67",
        "zona_sismica": 2,
        "stato": "A",
        "nome_checkmk": null,
        "fem": "NO",
        "f1": null,
        "f2": null,
        "f3": null,
        "acquisitore_serial_number": null,
        "acquisitore_centralina": null,
        "acquisitore_soglia_trigger_g": null,
        "sensors": [],
        "sensors_count": 0
      }
    },
    {
      "type": "Feature",
      "geometry": {
        "type": "Point",
        "coordinates": [
          12.2314,
          43.473939
        ]
      },
      "properties": {
        "id": 130,
        "net_staz_name": "EA070",
        "nome": "Ospedale di Città di Castello - Corpo con poliambulatorio",
        "network": "Lunitek",
        "regione": "UMBRIA",
        "provincia": "PERUGIA",
        "comune": "CITTA' DI CASTELLO",
        "indirizzo": "Via Luigi Angelini",
        "tipologia": "Edificio in cemento armato",
        "id_tipologia": 1,
        "classificazione": "OSPEDALE",
        "sistema": "SEMPLIFICATO",
        "connessione": null,
        "ip": "192.168.51.70",
        "zona_sismica": 2,
        "stato": "A",
        "nome_checkmk": null,
        "fem": "NO",
        "f1": null,
        "f2": null,
        "f3": null,
        "acquisitore_serial_number": null,
        "acquisitore_centralina": null,
        "acquisitore_soglia_trigger_g": null,
        "sensors": [],
        "sensors_count": 0
      }
    },
    {
      "type": "Feature",
      "geometry": {
        "type": "Point",
        "coordinates": [
          12.688086,
          42.959433
        ]
      },
      "properties": {
        "id": 131,
        "net_staz_name": "EA073",
        "nome": "Ospedale di Foligno - Corpo centrale: chirurgia e degenza",
        "network": "Lunitek",
        "regione": "UMBRIA",
        "provincia": "PERUGIA",
        "comune": "FOLIGNO",
        "indirizzo": "Via Massimo Arcamone",
        "tipologia": "Edificio in cemento armato",
        "id_tipologia": 1,
        "classificazione": "OSPEDALE",
        "sistema": "SEMPLIFICATO",
        "connessione": null,
        "ip": "192.168.52.73",
        "zona_sismica": 1,
        "stato": "A",
        "nome_checkmk": null,
        "fem": "NO",
        "f1": null,
        "f2": null,
        "f3": null,
        "acquisitore_serial_number": null,
        "acquisitore_centralina": null,
        "acquisitore_soglia_trigger_g": null,
        "sensors": [],
        "sensors_count": 0
      }
    },
    {
      "type": "Feature",
      "geometry": {
        "type": "Point",
        "coordinates": [
          11.322297,
          43.960847
        ]
      },
      "properties": {
        "id": 132,
        "net_staz_name": "EB638",
        "nome": "Istituto Omnicomprensivo Scarperia San Piero",
        "network": "Lunitek",
        "regione": "TOSCANA",
        "provincia": "FIRENZE",
        "comune": "SAN PIERO A SIEVE",
        "indirizzo": "Via Domenico Trifilò, 2",
        "tipologia": "Edificio in muratura",
        "id_tipologia": 2,
        "classificazione": "SCUOLA",
        "sistema": "SEMPLIFICATO",
        "connessione": null,
        "ip": "192.168.71.79",
        "zona_sismica": 2,
        "stato": "A",
        "nome_checkmk": null,
        "fem": "NO",
        "f1": null,
        "f2": null,
        "f3": null,
        "acquisitore_serial_number": null,
        "acquisitore_centralina": null,
        "acquisitore_soglia_trigger_g": null,
        "sensors": [],
        "sensors_count": 0
      }
    },
    {
      "type": "Feature",
      "geometry": {
        "type": "Point",
        "coordinates": [
          12.334586,
          42.909538
        ]
      },
      "properties": {
        "id": 133,
        "net_staz_name": "EA077",
        "nome": "Ospedale di Marsciano - Padiglione \"Poggioni\"",
        "network": "Lunitek",
        "regione": "UMBRIA",
        "provincia": "PERUGIA",
        "comune": "MARSCIANO",
        "indirizzo": "Viale Piccolotti, 1",
        "tipologia": "Edificio in cemento armato",
        "id_tipologia": 1,
        "classificazione": "OSPEDALE",
        "sistema": "SEMPLIFICATO",
        "connessione": null,
        "ip": "192.168.53.77",
        "zona_sismica": 2,
        "stato": "A",
        "nome_checkmk": null,
        "fem": "NO",
        "f1": null,
        "f2": null,
        "f3": null,
        "acquisitore_serial_number": null,
        "acquisitore_centralina": null,
        "acquisitore_soglia_trigger_g": null,
        "sensors": [],
        "sensors_count": 0
      }
    },
    {
      "type": "Feature",
      "geometry": {
        "type": "Point",
        "coordinates": [
          13.0963,
          42.7941
        ]
      },
      "properties": {
        "id": 134,
        "net_staz_name": "EA080",
        "nome": "Ospedale di Norcia",
        "network": "Lunitek",
        "regione": "UMBRIA",
        "provincia": "PERUGIA",
        "comune": "NORCIA",
        "indirizzo": "Via dell'Ospedale",
        "tipologia": "Edificio in cemento armato",
        "id_tipologia": 1,
        "classificazione": "OSPEDALE",
        "sistema": "SEMPLIFICATO",
        "connessione": null,
        "ip": "192.168.54.80",
        "zona_sismica": 1,
        "stato": "A",
        "nome_checkmk": null,
        "fem": "NO",
        "f1": null,
        "f2": null,
        "f3": null,
        "acquisitore_serial_number": null,
        "acquisitore_centralina": null,
        "acquisitore_soglia_trigger_g": null,
        "sensors": [],
        "sensors_count": 0
      }
    },
    {
      "type": "Feature",
      "geometry": {
        "type": "Point",
        "coordinates": [
          12.7383,
          42.7458
        ]
      },
      "properties": {
        "id": 135,
        "net_staz_name": "EA083",
        "nome": "Ospedale di Spoleto - Blocco chirurgia",
        "network": "Lunitek",
        "regione": "UMBRIA",
        "provincia": "PERUGIA",
        "comune": "SPOLETO",
        "indirizzo": "Via Loreto, 3",
        "tipologia": "Edificio in cemento armato",
        "id_tipologia": 1,
        "classificazione": "OSPEDALE",
        "sistema": "SEMPLIFICATO",
        "connessione": null,
        "ip": "192.168.55.83",
        "zona_sismica": 1,
        "stato": "A",
        "nome_checkmk": null,
        "fem": "NO",
        "f1": null,
        "f2": null,
        "f3": null,
        "acquisitore_serial_number": null,
        "acquisitore_centralina": null,
        "acquisitore_soglia_trigger_g": null,
        "sensors": [],
        "sensors_count": 0
      }
    },
    {
      "type": "Feature",
      "geometry": {
        "type": "Point",
        "coordinates": [
          11.394,
          43.95
        ]
      },
      "properties": {
        "id": 136,
        "net_staz_name": "EB632",
        "nome": "Unione Montana dei Comuni del Mugello",
        "network": "Lunitek",
        "regione": "TOSCANA",
        "provincia": "FIRENZE",
        "comune": "BORGO SAN LORENZO",
        "indirizzo": "Via Palmiro Togliatti, 45",
        "tipologia": "Edificio in cemento armato ",
        "id_tipologia": 1,
        "classificazione": "sedeCOM",
        "sistema": "SEMPLIFICATO",
        "connessione": null,
        "ip": "192.168.72.84",
        "zona_sismica": 2,
        "stato": "A",
        "nome_checkmk": null,
        "fem": "NO",
        "f1": 6,
        "f2": 6,
        "f3": "6.99",
        "acquisitore_serial_number": null,
        "acquisitore_centralina": null,
        "acquisitore_soglia_trigger_g": null,
        "sensors": [],
        "sensors_count": 0
      }
    },
    {
      "type": "Feature",
      "geometry": {
        "type": "Point",
        "coordinates": [
          12.3375,
          43.3065
        ]
      },
      "properties": {
        "id": 137,
        "net_staz_name": "EA086",
        "nome": "Ospedale di Umbertide - Edificio chirurgia",
        "network": "Lunitek",
        "regione": "UMBRIA",
        "provincia": "PERUGIA",
        "comune": "UMBERTIDE",
        "indirizzo": "Via Cavour 40",
        "tipologia": "Edificio in cemento armato",
        "id_tipologia": 1,
        "classificazione": "OSPEDALE",
        "sistema": "SEMPLIFICATO",
        "connessione": null,
        "ip": "192.168.56.86",
        "zona_sismica": 2,
        "stato": "A",
        "nome_checkmk": null,
        "fem": "NO",
        "f1": null,
        "f2": null,
        "f3": null,
        "acquisitore_serial_number": null,
        "acquisitore_centralina": null,
        "acquisitore_soglia_trigger_g": null,
        "sensors": [],
        "sensors_count": 0
      }
    },
    {
      "type": "Feature",
      "geometry": {
        "type": "Point",
        "coordinates": [
          12.7881,
          43.1125
        ]
      },
      "properties": {
        "id": 138,
        "net_staz_name": "EA089",
        "nome": "Comune+A151",
        "network": "Lunitek",
        "regione": "UMBRIA",
        "provincia": "PERUGIA",
        "comune": "NOCERA UMBRA",
        "indirizzo": "Via Martiri della libertà",
        "tipologia": "Edificio in cemento armato",
        "id_tipologia": 1,
        "classificazione": "OSPEDALE",
        "sistema": "SEMPLIFICATO",
        "connessione": null,
        "ip": "192.168.57.89",
        "zona_sismica": 2,
        "stato": "A",
        "nome_checkmk": null,
        "fem": "NO",
        "f1": null,
        "f2": null,
        "f3": null,
        "acquisitore_serial_number": null,
        "acquisitore_centralina": null,
        "acquisitore_soglia_trigger_g": null,
        "sensors": [],
        "sensors_count": 0
      }
    },
    {
      "type": "Feature",
      "geometry": {
        "type": "Point",
        "coordinates": [
          14.857925,
          41.831435
        ]
      },
      "properties": {
        "id": 139,
        "net_staz_name": "EA116",
        "nome": "Diga di Ponte Liscione",
        "network": "Lunitek",
        "regione": "MOLISE",
        "provincia": "CAMPOBASSO",
        "comune": "GUARDIALFIERA",
        "indirizzo": "SS647 Diga del Liscione Guardialfiera",
        "tipologia": "Diga a terra",
        "id_tipologia": 50,
        "classificazione": "DIGA",
        "sistema": "SEMPLIFICATO",
        "connessione": null,
        "ip": "192.168.42.116",
        "zona_sismica": 2,
        "stato": "A",
        "nome_checkmk": null,
        "fem": "NO",
        "f1": null,
        "f2": null,
        "f3": null,
        "acquisitore_serial_number": null,
        "acquisitore_centralina": null,
        "acquisitore_soglia_trigger_g": null,
        "sensors": [],
        "sensors_count": 0
      }
    },
    {
      "type": "Feature",
      "geometry": {
        "type": "Point",
        "coordinates": [
          10.0538,
          45.13027
        ]
      },
      "properties": {
        "id": 140,
        "net_staz_name": "EA120",
        "nome": "Istituti Ospitalieri di Cremona",
        "network": "Lunitek",
        "regione": "LOMBARDIA",
        "provincia": "CREMONA",
        "comune": "CREMONA",
        "indirizzo": "Viale Concordia, 1",
        "tipologia": "Edificio in cemento armato",
        "id_tipologia": 1,
        "classificazione": "OSPEDALE",
        "sistema": "DETTAGLIATO",
        "connessione": null,
        "ip": "10.10.5.5",
        "zona_sismica": 3,
        "stato": "A",
        "nome_checkmk": null,
        "fem": "NO",
        "f1": 3,
        "f2": 5,
        "f3": "6.221",
        "acquisitore_serial_number": null,
        "acquisitore_centralina": null,
        "acquisitore_soglia_trigger_g": null,
        "sensors": [],
        "sensors_count": 0
      }
    },
    {
      "type": "Feature",
      "geometry": {
        "type": "Point",
        "coordinates": [
          13.725514,
          42.365609
        ]
      },
      "properties": {
        "id": 142,
        "net_staz_name": "EB185",
        "nome": "Scuole Quattro Novembre",
        "network": "Lunitek",
        "regione": "ABRUZZO",
        "provincia": "L'AQUILA",
        "comune": "CASTEL DEL MONTE",
        "indirizzo": "Viale della Vittoria",
        "tipologia": "Edificio in muratura",
        "id_tipologia": 2,
        "classificazione": "SCUOLA",
        "sistema": "SEMPLIFICATO",
        "connessione": null,
        "ip": "192.168.139.185",
        "zona_sismica": 2,
        "stato": "A",
        "nome_checkmk": null,
        "fem": "NO",
        "f1": 8,
        "f2": 8,
        "f3": "9.295",
        "acquisitore_serial_number": null,
        "acquisitore_centralina": null,
        "acquisitore_soglia_trigger_g": null,
        "sensors": [],
        "sensors_count": 0
      }
    },
    {
      "type": "Feature",
      "geometry": {
        "type": "Point",
        "coordinates": [
          15.459546,
          38.042686
        ]
      },
      "properties": {
        "id": 143,
        "net_staz_name": "EB186",
        "nome": "Municipio di Scaletta Zanclea",
        "network": "Lunitek",
        "regione": "SICILIA",
        "provincia": "MESSINA",
        "comune": "SCALETTA ZANCLEA",
        "indirizzo": "Piazza Municipio",
        "tipologia": "Edificio in cemento armato ",
        "id_tipologia": 1,
        "classificazione": "MUNICIPIO",
        "sistema": "SEMPLIFICATO",
        "connessione": null,
        "ip": "192.168.137.186",
        "zona_sismica": 1,
        "stato": "A",
        "nome_checkmk": null,
        "fem": "NO",
        "f1": null,
        "f2": null,
        "f3": null,
        "acquisitore_serial_number": null,
        "acquisitore_centralina": null,
        "acquisitore_soglia_trigger_g": null,
        "sensors": [],
        "sensors_count": 0
      }
    },
    {
      "type": "Feature",
      "geometry": {
        "type": "Point",
        "coordinates": [
          15.758559,
          38.173065
        ]
      },
      "properties": {
        "id": 144,
        "net_staz_name": "EB368",
        "nome": "Municipio di Sant'Alessio in Aspromonte",
        "network": "Lunitek",
        "regione": "CALABRIA",
        "provincia": "REGGIO DI CALABRIA",
        "comune": "SANT'ALESSIO IN ASPROMONTE",
        "indirizzo": "Piazza Libertà 1",
        "tipologia": "Edificio in muratura",
        "id_tipologia": 2,
        "classificazione": "MUNICIPIO",
        "sistema": "SEMPLIFICATO",
        "connessione": null,
        "ip": "192.168.139.68",
        "zona_sismica": 1,
        "stato": "A",
        "nome_checkmk": null,
        "fem": "NO",
        "f1": 4,
        "f2": 5,
        "f3": null,
        "acquisitore_serial_number": null,
        "acquisitore_centralina": null,
        "acquisitore_soglia_trigger_g": null,
        "sensors": [],
        "sensors_count": 0
      }
    },
    {
      "type": "Feature",
      "geometry": {
        "type": "Point",
        "coordinates": [
          15.374608,
          38.222077
        ]
      },
      "properties": {
        "id": 145,
        "net_staz_name": "EB472",
        "nome": "Municipio di Spadafora",
        "network": "Lunitek",
        "regione": "SICILIA",
        "provincia": "MESSINA",
        "comune": "SPADAFORA",
        "indirizzo": "Piazza Vittorio Emanuele III, 44",
        "tipologia": "Edificio in muratura",
        "id_tipologia": 2,
        "classificazione": "MUNICIPIO",
        "sistema": "SEMPLIFICATO",
        "connessione": null,
        "ip": "192.168.138.72",
        "zona_sismica": 2,
        "stato": "A",
        "nome_checkmk": null,
        "fem": "NO",
        "f1": 4,
        "f2": 5,
        "f3": "5.362",
        "acquisitore_serial_number": null,
        "acquisitore_centralina": null,
        "acquisitore_soglia_trigger_g": null,
        "sensors": [],
        "sensors_count": 0
      }
    },
    {
      "type": "Feature",
      "geometry": {
        "type": "Point",
        "coordinates": [
          7.4067639,
          44.3351869
        ]
      },
      "properties": {
        "id": 146,
        "net_staz_name": "EB367",
        "nome": "Municipio di Gaiola",
        "network": "Lunitek",
        "regione": "PIEMONTE",
        "provincia": "CUNEO",
        "comune": "GAIOLA",
        "indirizzo": "Via XX Settembre, 2",
        "tipologia": "Edificio in muratura",
        "id_tipologia": 2,
        "classificazione": "MUNICIPIO",
        "sistema": "SEMPLIFICATO",
        "connessione": null,
        "ip": "192.168.141.67",
        "zona_sismica": 3,
        "stato": "A",
        "nome_checkmk": null,
        "fem": "NO",
        "f1": null,
        "f2": null,
        "f3": null,
        "acquisitore_serial_number": null,
        "acquisitore_centralina": null,
        "acquisitore_soglia_trigger_g": null,
        "sensors": [],
        "sensors_count": 0
      }
    },
    {
      "type": "Feature",
      "geometry": {
        "type": "Point",
        "coordinates": [
          7.3278446,
          44.8878434
        ]
      },
      "properties": {
        "id": 147,
        "net_staz_name": "EB363",
        "nome": "Ex Caserme Bricherasio - Fabricato A",
        "network": "Lunitek",
        "regione": "PIEMONTE",
        "provincia": "TORINO",
        "comune": "PINEROLO",
        "indirizzo": "Via San Giuseppe, 39",
        "tipologia": "Edificio in muratura",
        "id_tipologia": 2,
        "classificazione": "ALTRO EDIFICIO",
        "sistema": "SEMPLIFICATO",
        "connessione": null,
        "ip": "192.168.140.63",
        "zona_sismica": 3,
        "stato": "A",
        "nome_checkmk": null,
        "fem": "NO",
        "f1": 6,
        "f2": 7,
        "f3": "8.23",
        "acquisitore_serial_number": null,
        "acquisitore_centralina": null,
        "acquisitore_soglia_trigger_g": null,
        "sensors": [],
        "sensors_count": 0
      }
    },
    {
      "type": "Feature",
      "geometry": {
        "type": "Point",
        "coordinates": [
          15.928623,
          37.930911
        ]
      },
      "properties": {
        "id": 148,
        "net_staz_name": "DYMAS4000",
        "nome": "Viadotto Sideroni tra km 46+800 e 47+495 della SS 106 Jonica",
        "network": "Cesi",
        "regione": "CALABRIA",
        "provincia": "REGGIO DI CALABRIA",
        "comune": "BOVA MARINA",
        "indirizzo": "SS 106 Jonica",
        "tipologia": "Ponte in cemento armato",
        "id_tipologia": 10,
        "classificazione": "PONTE",
        "sistema": "DETTAGLIATO",
        "connessione": null,
        "ip": "10.10.2.157",
        "zona_sismica": 1,
        "stato": "A",
        "nome_checkmk": null,
        "fem": null,
        "f1": null,
        "f2": null,
        "f3": null,
        "acquisitore_serial_number": null,
        "acquisitore_centralina": null,
        "acquisitore_soglia_trigger_g": null,
        "sensors": [],
        "sensors_count": 0
      }
    },
    {
      "type": "Feature",
      "geometry": {
        "type": "Point",
        "coordinates": [
          17.11812,
          39.07857
        ]
      },
      "properties": {
        "id": 149,
        "net_staz_name": "DYMAS4010",
        "nome": "Ospedale \"S.Giovanni di Dio\"-Lotto1- C.po A",
        "network": "Cesi",
        "regione": "CALABRIA",
        "provincia": "CROTONE",
        "comune": "CROTONE",
        "indirizzo": "Via Bologna",
        "tipologia": "Edificio in cemento armato",
        "id_tipologia": 1,
        "classificazione": "OSPEDALE",
        "sistema": "DETTAGLIATO",
        "connessione": null,
        "ip": "10.10.3.5",
        "zona_sismica": 2,
        "stato": "A",
        "nome_checkmk": null,
        "fem": null,
        "f1": 2,
        "f2": 3,
        "f3": "3.095",
        "acquisitore_serial_number": null,
        "acquisitore_centralina": null,
        "acquisitore_soglia_trigger_g": null,
        "sensors": [],
        "sensors_count": 0
      }
    },
    {
      "type": "Feature",
      "geometry": {
        "type": "Point",
        "coordinates": [
          16.592625,
          38.906614
        ]
      },
      "properties": {
        "id": 150,
        "net_staz_name": "DYMAS4020",
        "nome": "Palazzo \"De Nobili\" - Municipio di Catanzaro",
        "network": "Cesi",
        "regione": "CALABRIA",
        "provincia": "CATANZARO",
        "comune": "CATANZARO",
        "indirizzo": "Via Giovanni Jannoni 68",
        "tipologia": "Edificio in muratura",
        "id_tipologia": 2,
        "classificazione": "MUNICIPIO",
        "sistema": "DETTAGLIATO",
        "connessione": null,
        "ip": "10.10.1.133",
        "zona_sismica": 1,
        "stato": "A",
        "nome_checkmk": null,
        "fem": null,
        "f1": null,
        "f2": null,
        "f3": null,
        "acquisitore_serial_number": null,
        "acquisitore_centralina": null,
        "acquisitore_soglia_trigger_g": null,
        "sensors": [],
        "sensors_count": 0
      }
    },
    {
      "type": "Feature",
      "geometry": {
        "type": "Point",
        "coordinates": [
          15.654592,
          38.121741
        ]
      },
      "properties": {
        "id": 151,
        "net_staz_name": "DYMAS4030",
        "nome": "Sede ATERP di Reggio Calabria",
        "network": "Cesi",
        "regione": "CALABRIA",
        "provincia": "REGGIO DI CALABRIA",
        "comune": "REGGIO DI CALABRIA",
        "indirizzo": "Viale Nicola Manfroce, 17",
        "tipologia": "Edificio in cemento armato",
        "id_tipologia": 1,
        "classificazione": "ALTRO EDIFICIO",
        "sistema": "DETTAGLIATO",
        "connessione": null,
        "ip": "10.10.2.173",
        "zona_sismica": 1,
        "stato": "A",
        "nome_checkmk": null,
        "fem": null,
        "f1": null,
        "f2": null,
        "f3": null,
        "acquisitore_serial_number": null,
        "acquisitore_centralina": null,
        "acquisitore_soglia_trigger_g": null,
        "sensors": [],
        "sensors_count": 0
      }
    },
    {
      "type": "Feature",
      "geometry": {
        "type": "Point",
        "coordinates": [
          16.549922,
          38.687574
        ]
      },
      "properties": {
        "id": 152,
        "net_staz_name": "DYMAS4040",
        "nome": "Municipio di Soverato",
        "network": "Cesi",
        "regione": "CALABRIA",
        "provincia": "CATANZARO",
        "comune": "SOVERATO",
        "indirizzo": "Piazza Maria Ausiliatrice, 1",
        "tipologia": "Edificio in cemento armato",
        "id_tipologia": 1,
        "classificazione": "MUNICIPIO",
        "sistema": "DETTAGLIATO",
        "connessione": null,
        "ip": "10.10.1.157",
        "zona_sismica": 1,
        "stato": "A",
        "nome_checkmk": null,
        "fem": null,
        "f1": null,
        "f2": null,
        "f3": null,
        "acquisitore_serial_number": null,
        "acquisitore_centralina": null,
        "acquisitore_soglia_trigger_g": null,
        "sensors": [],
        "sensors_count": 0
      }
    },
    {
      "type": "Feature",
      "geometry": {
        "type": "Point",
        "coordinates": [
          15.042,
          37.5117
        ]
      },
      "properties": {
        "id": 153,
        "net_staz_name": "SSN01",
        "nome": "Ospedale Nuovo \"Garibaldi\"",
        "network": "GeoSIG",
        "regione": "SICILIA",
        "provincia": "CATANIA",
        "comune": "CATANIA",
        "indirizzo": "Via Palermo, 636",
        "tipologia": "Edificio in cemento armato",
        "id_tipologia": 1,
        "classificazione": "OSPEDALE",
        "sistema": "DETTAGLIATO",
        "connessione": "ADSL",
        "ip": "10.10.1.101",
        "zona_sismica": 2,
        "stato": "A",
        "nome_checkmk": null,
        "fem": "SI",
        "f1": 5,
        "f2": 6,
        "f3": "7.667",
        "acquisitore_serial_number": null,
        "acquisitore_centralina": null,
        "acquisitore_soglia_trigger_g": null,
        "sensors": [
          {
            "id_sensore": 427,
            "nome_sensore": "SSN01_AC00",
            "canali_sensore": "1, 2, 3",
            "tipo_sensore": "Accelerometro triassiale",
            "parametro_misurato_sensore": "Accelerazione",
            "unita_misura_sensore": "g",
            "quota_sensore": "-4.35",
            "stato_sensore": "ATTIVO",
            "stato_funzionamento_sensore": "OPERATIVO",
            "finanziato_mase": "NO",
            "data_attivazione_sensore": null,
            "data_dismissione_sensore": null,
            "ultima_lettura_sensore": null
          },
          {
            "id_sensore": 428,
            "nome_sensore": "SSN01_AC01",
            "canali_sensore": "4, 5",
            "tipo_sensore": "Accelerometro biassiale",
            "parametro_misurato_sensore": "Accelerazione",
            "unita_misura_sensore": "g",
            "quota_sensore": "0.00",
            "stato_sensore": "ATTIVO",
            "stato_funzionamento_sensore": "OPERATIVO",
            "finanziato_mase": "NO",
            "data_attivazione_sensore": null,
            "data_dismissione_sensore": null,
            "ultima_lettura_sensore": null
          },
          {
            "id_sensore": 429,
            "nome_sensore": "SSN01_AC02",
            "canali_sensore": "6",
            "tipo_sensore": "Accelerometro monoassiale",
            "parametro_misurato_sensore": "Accelerazione",
            "unita_misura_sensore": "g",
            "quota_sensore": "0.00",
            "stato_sensore": "ATTIVO",
            "stato_funzionamento_sensore": "OPERATIVO",
            "finanziato_mase": "NO",
            "data_attivazione_sensore": null,
            "data_dismissione_sensore": null,
            "ultima_lettura_sensore": null
          },
          {
            "id_sensore": 430,
            "nome_sensore": "SSN01_AC03",
            "canali_sensore": "7, 8",
            "tipo_sensore": "Accelerometro biassiale",
            "parametro_misurato_sensore": "Accelerazione",
            "unita_misura_sensore": "g",
            "quota_sensore": "3.80",
            "stato_sensore": "ATTIVO",
            "stato_funzionamento_sensore": "OPERATIVO",
            "finanziato_mase": "NO",
            "data_attivazione_sensore": null,
            "data_dismissione_sensore": null,
            "ultima_lettura_sensore": null
          },
          {
            "id_sensore": 431,
            "nome_sensore": "SSN01_AC04",
            "canali_sensore": "9",
            "tipo_sensore": "Accelerometro monoassiale",
            "parametro_misurato_sensore": "Accelerazione",
            "unita_misura_sensore": "g",
            "quota_sensore": "3.80",
            "stato_sensore": "ATTIVO",
            "stato_funzionamento_sensore": "OPERATIVO",
            "finanziato_mase": "NO",
            "data_attivazione_sensore": null,
            "data_dismissione_sensore": null,
            "ultima_lettura_sensore": null
          },
          {
            "id_sensore": 432,
            "nome_sensore": "SSN01_AC05",
            "canali_sensore": "10, 11",
            "tipo_sensore": "Accelerometro biassiale",
            "parametro_misurato_sensore": "Accelerazione",
            "unita_misura_sensore": "g",
            "quota_sensore": "7.60",
            "stato_sensore": "ATTIVO",
            "stato_funzionamento_sensore": "OPERATIVO",
            "finanziato_mase": "NO",
            "data_attivazione_sensore": null,
            "data_dismissione_sensore": null,
            "ultima_lettura_sensore": null
          },
          {
            "id_sensore": 433,
            "nome_sensore": "SSN01_AC06",
            "canali_sensore": "12",
            "tipo_sensore": "Accelerometro monoassiale",
            "parametro_misurato_sensore": "Accelerazione",
            "unita_misura_sensore": "g",
            "quota_sensore": "7.60",
            "stato_sensore": "ATTIVO",
            "stato_funzionamento_sensore": "OPERATIVO",
            "finanziato_mase": "NO",
            "data_attivazione_sensore": null,
            "data_dismissione_sensore": null,
            "ultima_lettura_sensore": null
          },
          {
            "id_sensore": 434,
            "nome_sensore": "SSN01_AC07",
            "canali_sensore": "13, 14, 15",
            "tipo_sensore": "Accelerometro triassiale",
            "parametro_misurato_sensore": "Accelerazione",
            "unita_misura_sensore": "g",
            "quota_sensore": "11.40",
            "stato_sensore": "ATTIVO",
            "stato_funzionamento_sensore": "OPERATIVO",
            "finanziato_mase": "NO",
            "data_attivazione_sensore": null,
            "data_dismissione_sensore": null,
            "ultima_lettura_sensore": null
          },
          {
            "id_sensore": 435,
            "nome_sensore": "SSN01_AC08",
            "canali_sensore": "16, 17",
            "tipo_sensore": "Accelerometro biassiale",
            "parametro_misurato_sensore": "Accelerazione",
            "unita_misura_sensore": "g",
            "quota_sensore": "11.40",
            "stato_sensore": "ATTIVO",
            "stato_funzionamento_sensore": "OPERATIVO",
            "finanziato_mase": "NO",
            "data_attivazione_sensore": null,
            "data_dismissione_sensore": null,
            "ultima_lettura_sensore": null
          },
          {
            "id_sensore": 701,
            "nome_sensore": "SSN01_LVDT1",
            "canali_sensore": "18",
            "tipo_sensore": "Trasduttore di spostamento",
            "parametro_misurato_sensore": "Spostamento",
            "unita_misura_sensore": "mm",
            "quota_sensore": "11.40",
            "stato_sensore": "ATTIVO",
            "stato_funzionamento_sensore": "OPERATIVO",
            "finanziato_mase": "NO",
            "data_attivazione_sensore": null,
            "data_dismissione_sensore": null,
            "ultima_lettura_sensore": null
          }
        ],
        "sensors_count": 10
      }
    },
    {
      "type": "Feature",
      "geometry": {
        "type": "Point",
        "coordinates": [
          15.1541,
          37.6174
        ]
      },
      "properties": {
        "id": 154,
        "net_staz_name": "SSN02",
        "nome": "Liceo Classico \"Gulli e Pennisi\"",
        "network": "GeoSIG",
        "regione": "SICILIA",
        "provincia": "CATANIA",
        "comune": "ACIREALE",
        "indirizzo": "Via Arcidiacono, 2",
        "tipologia": "Edificio in cemento armato",
        "id_tipologia": 1,
        "classificazione": "SCUOLA",
        "sistema": "DETTAGLIATO",
        "connessione": "ADSL",
        "ip": "10.10.1.93",
        "zona_sismica": 2,
        "stato": "A",
        "nome_checkmk": null,
        "fem": "SI",
        "f1": 6,
        "f2": 7,
        "f3": "8.388",
        "acquisitore_serial_number": null,
        "acquisitore_centralina": null,
        "acquisitore_soglia_trigger_g": null,
        "sensors": [
          {
            "id_sensore": 436,
            "nome_sensore": "SSN02_AC01",
            "canali_sensore": "1, 2, 3",
            "tipo_sensore": "Accelerometro triassiale",
            "parametro_misurato_sensore": "Accelerazione",
            "unita_misura_sensore": "g",
            "quota_sensore": "0.00",
            "stato_sensore": "ATTIVO",
            "stato_funzionamento_sensore": "OPERATIVO",
            "finanziato_mase": "NO",
            "data_attivazione_sensore": null,
            "data_dismissione_sensore": null,
            "ultima_lettura_sensore": null
          },
          {
            "id_sensore": 437,
            "nome_sensore": "SSN02_AC02",
            "canali_sensore": "4",
            "tipo_sensore": "Accelerometro monoassiale",
            "parametro_misurato_sensore": "Accelerazione",
            "unita_misura_sensore": "g",
            "quota_sensore": "4.40",
            "stato_sensore": "ATTIVO",
            "stato_funzionamento_sensore": "OPERATIVO",
            "finanziato_mase": "NO",
            "data_attivazione_sensore": null,
            "data_dismissione_sensore": null,
            "ultima_lettura_sensore": null
          },
          {
            "id_sensore": 438,
            "nome_sensore": "SSN02_AC03",
            "canali_sensore": "5, 6",
            "tipo_sensore": "Accelerometro biassiale",
            "parametro_misurato_sensore": "Accelerazione",
            "unita_misura_sensore": "g",
            "quota_sensore": "4.40",
            "stato_sensore": "ATTIVO",
            "stato_funzionamento_sensore": "OPERATIVO",
            "finanziato_mase": "NO",
            "data_attivazione_sensore": null,
            "data_dismissione_sensore": null,
            "ultima_lettura_sensore": null
          },
          {
            "id_sensore": 439,
            "nome_sensore": "SSN02_AC04",
            "canali_sensore": "7, 8",
            "tipo_sensore": "Accelerometro biassiale",
            "parametro_misurato_sensore": "Accelerazione",
            "unita_misura_sensore": "g",
            "quota_sensore": "7.90",
            "stato_sensore": "ATTIVO",
            "stato_funzionamento_sensore": "OPERATIVO",
            "finanziato_mase": "NO",
            "data_attivazione_sensore": null,
            "data_dismissione_sensore": null,
            "ultima_lettura_sensore": null
          },
          {
            "id_sensore": 440,
            "nome_sensore": "SSN02_AC05",
            "canali_sensore": "9",
            "tipo_sensore": "Accelerometro monoassiale",
            "parametro_misurato_sensore": "Accelerazione",
            "unita_misura_sensore": "g",
            "quota_sensore": "7.90",
            "stato_sensore": "ATTIVO",
            "stato_funzionamento_sensore": "OPERATIVO",
            "finanziato_mase": "NO",
            "data_attivazione_sensore": null,
            "data_dismissione_sensore": null,
            "ultima_lettura_sensore": null
          },
          {
            "id_sensore": 441,
            "nome_sensore": "SSN02_AC06",
            "canali_sensore": "10, 11, 12",
            "tipo_sensore": "Accelerometro triassiale",
            "parametro_misurato_sensore": "Accelerazione",
            "unita_misura_sensore": "g",
            "quota_sensore": "11.40",
            "stato_sensore": "ATTIVO",
            "stato_funzionamento_sensore": "OPERATIVO",
            "finanziato_mase": "NO",
            "data_attivazione_sensore": null,
            "data_dismissione_sensore": null,
            "ultima_lettura_sensore": null
          },
          {
            "id_sensore": 442,
            "nome_sensore": "SSN02_AC07",
            "canali_sensore": "13",
            "tipo_sensore": "Accelerometro monoassiale",
            "parametro_misurato_sensore": "Accelerazione",
            "unita_misura_sensore": "g",
            "quota_sensore": "11.40",
            "stato_sensore": "ATTIVO",
            "stato_funzionamento_sensore": "OPERATIVO",
            "finanziato_mase": "NO",
            "data_attivazione_sensore": null,
            "data_dismissione_sensore": null,
            "ultima_lettura_sensore": null
          },
          {
            "id_sensore": 443,
            "nome_sensore": "SSN02_AC08",
            "canali_sensore": "14, 15",
            "tipo_sensore": "Accelerometro biassiale",
            "parametro_misurato_sensore": "Accelerazione",
            "unita_misura_sensore": "g",
            "quota_sensore": "11.40",
            "stato_sensore": "ATTIVO",
            "stato_funzionamento_sensore": "OPERATIVO",
            "finanziato_mase": "NO",
            "data_attivazione_sensore": null,
            "data_dismissione_sensore": null,
            "ultima_lettura_sensore": null
          }
        ],
        "sensors_count": 8
      }
    },
    {
      "type": "Feature",
      "geometry": {
        "type": "Point",
        "coordinates": [
          15.1035,
          37.6948
        ]
      },
      "properties": {
        "id": 155,
        "net_staz_name": "SSN03",
        "nome": "Sede Uffici Municipali di Zafferena Etnea ",
        "network": "GeoSIG",
        "regione": "SICILIA",
        "provincia": "CATANIA",
        "comune": "ZAFFERANA ETNEA",
        "indirizzo": "Via della Montagna",
        "tipologia": "Edificio in cemento armato",
        "id_tipologia": 1,
        "classificazione": "MUNICIPIO",
        "sistema": "DETTAGLIATO",
        "connessione": "ADSL",
        "ip": "10.10.1.125",
        "zona_sismica": 2,
        "stato": "A",
        "nome_checkmk": null,
        "fem": "SI",
        "f1": 6,
        "f2": 6,
        "f3": "7.866",
        "acquisitore_serial_number": null,
        "acquisitore_centralina": null,
        "acquisitore_soglia_trigger_g": null,
        "sensors": [
          {
            "id_sensore": 444,
            "nome_sensore": "SSN03_AC01",
            "canali_sensore": "1, 2, 3",
            "tipo_sensore": "Accelerometro triassiale",
            "parametro_misurato_sensore": "Accelerazione",
            "unita_misura_sensore": "g",
            "quota_sensore": "0.00",
            "stato_sensore": "ATTIVO",
            "stato_funzionamento_sensore": "OPERATIVO",
            "finanziato_mase": "NO",
            "data_attivazione_sensore": null,
            "data_dismissione_sensore": null,
            "ultima_lettura_sensore": null
          },
          {
            "id_sensore": 445,
            "nome_sensore": "SSN03_AC02",
            "canali_sensore": "4",
            "tipo_sensore": "Accelerometro monoassiale",
            "parametro_misurato_sensore": "Accelerazione",
            "unita_misura_sensore": "g",
            "quota_sensore": "3.25",
            "stato_sensore": "ATTIVO",
            "stato_funzionamento_sensore": "OPERATIVO",
            "finanziato_mase": "NO",
            "data_attivazione_sensore": null,
            "data_dismissione_sensore": null,
            "ultima_lettura_sensore": null
          },
          {
            "id_sensore": 446,
            "nome_sensore": "SSN03_AC03",
            "canali_sensore": "5, 6",
            "tipo_sensore": "Accelerometro biassiale",
            "parametro_misurato_sensore": "Accelerazione",
            "unita_misura_sensore": "g",
            "quota_sensore": "3.25",
            "stato_sensore": "ATTIVO",
            "stato_funzionamento_sensore": "OPERATIVO",
            "finanziato_mase": "NO",
            "data_attivazione_sensore": null,
            "data_dismissione_sensore": null,
            "ultima_lettura_sensore": null
          },
          {
            "id_sensore": 447,
            "nome_sensore": "SSN03_AC04",
            "canali_sensore": "7",
            "tipo_sensore": "Accelerometro monoassiale",
            "parametro_misurato_sensore": "Accelerazione",
            "unita_misura_sensore": "g",
            "quota_sensore": "3.25",
            "stato_sensore": "ATTIVO",
            "stato_funzionamento_sensore": "OPERATIVO",
            "finanziato_mase": "NO",
            "data_attivazione_sensore": null,
            "data_dismissione_sensore": null,
            "ultima_lettura_sensore": null
          },
          {
            "id_sensore": 448,
            "nome_sensore": "SSN03_AC05",
            "canali_sensore": "8, 9",
            "tipo_sensore": "Accelerometro biassiale",
            "parametro_misurato_sensore": "Accelerazione",
            "unita_misura_sensore": "g",
            "quota_sensore": "6.18",
            "stato_sensore": "ATTIVO",
            "stato_funzionamento_sensore": "OPERATIVO",
            "finanziato_mase": "NO",
            "data_attivazione_sensore": null,
            "data_dismissione_sensore": null,
            "ultima_lettura_sensore": null
          },
          {
            "id_sensore": 449,
            "nome_sensore": "SSN03_AC06",
            "canali_sensore": "10",
            "tipo_sensore": "Accelerometro monoassiale",
            "parametro_misurato_sensore": "Accelerazione",
            "unita_misura_sensore": "g",
            "quota_sensore": "6.18",
            "stato_sensore": "ATTIVO",
            "stato_funzionamento_sensore": "OPERATIVO",
            "finanziato_mase": "NO",
            "data_attivazione_sensore": null,
            "data_dismissione_sensore": null,
            "ultima_lettura_sensore": null
          },
          {
            "id_sensore": 450,
            "nome_sensore": "SSN03_AC07",
            "canali_sensore": "11, 12",
            "tipo_sensore": "Accelerometro biassiale",
            "parametro_misurato_sensore": "Accelerazione",
            "unita_misura_sensore": "g",
            "quota_sensore": "8.18",
            "stato_sensore": "ATTIVO",
            "stato_funzionamento_sensore": "OPERATIVO",
            "finanziato_mase": "NO",
            "data_attivazione_sensore": null,
            "data_dismissione_sensore": null,
            "ultima_lettura_sensore": null
          },
          {
            "id_sensore": 451,
            "nome_sensore": "SSN03_AC08",
            "canali_sensore": "13",
            "tipo_sensore": "Accelerometro monoassiale",
            "parametro_misurato_sensore": "Accelerazione",
            "unita_misura_sensore": "g",
            "quota_sensore": "6.18",
            "stato_sensore": "ATTIVO",
            "stato_funzionamento_sensore": "OPERATIVO",
            "finanziato_mase": "NO",
            "data_attivazione_sensore": null,
            "data_dismissione_sensore": null,
            "ultima_lettura_sensore": null
          },
          {
            "id_sensore": 452,
            "nome_sensore": "SSN03_AC09",
            "canali_sensore": "14, 15",
            "tipo_sensore": "Accelerometro biassiale",
            "parametro_misurato_sensore": "Accelerazione",
            "unita_misura_sensore": "g",
            "quota_sensore": "8.18",
            "stato_sensore": "ATTIVO",
            "stato_funzionamento_sensore": "OPERATIVO",
            "finanziato_mase": "NO",
            "data_attivazione_sensore": null,
            "data_dismissione_sensore": null,
            "ultima_lettura_sensore": null
          },
          {
            "id_sensore": 453,
            "nome_sensore": "SSN03_AC10",
            "canali_sensore": "16, 17, 18",
            "tipo_sensore": "Accelerometro triassiale",
            "parametro_misurato_sensore": "Accelerazione",
            "unita_misura_sensore": "g",
            "quota_sensore": "8.18",
            "stato_sensore": "ATTIVO",
            "stato_funzionamento_sensore": "OPERATIVO",
            "finanziato_mase": "NO",
            "data_attivazione_sensore": null,
            "data_dismissione_sensore": null,
            "ultima_lettura_sensore": null
          },
          {
            "id_sensore": 746,
            "nome_sensore": "SSN03_LVDT1",
            "canali_sensore": "19",
            "tipo_sensore": "Trasduttore di spostamento",
            "parametro_misurato_sensore": "Spostamento",
            "unita_misura_sensore": "mm",
            "quota_sensore": "3.25",
            "stato_sensore": "ATTIVO",
            "stato_funzionamento_sensore": "OPERATIVO",
            "finanziato_mase": "NO",
            "data_attivazione_sensore": null,
            "data_dismissione_sensore": null,
            "ultima_lettura_sensore": null
          },
          {
            "id_sensore": 747,
            "nome_sensore": "SSN03_LVDT2",
            "canali_sensore": "20",
            "tipo_sensore": "Trasduttore di spostamento",
            "parametro_misurato_sensore": "Spostamento",
            "unita_misura_sensore": "mm",
            "quota_sensore": "3.25",
            "stato_sensore": "ATTIVO",
            "stato_funzionamento_sensore": "OPERATIVO",
            "finanziato_mase": "NO",
            "data_attivazione_sensore": null,
            "data_dismissione_sensore": null,
            "ultima_lettura_sensore": null
          }
        ],
        "sensors_count": 12
      }
    },
    {
      "type": "Feature",
      "geometry": {
        "type": "Point",
        "coordinates": [
          15.5354,
          38.1677
        ]
      },
      "properties": {
        "id": 156,
        "net_staz_name": "SSN04",
        "nome": "Istituto Tecnico Commerciale \"Salvatore Quasimodo\"",
        "network": "GeoSIG",
        "regione": "SICILIA",
        "provincia": "MESSINA",
        "comune": "MESSINA",
        "indirizzo": " Viale Giuseppe Motta",
        "tipologia": "Edificio in cemento armato",
        "id_tipologia": 1,
        "classificazione": "SCUOLA",
        "sistema": "DETTAGLIATO",
        "connessione": "ADSL",
        "ip": "10.10.2.29",
        "zona_sismica": 1,
        "stato": "A",
        "nome_checkmk": null,
        "fem": "SI",
        "f1": 4,
        "f2": 5,
        "f3": "6.239",
        "acquisitore_serial_number": null,
        "acquisitore_centralina": null,
        "acquisitore_soglia_trigger_g": null,
        "sensors": [
          {
            "id_sensore": 454,
            "nome_sensore": "SSN04_AC01",
            "canali_sensore": "1, 2, 3",
            "tipo_sensore": "Accelerometro triassiale",
            "parametro_misurato_sensore": "Accelerazione",
            "unita_misura_sensore": "g",
            "quota_sensore": "0.00",
            "stato_sensore": "ATTIVO",
            "stato_funzionamento_sensore": "OPERATIVO",
            "finanziato_mase": "NO",
            "data_attivazione_sensore": null,
            "data_dismissione_sensore": null,
            "ultima_lettura_sensore": null
          },
          {
            "id_sensore": 455,
            "nome_sensore": "SSN04_AC02",
            "canali_sensore": "4, 5",
            "tipo_sensore": "Accelerometro biassiale",
            "parametro_misurato_sensore": "Accelerazione",
            "unita_misura_sensore": "g",
            "quota_sensore": "4.00",
            "stato_sensore": "ATTIVO",
            "stato_funzionamento_sensore": "OPERATIVO",
            "finanziato_mase": "NO",
            "data_attivazione_sensore": null,
            "data_dismissione_sensore": null,
            "ultima_lettura_sensore": null
          },
          {
            "id_sensore": 456,
            "nome_sensore": "SSN04_AC03",
            "canali_sensore": "6",
            "tipo_sensore": "Accelerometro monoassiale",
            "parametro_misurato_sensore": "Accelerazione",
            "unita_misura_sensore": "g",
            "quota_sensore": "4.00",
            "stato_sensore": "ATTIVO",
            "stato_funzionamento_sensore": "OPERATIVO",
            "finanziato_mase": "NO",
            "data_attivazione_sensore": null,
            "data_dismissione_sensore": null,
            "ultima_lettura_sensore": null
          },
          {
            "id_sensore": 457,
            "nome_sensore": "SSN04_AC04",
            "canali_sensore": "7, 8",
            "tipo_sensore": "Accelerometro biassiale",
            "parametro_misurato_sensore": "Accelerazione",
            "unita_misura_sensore": "g",
            "quota_sensore": "7.83",
            "stato_sensore": "ATTIVO",
            "stato_funzionamento_sensore": "OPERATIVO",
            "finanziato_mase": "NO",
            "data_attivazione_sensore": null,
            "data_dismissione_sensore": null,
            "ultima_lettura_sensore": null
          },
          {
            "id_sensore": 458,
            "nome_sensore": "SSN04_AC05",
            "canali_sensore": "9",
            "tipo_sensore": "Accelerometro monoassiale",
            "parametro_misurato_sensore": "Accelerazione",
            "unita_misura_sensore": "g",
            "quota_sensore": "7.83",
            "stato_sensore": "ATTIVO",
            "stato_funzionamento_sensore": "OPERATIVO",
            "finanziato_mase": "NO",
            "data_attivazione_sensore": null,
            "data_dismissione_sensore": null,
            "ultima_lettura_sensore": null
          },
          {
            "id_sensore": 459,
            "nome_sensore": "SSN04_AC06",
            "canali_sensore": "10, 11, 12",
            "tipo_sensore": "Accelerometro triassiale",
            "parametro_misurato_sensore": "Accelerazione",
            "unita_misura_sensore": "g",
            "quota_sensore": "11.66",
            "stato_sensore": "ATTIVO",
            "stato_funzionamento_sensore": "OPERATIVO",
            "finanziato_mase": "NO",
            "data_attivazione_sensore": null,
            "data_dismissione_sensore": null,
            "ultima_lettura_sensore": null
          },
          {
            "id_sensore": 460,
            "nome_sensore": "SSN04_AC07",
            "canali_sensore": "13, 14",
            "tipo_sensore": "Accelerometro biassiale",
            "parametro_misurato_sensore": "Accelerazione",
            "unita_misura_sensore": "g",
            "quota_sensore": "11.66",
            "stato_sensore": "ATTIVO",
            "stato_funzionamento_sensore": "OPERATIVO",
            "finanziato_mase": "NO",
            "data_attivazione_sensore": null,
            "data_dismissione_sensore": null,
            "ultima_lettura_sensore": null
          },
          {
            "id_sensore": 461,
            "nome_sensore": "SSN04_AC08",
            "canali_sensore": "15",
            "tipo_sensore": "Accelerometro monoassiale",
            "parametro_misurato_sensore": "Accelerazione",
            "unita_misura_sensore": "g",
            "quota_sensore": "11.66",
            "stato_sensore": "ATTIVO",
            "stato_funzionamento_sensore": "OPERATIVO",
            "finanziato_mase": "NO",
            "data_attivazione_sensore": null,
            "data_dismissione_sensore": null,
            "ultima_lettura_sensore": null
          },
          {
            "id_sensore": 702,
            "nome_sensore": "SSN04_LVDT1",
            "canali_sensore": "16",
            "tipo_sensore": "Trasduttore di spostamento",
            "parametro_misurato_sensore": "Spostamento",
            "unita_misura_sensore": "mm",
            "quota_sensore": "11.66",
            "stato_sensore": "ATTIVO",
            "stato_funzionamento_sensore": "OPERATIVO",
            "finanziato_mase": "NO",
            "data_attivazione_sensore": null,
            "data_dismissione_sensore": null,
            "ultima_lettura_sensore": null
          },
          {
            "id_sensore": 703,
            "nome_sensore": "SSN04_LVDT2",
            "canali_sensore": "17",
            "tipo_sensore": "Trasduttore di spostamento",
            "parametro_misurato_sensore": "Spostamento",
            "unita_misura_sensore": "mm",
            "quota_sensore": "11.66",
            "stato_sensore": "ATTIVO",
            "stato_funzionamento_sensore": "OPERATIVO",
            "finanziato_mase": "NO",
            "data_attivazione_sensore": null,
            "data_dismissione_sensore": null,
            "ultima_lettura_sensore": null
          }
        ],
        "sensors_count": 10
      }
    },
    {
      "type": "Feature",
      "geometry": {
        "type": "Point",
        "coordinates": [
          14.9639,
          38.1397
        ]
      },
      "properties": {
        "id": 157,
        "net_staz_name": "SSN05",
        "nome": "Municipio di Patti",
        "network": "GeoSIG",
        "regione": "SICILIA",
        "provincia": "MESSINA",
        "comune": "PATTI",
        "indirizzo": "Piazza M. Sciacca 7",
        "tipologia": "Edificio in cemento armato",
        "id_tipologia": 1,
        "classificazione": "MUNICIPIO",
        "sistema": "DETTAGLIATO",
        "connessione": "ADSL",
        "ip": "10.10.2.37",
        "zona_sismica": 2,
        "stato": "A",
        "nome_checkmk": null,
        "fem": "SI",
        "f1": 2,
        "f2": 3,
        "f3": "3.877",
        "acquisitore_serial_number": null,
        "acquisitore_centralina": null,
        "acquisitore_soglia_trigger_g": null,
        "sensors": [
          {
            "id_sensore": 462,
            "nome_sensore": "SSN05_AC01",
            "canali_sensore": "1, 2, 3",
            "tipo_sensore": "Accelerometro triassiale",
            "parametro_misurato_sensore": "Accelerazione",
            "unita_misura_sensore": "g",
            "quota_sensore": "0.00",
            "stato_sensore": "ATTIVO",
            "stato_funzionamento_sensore": "OPERATIVO",
            "finanziato_mase": "NO",
            "data_attivazione_sensore": null,
            "data_dismissione_sensore": null,
            "ultima_lettura_sensore": null
          },
          {
            "id_sensore": 463,
            "nome_sensore": "SSN05_AC02",
            "canali_sensore": "4, 5",
            "tipo_sensore": "Accelerometro biassiale",
            "parametro_misurato_sensore": "Accelerazione",
            "unita_misura_sensore": "g",
            "quota_sensore": "9.00",
            "stato_sensore": "ATTIVO",
            "stato_funzionamento_sensore": "OPERATIVO",
            "finanziato_mase": "NO",
            "data_attivazione_sensore": null,
            "data_dismissione_sensore": null,
            "ultima_lettura_sensore": null
          },
          {
            "id_sensore": 464,
            "nome_sensore": "SSN05_AC03",
            "canali_sensore": "6",
            "tipo_sensore": "Accelerometro monoassiale",
            "parametro_misurato_sensore": "Accelerazione",
            "unita_misura_sensore": "g",
            "quota_sensore": "9.00",
            "stato_sensore": "ATTIVO",
            "stato_funzionamento_sensore": "OPERATIVO",
            "finanziato_mase": "NO",
            "data_attivazione_sensore": null,
            "data_dismissione_sensore": null,
            "ultima_lettura_sensore": null
          },
          {
            "id_sensore": 465,
            "nome_sensore": "SSN05_AC04",
            "canali_sensore": "7, 8, 9",
            "tipo_sensore": "Accelerometro triassiale",
            "parametro_misurato_sensore": "Accelerazione",
            "unita_misura_sensore": "g",
            "quota_sensore": "9.00",
            "stato_sensore": "ATTIVO",
            "stato_funzionamento_sensore": "OPERATIVO",
            "finanziato_mase": "NO",
            "data_attivazione_sensore": null,
            "data_dismissione_sensore": null,
            "ultima_lettura_sensore": null
          },
          {
            "id_sensore": 466,
            "nome_sensore": "SSN05_AC05",
            "canali_sensore": "10, 11",
            "tipo_sensore": "Accelerometro biassiale",
            "parametro_misurato_sensore": "Accelerazione",
            "unita_misura_sensore": "g",
            "quota_sensore": "9.00",
            "stato_sensore": "ATTIVO",
            "stato_funzionamento_sensore": "OPERATIVO",
            "finanziato_mase": "NO",
            "data_attivazione_sensore": null,
            "data_dismissione_sensore": null,
            "ultima_lettura_sensore": null
          },
          {
            "id_sensore": 467,
            "nome_sensore": "SSN05_AC06",
            "canali_sensore": "12, 13",
            "tipo_sensore": "Accelerometro biassiale",
            "parametro_misurato_sensore": "Accelerazione",
            "unita_misura_sensore": "g",
            "quota_sensore": "9.00",
            "stato_sensore": "ATTIVO",
            "stato_funzionamento_sensore": "OPERATIVO",
            "finanziato_mase": "NO",
            "data_attivazione_sensore": null,
            "data_dismissione_sensore": null,
            "ultima_lettura_sensore": null
          },
          {
            "id_sensore": 468,
            "nome_sensore": "SSN05_AC07",
            "canali_sensore": "14",
            "tipo_sensore": "Accelerometro monoassiale",
            "parametro_misurato_sensore": "Accelerazione",
            "unita_misura_sensore": "g",
            "quota_sensore": "9.00",
            "stato_sensore": "ATTIVO",
            "stato_funzionamento_sensore": "OPERATIVO",
            "finanziato_mase": "NO",
            "data_attivazione_sensore": null,
            "data_dismissione_sensore": null,
            "ultima_lettura_sensore": null
          },
          {
            "id_sensore": 469,
            "nome_sensore": "SSN05_AC08",
            "canali_sensore": "15, 16",
            "tipo_sensore": "Accelerometro biassiale",
            "parametro_misurato_sensore": "Accelerazione",
            "unita_misura_sensore": "g",
            "quota_sensore": "13.41",
            "stato_sensore": "ATTIVO",
            "stato_funzionamento_sensore": "OPERATIVO",
            "finanziato_mase": "NO",
            "data_attivazione_sensore": null,
            "data_dismissione_sensore": null,
            "ultima_lettura_sensore": null
          },
          {
            "id_sensore": 470,
            "nome_sensore": "SSN05_AC09",
            "canali_sensore": "17, 18, 19",
            "tipo_sensore": "Accelerometro triassiale",
            "parametro_misurato_sensore": "Accelerazione",
            "unita_misura_sensore": "g",
            "quota_sensore": "13.41",
            "stato_sensore": "ATTIVO",
            "stato_funzionamento_sensore": "OPERATIVO",
            "finanziato_mase": "NO",
            "data_attivazione_sensore": null,
            "data_dismissione_sensore": null,
            "ultima_lettura_sensore": null
          }
        ],
        "sensors_count": 9
      }
    },
    {
      "type": "Feature",
      "geometry": {
        "type": "Point",
        "coordinates": [
          15.661,
          38.1137
        ]
      },
      "properties": {
        "id": 158,
        "net_staz_name": "SSN06",
        "nome": "Padiglione Chirurgia Ospedali Riuniti di Reggio Calabria",
        "network": "GeoSIG",
        "regione": "CALABRIA",
        "provincia": "REGGIO DI CALABRIA",
        "comune": "REGGIO DI CALABRIA",
        "indirizzo": "Via Giuseppe Melacrino, 21",
        "tipologia": "Edificio in cemento armato",
        "id_tipologia": 1,
        "classificazione": "OSPEDALE",
        "sistema": "DETTAGLIATO",
        "connessione": "ADSL",
        "ip": "10.10.2.165",
        "zona_sismica": 1,
        "stato": "A",
        "nome_checkmk": null,
        "fem": "SI",
        "f1": 3,
        "f2": 3,
        "f3": "3.440",
        "acquisitore_serial_number": null,
        "acquisitore_centralina": null,
        "acquisitore_soglia_trigger_g": null,
        "sensors": [
          {
            "id_sensore": 471,
            "nome_sensore": "SSN06_AC01",
            "canali_sensore": "1, 2, 3",
            "tipo_sensore": "Accelerometro triassiale",
            "parametro_misurato_sensore": "Accelerazione",
            "unita_misura_sensore": "g",
            "quota_sensore": "0.00",
            "stato_sensore": "ATTIVO",
            "stato_funzionamento_sensore": "OPERATIVO",
            "finanziato_mase": "NO",
            "data_attivazione_sensore": null,
            "data_dismissione_sensore": null,
            "ultima_lettura_sensore": null
          },
          {
            "id_sensore": 472,
            "nome_sensore": "SSN06_AC02",
            "canali_sensore": "4",
            "tipo_sensore": "Accelerometro monoassiale",
            "parametro_misurato_sensore": "Accelerazione",
            "unita_misura_sensore": "g",
            "quota_sensore": "3.39",
            "stato_sensore": "ATTIVO",
            "stato_funzionamento_sensore": "OPERATIVO",
            "finanziato_mase": "NO",
            "data_attivazione_sensore": null,
            "data_dismissione_sensore": null,
            "ultima_lettura_sensore": null
          },
          {
            "id_sensore": 473,
            "nome_sensore": "SSN06_AC03",
            "canali_sensore": "5, 6",
            "tipo_sensore": "Accelerometro biassiale",
            "parametro_misurato_sensore": "Accelerazione",
            "unita_misura_sensore": "g",
            "quota_sensore": "3.39",
            "stato_sensore": "ATTIVO",
            "stato_funzionamento_sensore": "OPERATIVO",
            "finanziato_mase": "NO",
            "data_attivazione_sensore": null,
            "data_dismissione_sensore": null,
            "ultima_lettura_sensore": null
          },
          {
            "id_sensore": 474,
            "nome_sensore": "SSN06_AC04",
            "canali_sensore": "7",
            "tipo_sensore": "Accelerometro monoassiale",
            "parametro_misurato_sensore": "Accelerazione",
            "unita_misura_sensore": "g",
            "quota_sensore": "6.81",
            "stato_sensore": "ATTIVO",
            "stato_funzionamento_sensore": "OPERATIVO",
            "finanziato_mase": "NO",
            "data_attivazione_sensore": null,
            "data_dismissione_sensore": null,
            "ultima_lettura_sensore": null
          },
          {
            "id_sensore": 475,
            "nome_sensore": "SSN06_AC05",
            "canali_sensore": "8, 9",
            "tipo_sensore": "Accelerometro biassiale",
            "parametro_misurato_sensore": "Accelerazione",
            "unita_misura_sensore": "g",
            "quota_sensore": "6.81",
            "stato_sensore": "ATTIVO",
            "stato_funzionamento_sensore": "OPERATIVO",
            "finanziato_mase": "NO",
            "data_attivazione_sensore": null,
            "data_dismissione_sensore": null,
            "ultima_lettura_sensore": null
          },
          {
            "id_sensore": 476,
            "nome_sensore": "SSN06_AC06",
            "canali_sensore": "10",
            "tipo_sensore": "Accelerometro monoassiale",
            "parametro_misurato_sensore": "Accelerazione",
            "unita_misura_sensore": "g",
            "quota_sensore": "13.62",
            "stato_sensore": "ATTIVO",
            "stato_funzionamento_sensore": "OPERATIVO",
            "finanziato_mase": "NO",
            "data_attivazione_sensore": null,
            "data_dismissione_sensore": null,
            "ultima_lettura_sensore": null
          },
          {
            "id_sensore": 477,
            "nome_sensore": "SSN06_AC07",
            "canali_sensore": "11, 12",
            "tipo_sensore": "Accelerometro biassiale",
            "parametro_misurato_sensore": "Accelerazione",
            "unita_misura_sensore": "g",
            "quota_sensore": "13.62",
            "stato_sensore": "ATTIVO",
            "stato_funzionamento_sensore": "OPERATIVO",
            "finanziato_mase": "NO",
            "data_attivazione_sensore": null,
            "data_dismissione_sensore": null,
            "ultima_lettura_sensore": null
          },
          {
            "id_sensore": 478,
            "nome_sensore": "SSN06_AC08",
            "canali_sensore": "13, 14",
            "tipo_sensore": "Accelerometro biassiale",
            "parametro_misurato_sensore": "Accelerazione",
            "unita_misura_sensore": "g",
            "quota_sensore": "16.99",
            "stato_sensore": "ATTIVO",
            "stato_funzionamento_sensore": "OPERATIVO",
            "finanziato_mase": "NO",
            "data_attivazione_sensore": null,
            "data_dismissione_sensore": null,
            "ultima_lettura_sensore": null
          },
          {
            "id_sensore": 479,
            "nome_sensore": "SSN06_AC09",
            "canali_sensore": "15",
            "tipo_sensore": "Accelerometro monoassiale",
            "parametro_misurato_sensore": "Accelerazione",
            "unita_misura_sensore": "g",
            "quota_sensore": "16.99",
            "stato_sensore": "ATTIVO",
            "stato_funzionamento_sensore": "OPERATIVO",
            "finanziato_mase": "NO",
            "data_attivazione_sensore": null,
            "data_dismissione_sensore": null,
            "ultima_lettura_sensore": null
          },
          {
            "id_sensore": 480,
            "nome_sensore": "SSN06_AC10",
            "canali_sensore": "16, 17, 18",
            "tipo_sensore": "Accelerometro triassiale",
            "parametro_misurato_sensore": "Accelerazione",
            "unita_misura_sensore": "g",
            "quota_sensore": "16.99",
            "stato_sensore": "ATTIVO",
            "stato_funzionamento_sensore": "OPERATIVO",
            "finanziato_mase": "NO",
            "data_attivazione_sensore": null,
            "data_dismissione_sensore": null,
            "ultima_lettura_sensore": null
          },
          {
            "id_sensore": 704,
            "nome_sensore": "SSN06_LVDT1",
            "canali_sensore": "19",
            "tipo_sensore": "Trasduttore di spostamento",
            "parametro_misurato_sensore": "Spostamento",
            "unita_misura_sensore": "mm",
            "quota_sensore": "16.99",
            "stato_sensore": "ATTIVO",
            "stato_funzionamento_sensore": "OPERATIVO",
            "finanziato_mase": "NO",
            "data_attivazione_sensore": null,
            "data_dismissione_sensore": null,
            "ultima_lettura_sensore": null
          }
        ],
        "sensors_count": 11
      }
    },
    {
      "type": "Feature",
      "geometry": {
        "type": "Point",
        "coordinates": [
          16.0872,
          38.6755
        ]
      },
      "properties": {
        "id": 160,
        "net_staz_name": "SSN08",
        "nome": "Scuola Elementare e Media \"Buccarelli\"",
        "network": "GeoSIG",
        "regione": "CALABRIA",
        "provincia": "VIBO VALENTIA",
        "comune": "VIBO VALENTIA",
        "indirizzo": "Viale Papa Giovanni XXIII, 2",
        "tipologia": "Edificio in cemento armato",
        "id_tipologia": 1,
        "classificazione": "SCUOLA",
        "sistema": "DETTAGLIATO",
        "connessione": "ADSL",
        "ip": "10.10.3.29",
        "zona_sismica": 1,
        "stato": "A",
        "nome_checkmk": null,
        "fem": "SI",
        "f1": 4,
        "f2": 5,
        "f3": "7.396",
        "acquisitore_serial_number": null,
        "acquisitore_centralina": null,
        "acquisitore_soglia_trigger_g": null,
        "sensors": [
          {
            "id_sensore": 493,
            "nome_sensore": "SSN08_AC01",
            "canali_sensore": "1, 2, 3",
            "tipo_sensore": "Accelerometro triassiale",
            "parametro_misurato_sensore": "Accelerazione",
            "unita_misura_sensore": "g",
            "quota_sensore": "0.00",
            "stato_sensore": "ATTIVO",
            "stato_funzionamento_sensore": "OPERATIVO",
            "finanziato_mase": "NO",
            "data_attivazione_sensore": null,
            "data_dismissione_sensore": null,
            "ultima_lettura_sensore": null
          },
          {
            "id_sensore": 494,
            "nome_sensore": "SSN08_AC02",
            "canali_sensore": "4, 5",
            "tipo_sensore": "Accelerometro biassiale",
            "parametro_misurato_sensore": "Accelerazione",
            "unita_misura_sensore": "g",
            "quota_sensore": "3.68",
            "stato_sensore": "ATTIVO",
            "stato_funzionamento_sensore": "OPERATIVO",
            "finanziato_mase": "NO",
            "data_attivazione_sensore": null,
            "data_dismissione_sensore": null,
            "ultima_lettura_sensore": null
          },
          {
            "id_sensore": 495,
            "nome_sensore": "SSN08_AC03",
            "canali_sensore": "6",
            "tipo_sensore": "Accelerometro monoassiale",
            "parametro_misurato_sensore": "Accelerazione",
            "unita_misura_sensore": "g",
            "quota_sensore": "3.68",
            "stato_sensore": "ATTIVO",
            "stato_funzionamento_sensore": "OPERATIVO",
            "finanziato_mase": "NO",
            "data_attivazione_sensore": null,
            "data_dismissione_sensore": null,
            "ultima_lettura_sensore": null
          },
          {
            "id_sensore": 496,
            "nome_sensore": "SSN08_AC04",
            "canali_sensore": "7, 8",
            "tipo_sensore": "Accelerometro biassiale",
            "parametro_misurato_sensore": "Accelerazione",
            "unita_misura_sensore": "g",
            "quota_sensore": "7.36",
            "stato_sensore": "ATTIVO",
            "stato_funzionamento_sensore": "OPERATIVO",
            "finanziato_mase": "NO",
            "data_attivazione_sensore": null,
            "data_dismissione_sensore": null,
            "ultima_lettura_sensore": null
          },
          {
            "id_sensore": 497,
            "nome_sensore": "SSN08_AC05",
            "canali_sensore": "9",
            "tipo_sensore": "Accelerometro monoassiale",
            "parametro_misurato_sensore": "Accelerazione",
            "unita_misura_sensore": "g",
            "quota_sensore": "7.36",
            "stato_sensore": "ATTIVO",
            "stato_funzionamento_sensore": "OPERATIVO",
            "finanziato_mase": "NO",
            "data_attivazione_sensore": null,
            "data_dismissione_sensore": null,
            "ultima_lettura_sensore": null
          },
          {
            "id_sensore": 498,
            "nome_sensore": "SSN08_AC06",
            "canali_sensore": "10, 11, 12",
            "tipo_sensore": "Accelerometro triassiale",
            "parametro_misurato_sensore": "Accelerazione",
            "unita_misura_sensore": "g",
            "quota_sensore": "11.04",
            "stato_sensore": "ATTIVO",
            "stato_funzionamento_sensore": "OPERATIVO",
            "finanziato_mase": "NO",
            "data_attivazione_sensore": null,
            "data_dismissione_sensore": null,
            "ultima_lettura_sensore": null
          },
          {
            "id_sensore": 499,
            "nome_sensore": "SSN08_AC07",
            "canali_sensore": "13, 14",
            "tipo_sensore": "Accelerometro biassiale",
            "parametro_misurato_sensore": "Accelerazione",
            "unita_misura_sensore": "g",
            "quota_sensore": "11.04",
            "stato_sensore": "ATTIVO",
            "stato_funzionamento_sensore": "OPERATIVO",
            "finanziato_mase": "NO",
            "data_attivazione_sensore": null,
            "data_dismissione_sensore": null,
            "ultima_lettura_sensore": null
          },
          {
            "id_sensore": 500,
            "nome_sensore": "SSN08_AC08",
            "canali_sensore": "15",
            "tipo_sensore": "Accelerometro monoassiale",
            "parametro_misurato_sensore": "Accelerazione",
            "unita_misura_sensore": "g",
            "quota_sensore": "11.04",
            "stato_sensore": "ATTIVO",
            "stato_funzionamento_sensore": "OPERATIVO",
            "finanziato_mase": "NO",
            "data_attivazione_sensore": null,
            "data_dismissione_sensore": null,
            "ultima_lettura_sensore": null
          },
          {
            "id_sensore": 705,
            "nome_sensore": "SSN08_LVDT1",
            "canali_sensore": "16",
            "tipo_sensore": "Trasduttore di spostamento",
            "parametro_misurato_sensore": "Spostamento",
            "unita_misura_sensore": "mm",
            "quota_sensore": "11.04",
            "stato_sensore": "ATTIVO",
            "stato_funzionamento_sensore": "OPERATIVO",
            "finanziato_mase": "NO",
            "data_attivazione_sensore": null,
            "data_dismissione_sensore": null,
            "ultima_lettura_sensore": null
          },
          {
            "id_sensore": 706,
            "nome_sensore": "SSN08_LVDT2",
            "canali_sensore": "17",
            "tipo_sensore": "Trasduttore di spostamento",
            "parametro_misurato_sensore": "Spostamento",
            "unita_misura_sensore": "mm",
            "quota_sensore": "11.04",
            "stato_sensore": "ATTIVO",
            "stato_funzionamento_sensore": "OPERATIVO",
            "finanziato_mase": "NO",
            "data_attivazione_sensore": null,
            "data_dismissione_sensore": null,
            "ultima_lettura_sensore": null
          }
        ],
        "sensors_count": 10
      }
    },
    {
      "type": "Feature",
      "geometry": {
        "type": "Point",
        "coordinates": [
          16.2857,
          39.513
        ]
      },
      "properties": {
        "id": 162,
        "net_staz_name": "SSN10",
        "nome": "Scuola Elementare \"Collina Castello\"",
        "network": "GeoSIG",
        "regione": "CALABRIA ",
        "provincia": "COSENZA",
        "comune": "BISIGNANO",
        "indirizzo": "Piazza Collina Castello, 5",
        "tipologia": "Edificio in cemento armato ",
        "id_tipologia": 1,
        "classificazione": "SCUOLA",
        "sistema": "DETTAGLIATO",
        "connessione": "ADSL",
        "ip": "10.10.1.165",
        "zona_sismica": 1,
        "stato": "A",
        "nome_checkmk": null,
        "fem": "SI",
        "f1": 5,
        "f2": 6,
        "f3": "7.302",
        "acquisitore_serial_number": null,
        "acquisitore_centralina": null,
        "acquisitore_soglia_trigger_g": null,
        "sensors": [
          {
            "id_sensore": 510,
            "nome_sensore": "SSN10_AC01",
            "canali_sensore": "1, 2, 3",
            "tipo_sensore": "Accelerometro triassiale",
            "parametro_misurato_sensore": "Accelerazione",
            "unita_misura_sensore": "g",
            "quota_sensore": "0.00",
            "stato_sensore": "ATTIVO",
            "stato_funzionamento_sensore": "OPERATIVO",
            "finanziato_mase": "NO",
            "data_attivazione_sensore": null,
            "data_dismissione_sensore": null,
            "ultima_lettura_sensore": null
          },
          {
            "id_sensore": 511,
            "nome_sensore": "SSN10_AC02",
            "canali_sensore": "4",
            "tipo_sensore": "Accelerometro monoassiale",
            "parametro_misurato_sensore": "Accelerazione",
            "unita_misura_sensore": "g",
            "quota_sensore": "3.18",
            "stato_sensore": "ATTIVO",
            "stato_funzionamento_sensore": "OPERATIVO",
            "finanziato_mase": "NO",
            "data_attivazione_sensore": null,
            "data_dismissione_sensore": null,
            "ultima_lettura_sensore": null
          },
          {
            "id_sensore": 512,
            "nome_sensore": "SSN10_AC03",
            "canali_sensore": "5, 6",
            "tipo_sensore": "Accelerometro biassiale",
            "parametro_misurato_sensore": "Accelerazione",
            "unita_misura_sensore": "g",
            "quota_sensore": "3.18",
            "stato_sensore": "ATTIVO",
            "stato_funzionamento_sensore": "OPERATIVO",
            "finanziato_mase": "NO",
            "data_attivazione_sensore": null,
            "data_dismissione_sensore": null,
            "ultima_lettura_sensore": null
          },
          {
            "id_sensore": 513,
            "nome_sensore": "SSN10_AC04",
            "canali_sensore": "7",
            "tipo_sensore": "Accelerometro monoassiale",
            "parametro_misurato_sensore": "Accelerazione",
            "unita_misura_sensore": "g",
            "quota_sensore": "6.50",
            "stato_sensore": "ATTIVO",
            "stato_funzionamento_sensore": "OPERATIVO",
            "finanziato_mase": "NO",
            "data_attivazione_sensore": null,
            "data_dismissione_sensore": null,
            "ultima_lettura_sensore": null
          },
          {
            "id_sensore": 514,
            "nome_sensore": "SSN10_AC05",
            "canali_sensore": "8, 9",
            "tipo_sensore": "Accelerometro biassiale",
            "parametro_misurato_sensore": "Accelerazione",
            "unita_misura_sensore": "g",
            "quota_sensore": "6.50",
            "stato_sensore": "ATTIVO",
            "stato_funzionamento_sensore": "OPERATIVO",
            "finanziato_mase": "NO",
            "data_attivazione_sensore": null,
            "data_dismissione_sensore": null,
            "ultima_lettura_sensore": null
          },
          {
            "id_sensore": 515,
            "nome_sensore": "SSN10_AC06",
            "canali_sensore": "10, 11",
            "tipo_sensore": "Accelerometro biassiale",
            "parametro_misurato_sensore": "Accelerazione",
            "unita_misura_sensore": "g",
            "quota_sensore": "9.90",
            "stato_sensore": "ATTIVO",
            "stato_funzionamento_sensore": "OPERATIVO",
            "finanziato_mase": "NO",
            "data_attivazione_sensore": null,
            "data_dismissione_sensore": null,
            "ultima_lettura_sensore": null
          },
          {
            "id_sensore": 516,
            "nome_sensore": "SSN10_AC07",
            "canali_sensore": "12",
            "tipo_sensore": "Accelerometro monoassiale",
            "parametro_misurato_sensore": "Accelerazione",
            "unita_misura_sensore": "g",
            "quota_sensore": "9.90",
            "stato_sensore": "ATTIVO",
            "stato_funzionamento_sensore": "OPERATIVO",
            "finanziato_mase": "NO",
            "data_attivazione_sensore": null,
            "data_dismissione_sensore": null,
            "ultima_lettura_sensore": null
          },
          {
            "id_sensore": 517,
            "nome_sensore": "SSN10_AC08",
            "canali_sensore": "13, 14, 15",
            "tipo_sensore": "Accelerometro triassiale",
            "parametro_misurato_sensore": "Accelerazione",
            "unita_misura_sensore": "g",
            "quota_sensore": "9.90",
            "stato_sensore": "ATTIVO",
            "stato_funzionamento_sensore": "OPERATIVO",
            "finanziato_mase": "NO",
            "data_attivazione_sensore": null,
            "data_dismissione_sensore": null,
            "ultima_lettura_sensore": null
          },
          {
            "id_sensore": 708,
            "nome_sensore": "SSN10_LVDT1",
            "canali_sensore": "16",
            "tipo_sensore": "Trasduttore di spostamento",
            "parametro_misurato_sensore": "Spostamento",
            "unita_misura_sensore": "mm",
            "quota_sensore": "9.90",
            "stato_sensore": "ATTIVO",
            "stato_funzionamento_sensore": "OPERATIVO",
            "finanziato_mase": "NO",
            "data_attivazione_sensore": null,
            "data_dismissione_sensore": null,
            "ultima_lettura_sensore": null
          }
        ],
        "sensors_count": 9
      }
    },
    {
      "type": "Feature",
      "geometry": {
        "type": "Point",
        "coordinates": [
          16.2266,
          39.3618
        ]
      },
      "properties": {
        "id": 163,
        "net_staz_name": "SSN11",
        "nome": "Centro Editoriale (Universita della Calabria)",
        "network": "GeoSIG",
        "regione": "CALABRIA ",
        "provincia": "COSENZA",
        "comune": "RENDE",
        "indirizzo": "Via Alberto Savinio",
        "tipologia": "Edificio in cemento armato ",
        "id_tipologia": 1,
        "classificazione": "SCUOLA",
        "sistema": "DETTAGLIATO",
        "connessione": "ADSL",
        "ip": "10.10.1.181",
        "zona_sismica": 1,
        "stato": "A",
        "nome_checkmk": null,
        "fem": "SI",
        "f1": 2,
        "f2": 2,
        "f3": "2.700",
        "acquisitore_serial_number": null,
        "acquisitore_centralina": null,
        "acquisitore_soglia_trigger_g": null,
        "sensors": [
          {
            "id_sensore": 518,
            "nome_sensore": "SSN11_AC01",
            "canali_sensore": "1, 2, 3",
            "tipo_sensore": "Accelerometro triassiale",
            "parametro_misurato_sensore": "Accelerazione",
            "unita_misura_sensore": "g",
            "quota_sensore": "0.00",
            "stato_sensore": "ATTIVO",
            "stato_funzionamento_sensore": "OPERATIVO",
            "finanziato_mase": "NO",
            "data_attivazione_sensore": null,
            "data_dismissione_sensore": null,
            "ultima_lettura_sensore": null
          },
          {
            "id_sensore": 519,
            "nome_sensore": "SSN11_AC02",
            "canali_sensore": "4",
            "tipo_sensore": "Accelerometro monoassiale",
            "parametro_misurato_sensore": "Accelerazione",
            "unita_misura_sensore": "g",
            "quota_sensore": "3.50",
            "stato_sensore": "ATTIVO",
            "stato_funzionamento_sensore": "OPERATIVO",
            "finanziato_mase": "NO",
            "data_attivazione_sensore": null,
            "data_dismissione_sensore": null,
            "ultima_lettura_sensore": null
          },
          {
            "id_sensore": 520,
            "nome_sensore": "SSN11_AC03",
            "canali_sensore": "5, 6",
            "tipo_sensore": "Accelerometro biassiale",
            "parametro_misurato_sensore": "Accelerazione",
            "unita_misura_sensore": "g",
            "quota_sensore": "3.50",
            "stato_sensore": "ATTIVO",
            "stato_funzionamento_sensore": "OPERATIVO",
            "finanziato_mase": "NO",
            "data_attivazione_sensore": null,
            "data_dismissione_sensore": null,
            "ultima_lettura_sensore": null
          },
          {
            "id_sensore": 521,
            "nome_sensore": "SSN11_AC04",
            "canali_sensore": "7",
            "tipo_sensore": "Accelerometro monoassiale",
            "parametro_misurato_sensore": "Accelerazione",
            "unita_misura_sensore": "g",
            "quota_sensore": "7.00",
            "stato_sensore": "ATTIVO",
            "stato_funzionamento_sensore": "OPERATIVO",
            "finanziato_mase": "NO",
            "data_attivazione_sensore": null,
            "data_dismissione_sensore": null,
            "ultima_lettura_sensore": null
          },
          {
            "id_sensore": 522,
            "nome_sensore": "SSN11_AC05",
            "canali_sensore": "8, 9",
            "tipo_sensore": "Accelerometro biassiale",
            "parametro_misurato_sensore": "Accelerazione",
            "unita_misura_sensore": "g",
            "quota_sensore": "7.00",
            "stato_sensore": "ATTIVO",
            "stato_funzionamento_sensore": "OPERATIVO",
            "finanziato_mase": "NO",
            "data_attivazione_sensore": null,
            "data_dismissione_sensore": null,
            "ultima_lettura_sensore": null
          },
          {
            "id_sensore": 523,
            "nome_sensore": "SSN11_AC06",
            "canali_sensore": "10",
            "tipo_sensore": "Accelerometro monoassiale",
            "parametro_misurato_sensore": "Accelerazione",
            "unita_misura_sensore": "g",
            "quota_sensore": "10.50",
            "stato_sensore": "ATTIVO",
            "stato_funzionamento_sensore": "OPERATIVO",
            "finanziato_mase": "NO",
            "data_attivazione_sensore": null,
            "data_dismissione_sensore": null,
            "ultima_lettura_sensore": null
          },
          {
            "id_sensore": 524,
            "nome_sensore": "SSN11_AC07",
            "canali_sensore": "11, 12",
            "tipo_sensore": "Accelerometro biassiale",
            "parametro_misurato_sensore": "Accelerazione",
            "unita_misura_sensore": "g",
            "quota_sensore": "10.50",
            "stato_sensore": "ATTIVO",
            "stato_funzionamento_sensore": "OPERATIVO",
            "finanziato_mase": "NO",
            "data_attivazione_sensore": null,
            "data_dismissione_sensore": null,
            "ultima_lettura_sensore": null
          },
          {
            "id_sensore": 525,
            "nome_sensore": "SSN11_AC08",
            "canali_sensore": "13",
            "tipo_sensore": "Accelerometro monoassiale",
            "parametro_misurato_sensore": "Accelerazione",
            "unita_misura_sensore": "g",
            "quota_sensore": "14.00",
            "stato_sensore": "ATTIVO",
            "stato_funzionamento_sensore": "OPERATIVO",
            "finanziato_mase": "NO",
            "data_attivazione_sensore": null,
            "data_dismissione_sensore": null,
            "ultima_lettura_sensore": null
          },
          {
            "id_sensore": 526,
            "nome_sensore": "SSN11_AC09",
            "canali_sensore": "14, 15",
            "tipo_sensore": "Accelerometro biassiale",
            "parametro_misurato_sensore": "Accelerazione",
            "unita_misura_sensore": "g",
            "quota_sensore": "14.00",
            "stato_sensore": "ATTIVO",
            "stato_funzionamento_sensore": "OPERATIVO",
            "finanziato_mase": "NO",
            "data_attivazione_sensore": null,
            "data_dismissione_sensore": null,
            "ultima_lettura_sensore": null
          },
          {
            "id_sensore": 527,
            "nome_sensore": "SSN11_AC10",
            "canali_sensore": "16",
            "tipo_sensore": "Accelerometro monoassiale",
            "parametro_misurato_sensore": "Accelerazione",
            "unita_misura_sensore": "g",
            "quota_sensore": "17.50",
            "stato_sensore": "ATTIVO",
            "stato_funzionamento_sensore": "OPERATIVO",
            "finanziato_mase": "NO",
            "data_attivazione_sensore": null,
            "data_dismissione_sensore": null,
            "ultima_lettura_sensore": null
          },
          {
            "id_sensore": 528,
            "nome_sensore": "SSN11_AC11",
            "canali_sensore": "17, 18",
            "tipo_sensore": "Accelerometro biassiale",
            "parametro_misurato_sensore": "Accelerazione",
            "unita_misura_sensore": "g",
            "quota_sensore": "17.50",
            "stato_sensore": "ATTIVO",
            "stato_funzionamento_sensore": "OPERATIVO",
            "finanziato_mase": "NO",
            "data_attivazione_sensore": null,
            "data_dismissione_sensore": null,
            "ultima_lettura_sensore": null
          },
          {
            "id_sensore": 529,
            "nome_sensore": "SSN11_AC12",
            "canali_sensore": "19, 20, 21",
            "tipo_sensore": "Accelerometro triassiale",
            "parametro_misurato_sensore": "Accelerazione",
            "unita_misura_sensore": "g",
            "quota_sensore": "21.00",
            "stato_sensore": "ATTIVO",
            "stato_funzionamento_sensore": "OPERATIVO",
            "finanziato_mase": "NO",
            "data_attivazione_sensore": null,
            "data_dismissione_sensore": null,
            "ultima_lettura_sensore": null
          },
          {
            "id_sensore": 530,
            "nome_sensore": "SSN11_AC13",
            "canali_sensore": "22, 23, 24",
            "tipo_sensore": "Accelerometro triassiale",
            "parametro_misurato_sensore": "Accelerazione",
            "unita_misura_sensore": "g",
            "quota_sensore": "21.00",
            "stato_sensore": "ATTIVO",
            "stato_funzionamento_sensore": "OPERATIVO",
            "finanziato_mase": "NO",
            "data_attivazione_sensore": null,
            "data_dismissione_sensore": null,
            "ultima_lettura_sensore": null
          },
          {
            "id_sensore": 709,
            "nome_sensore": "SSN11_LVDT1",
            "canali_sensore": "25",
            "tipo_sensore": "Trasduttore di spostamento",
            "parametro_misurato_sensore": "Spostamento",
            "unita_misura_sensore": "mm",
            "quota_sensore": "14.00",
            "stato_sensore": "ATTIVO",
            "stato_funzionamento_sensore": "OPERATIVO",
            "finanziato_mase": "NO",
            "data_attivazione_sensore": null,
            "data_dismissione_sensore": null,
            "ultima_lettura_sensore": null
          }
        ],
        "sensors_count": 14
      }
    },
    {
      "type": "Feature",
      "geometry": {
        "type": "Point",
        "coordinates": [
          15.2675,
          37.0854
        ]
      },
      "properties": {
        "id": 164,
        "net_staz_name": "SSN12",
        "nome": "Palazzina Direzionale ex Ospedale neuropschiatrico di Siracusa",
        "network": "GeoSIG",
        "regione": "SICILIA",
        "provincia": "SIRACUSA",
        "comune": "SIRACUSA",
        "indirizzo": "Traversa la Pizzuta",
        "tipologia": "Edificio in muratura",
        "id_tipologia": 2,
        "classificazione": "OSPEDALE",
        "sistema": "DETTAGLIATO",
        "connessione": "ADSL",
        "ip": "10.10.2.237",
        "zona_sismica": 1,
        "stato": "A",
        "nome_checkmk": null,
        "fem": "SI",
        "f1": 5,
        "f2": 6,
        "f3": "6.350",
        "acquisitore_serial_number": null,
        "acquisitore_centralina": null,
        "acquisitore_soglia_trigger_g": null,
        "sensors": [
          {
            "id_sensore": 531,
            "nome_sensore": "SSN12_AC01",
            "canali_sensore": "1, 2, 3",
            "tipo_sensore": "Accelerometro triassiale",
            "parametro_misurato_sensore": "Accelerazione",
            "unita_misura_sensore": "g",
            "quota_sensore": "0.00",
            "stato_sensore": "ATTIVO",
            "stato_funzionamento_sensore": "OPERATIVO",
            "finanziato_mase": "NO",
            "data_attivazione_sensore": null,
            "data_dismissione_sensore": null,
            "ultima_lettura_sensore": null
          },
          {
            "id_sensore": 532,
            "nome_sensore": "SSN12_AC02",
            "canali_sensore": "4, 5",
            "tipo_sensore": "Accelerometro biassiale",
            "parametro_misurato_sensore": "Accelerazione",
            "unita_misura_sensore": "g",
            "quota_sensore": "4.92",
            "stato_sensore": "ATTIVO",
            "stato_funzionamento_sensore": "OPERATIVO",
            "finanziato_mase": "NO",
            "data_attivazione_sensore": null,
            "data_dismissione_sensore": null,
            "ultima_lettura_sensore": null
          },
          {
            "id_sensore": 533,
            "nome_sensore": "SSN12_AC03",
            "canali_sensore": "6",
            "tipo_sensore": "Accelerometro monoassiale",
            "parametro_misurato_sensore": "Accelerazione",
            "unita_misura_sensore": "g",
            "quota_sensore": "4.92",
            "stato_sensore": "ATTIVO",
            "stato_funzionamento_sensore": "OPERATIVO",
            "finanziato_mase": "NO",
            "data_attivazione_sensore": null,
            "data_dismissione_sensore": null,
            "ultima_lettura_sensore": null
          },
          {
            "id_sensore": 534,
            "nome_sensore": "SSN12_AC04",
            "canali_sensore": "7, 8",
            "tipo_sensore": "Accelerometro biassiale",
            "parametro_misurato_sensore": "Accelerazione",
            "unita_misura_sensore": "g",
            "quota_sensore": "10.02",
            "stato_sensore": "ATTIVO",
            "stato_funzionamento_sensore": "OPERATIVO",
            "finanziato_mase": "NO",
            "data_attivazione_sensore": null,
            "data_dismissione_sensore": null,
            "ultima_lettura_sensore": null
          },
          {
            "id_sensore": 535,
            "nome_sensore": "SSN12_AC05",
            "canali_sensore": "9",
            "tipo_sensore": "Accelerometro monoassiale",
            "parametro_misurato_sensore": "Accelerazione",
            "unita_misura_sensore": "g",
            "quota_sensore": "10.02",
            "stato_sensore": "ATTIVO",
            "stato_funzionamento_sensore": "OPERATIVO",
            "finanziato_mase": "NO",
            "data_attivazione_sensore": null,
            "data_dismissione_sensore": null,
            "ultima_lettura_sensore": null
          },
          {
            "id_sensore": 536,
            "nome_sensore": "SSN12_AC06",
            "canali_sensore": "10, 11",
            "tipo_sensore": "Accelerometro biassiale",
            "parametro_misurato_sensore": "Accelerazione",
            "unita_misura_sensore": "g",
            "quota_sensore": "10.02",
            "stato_sensore": "ATTIVO",
            "stato_funzionamento_sensore": "OPERATIVO",
            "finanziato_mase": "NO",
            "data_attivazione_sensore": null,
            "data_dismissione_sensore": null,
            "ultima_lettura_sensore": null
          },
          {
            "id_sensore": 537,
            "nome_sensore": "SSN12_AC07",
            "canali_sensore": "12",
            "tipo_sensore": "Accelerometro monoassiale",
            "parametro_misurato_sensore": "Accelerazione",
            "unita_misura_sensore": "g",
            "quota_sensore": "10.02",
            "stato_sensore": "ATTIVO",
            "stato_funzionamento_sensore": "OPERATIVO",
            "finanziato_mase": "NO",
            "data_attivazione_sensore": null,
            "data_dismissione_sensore": null,
            "ultima_lettura_sensore": null
          },
          {
            "id_sensore": 538,
            "nome_sensore": "SSN12_AC08",
            "canali_sensore": "13, 14",
            "tipo_sensore": "Accelerometro biassiale",
            "parametro_misurato_sensore": "Accelerazione",
            "unita_misura_sensore": "g",
            "quota_sensore": "10.02",
            "stato_sensore": "ATTIVO",
            "stato_funzionamento_sensore": "OPERATIVO",
            "finanziato_mase": "NO",
            "data_attivazione_sensore": null,
            "data_dismissione_sensore": null,
            "ultima_lettura_sensore": null
          },
          {
            "id_sensore": 539,
            "nome_sensore": "SSN12_AC09",
            "canali_sensore": "16, 17",
            "tipo_sensore": "Accelerometro monoassiale",
            "parametro_misurato_sensore": "Accelerazione",
            "unita_misura_sensore": "g",
            "quota_sensore": "16.02",
            "stato_sensore": "ATTIVO",
            "stato_funzionamento_sensore": "OPERATIVO",
            "finanziato_mase": "NO",
            "data_attivazione_sensore": null,
            "data_dismissione_sensore": null,
            "ultima_lettura_sensore": null
          },
          {
            "id_sensore": 540,
            "nome_sensore": "SSN12_AC10",
            "canali_sensore": "15",
            "tipo_sensore": "Accelerometro biassiale",
            "parametro_misurato_sensore": "Accelerazione",
            "unita_misura_sensore": "g",
            "quota_sensore": "10.02",
            "stato_sensore": "ATTIVO",
            "stato_funzionamento_sensore": "OPERATIVO",
            "finanziato_mase": "NO",
            "data_attivazione_sensore": null,
            "data_dismissione_sensore": null,
            "ultima_lettura_sensore": null
          },
          {
            "id_sensore": 541,
            "nome_sensore": "SSN12_AC11",
            "canali_sensore": "18, 19, 20",
            "tipo_sensore": "Accelerometro triassiale",
            "parametro_misurato_sensore": "Accelerazione",
            "unita_misura_sensore": "g",
            "quota_sensore": "16.02",
            "stato_sensore": "ATTIVO",
            "stato_funzionamento_sensore": "OPERATIVO",
            "finanziato_mase": "NO",
            "data_attivazione_sensore": null,
            "data_dismissione_sensore": null,
            "ultima_lettura_sensore": null
          }
        ],
        "sensors_count": 11
      }
    },
    {
      "type": "Feature",
      "geometry": {
        "type": "Point",
        "coordinates": [
          15.0703,
          36.8908
        ]
      },
      "properties": {
        "id": 165,
        "net_staz_name": "SSN13",
        "nome": "Palazzo Ducezio - Municipio",
        "network": "GeoSIG",
        "regione": "SICILIA",
        "provincia": "SIRACUSA",
        "comune": "NOTO",
        "indirizzo": "Via Camillo Benso Conte di Cavour",
        "tipologia": "Edificio Monumentale in muratura",
        "id_tipologia": 2,
        "classificazione": "MUNICIPIO",
        "sistema": "DETTAGLIATO",
        "connessione": "ADSL",
        "ip": "10.10.2.213",
        "zona_sismica": 1,
        "stato": "A",
        "nome_checkmk": null,
        "fem": "SI",
        "f1": 3,
        "f2": 4,
        "f3": "4.080",
        "acquisitore_serial_number": null,
        "acquisitore_centralina": null,
        "acquisitore_soglia_trigger_g": null,
        "sensors": [
          {
            "id_sensore": 542,
            "nome_sensore": "SSN13_AC00",
            "canali_sensore": "1, 2, 3",
            "tipo_sensore": "Accelerometro triassiale",
            "parametro_misurato_sensore": "Accelerazione",
            "unita_misura_sensore": "g",
            "quota_sensore": "0.00",
            "stato_sensore": "ATTIVO",
            "stato_funzionamento_sensore": "OPERATIVO",
            "finanziato_mase": "NO",
            "data_attivazione_sensore": null,
            "data_dismissione_sensore": null,
            "ultima_lettura_sensore": null
          },
          {
            "id_sensore": 543,
            "nome_sensore": "SSN13_AC01",
            "canali_sensore": "4",
            "tipo_sensore": "Accelerometro monoassiale",
            "parametro_misurato_sensore": "Accelerazione",
            "unita_misura_sensore": "g",
            "quota_sensore": "4.30",
            "stato_sensore": "ATTIVO",
            "stato_funzionamento_sensore": "OPERATIVO",
            "finanziato_mase": "NO",
            "data_attivazione_sensore": null,
            "data_dismissione_sensore": null,
            "ultima_lettura_sensore": null
          },
          {
            "id_sensore": 544,
            "nome_sensore": "SSN13_AC03",
            "canali_sensore": "5, 6",
            "tipo_sensore": "Accelerometro biassiale",
            "parametro_misurato_sensore": "Accelerazione",
            "unita_misura_sensore": "g",
            "quota_sensore": "4.30",
            "stato_sensore": "ATTIVO",
            "stato_funzionamento_sensore": "OPERATIVO",
            "finanziato_mase": "NO",
            "data_attivazione_sensore": null,
            "data_dismissione_sensore": null,
            "ultima_lettura_sensore": null
          },
          {
            "id_sensore": 545,
            "nome_sensore": "SSN13_AC04",
            "canali_sensore": "8, 9",
            "tipo_sensore": "Accelerometro biassiale",
            "parametro_misurato_sensore": "Accelerazione",
            "unita_misura_sensore": "g",
            "quota_sensore": "12.65",
            "stato_sensore": "ATTIVO",
            "stato_funzionamento_sensore": "OPERATIVO",
            "finanziato_mase": "NO",
            "data_attivazione_sensore": null,
            "data_dismissione_sensore": null,
            "ultima_lettura_sensore": null
          },
          {
            "id_sensore": 546,
            "nome_sensore": "SSN13_AC05",
            "canali_sensore": "7",
            "tipo_sensore": "Accelerometro monoassiale",
            "parametro_misurato_sensore": "Accelerazione",
            "unita_misura_sensore": "g",
            "quota_sensore": "12.65",
            "stato_sensore": "ATTIVO",
            "stato_funzionamento_sensore": "OPERATIVO",
            "finanziato_mase": "NO",
            "data_attivazione_sensore": null,
            "data_dismissione_sensore": null,
            "ultima_lettura_sensore": null
          },
          {
            "id_sensore": 547,
            "nome_sensore": "SSN13_AC07",
            "canali_sensore": "11",
            "tipo_sensore": "Accelerometro monoassiale",
            "parametro_misurato_sensore": "Accelerazione",
            "unita_misura_sensore": "g",
            "quota_sensore": "12.65",
            "stato_sensore": "ATTIVO",
            "stato_funzionamento_sensore": "OPERATIVO",
            "finanziato_mase": "NO",
            "data_attivazione_sensore": null,
            "data_dismissione_sensore": null,
            "ultima_lettura_sensore": null
          },
          {
            "id_sensore": 548,
            "nome_sensore": "SSN13_AC09",
            "canali_sensore": "13",
            "tipo_sensore": "Accelerometro monoassiale",
            "parametro_misurato_sensore": "Accelerazione",
            "unita_misura_sensore": "g",
            "quota_sensore": "12.65",
            "stato_sensore": "ATTIVO",
            "stato_funzionamento_sensore": "OPERATIVO",
            "finanziato_mase": "NO",
            "data_attivazione_sensore": null,
            "data_dismissione_sensore": null,
            "ultima_lettura_sensore": null
          },
          {
            "id_sensore": 549,
            "nome_sensore": "SSN13_AC10",
            "canali_sensore": "16",
            "tipo_sensore": "Accelerometro monoassiale",
            "parametro_misurato_sensore": "Accelerazione",
            "unita_misura_sensore": "g",
            "quota_sensore": "12.65",
            "stato_sensore": "ATTIVO",
            "stato_funzionamento_sensore": "OPERATIVO",
            "finanziato_mase": "NO",
            "data_attivazione_sensore": null,
            "data_dismissione_sensore": null,
            "ultima_lettura_sensore": null
          },
          {
            "id_sensore": 550,
            "nome_sensore": "SSN13_AC11",
            "canali_sensore": "14, 15",
            "tipo_sensore": "Accelerometro biassiale",
            "parametro_misurato_sensore": "Accelerazione",
            "unita_misura_sensore": "g",
            "quota_sensore": "12.65",
            "stato_sensore": "ATTIVO",
            "stato_funzionamento_sensore": "OPERATIVO",
            "finanziato_mase": "NO",
            "data_attivazione_sensore": null,
            "data_dismissione_sensore": null,
            "ultima_lettura_sensore": null
          },
          {
            "id_sensore": 551,
            "nome_sensore": "SSN13_AC12",
            "canali_sensore": "17, 10",
            "tipo_sensore": "Accelerometro biassiale",
            "parametro_misurato_sensore": "Accelerazione",
            "unita_misura_sensore": "g",
            "quota_sensore": "12.65",
            "stato_sensore": "ATTIVO",
            "stato_funzionamento_sensore": "OPERATIVO",
            "finanziato_mase": "NO",
            "data_attivazione_sensore": null,
            "data_dismissione_sensore": null,
            "ultima_lettura_sensore": null
          },
          {
            "id_sensore": 552,
            "nome_sensore": "SSN13_AC13",
            "canali_sensore": "18",
            "tipo_sensore": "Accelerometro monoassiale",
            "parametro_misurato_sensore": "Accelerazione",
            "unita_misura_sensore": "g",
            "quota_sensore": "12.65",
            "stato_sensore": "ATTIVO",
            "stato_funzionamento_sensore": "OPERATIVO",
            "finanziato_mase": "NO",
            "data_attivazione_sensore": null,
            "data_dismissione_sensore": null,
            "ultima_lettura_sensore": null
          },
          {
            "id_sensore": 553,
            "nome_sensore": "SSN13_AC14",
            "canali_sensore": "19, 20",
            "tipo_sensore": "Accelerometro biassiale",
            "parametro_misurato_sensore": "Accelerazione",
            "unita_misura_sensore": "g",
            "quota_sensore": "20.80",
            "stato_sensore": "ATTIVO",
            "stato_funzionamento_sensore": "OPERATIVO",
            "finanziato_mase": "NO",
            "data_attivazione_sensore": null,
            "data_dismissione_sensore": null,
            "ultima_lettura_sensore": null
          },
          {
            "id_sensore": 554,
            "nome_sensore": "SSN13_AC15",
            "canali_sensore": "21",
            "tipo_sensore": "Accelerometro monoassiale",
            "parametro_misurato_sensore": "Accelerazione",
            "unita_misura_sensore": "g",
            "quota_sensore": "20.80",
            "stato_sensore": "ATTIVO",
            "stato_funzionamento_sensore": "OPERATIVO",
            "finanziato_mase": "NO",
            "data_attivazione_sensore": null,
            "data_dismissione_sensore": null,
            "ultima_lettura_sensore": null
          },
          {
            "id_sensore": 555,
            "nome_sensore": "SSN13_AC16",
            "canali_sensore": "22, 23",
            "tipo_sensore": "Accelerometro biassiale",
            "parametro_misurato_sensore": "Accelerazione",
            "unita_misura_sensore": "g",
            "quota_sensore": "20.80",
            "stato_sensore": "ATTIVO",
            "stato_funzionamento_sensore": "OPERATIVO",
            "finanziato_mase": "NO",
            "data_attivazione_sensore": null,
            "data_dismissione_sensore": null,
            "ultima_lettura_sensore": null
          },
          {
            "id_sensore": 556,
            "nome_sensore": "SSN13_AC17",
            "canali_sensore": "24",
            "tipo_sensore": "Accelerometro monoassiale",
            "parametro_misurato_sensore": "Accelerazione",
            "unita_misura_sensore": "g",
            "quota_sensore": "20.80",
            "stato_sensore": "ATTIVO",
            "stato_funzionamento_sensore": "OPERATIVO",
            "finanziato_mase": "NO",
            "data_attivazione_sensore": null,
            "data_dismissione_sensore": null,
            "ultima_lettura_sensore": null
          },
          {
            "id_sensore": 557,
            "nome_sensore": "SSN13_AC18",
            "canali_sensore": "25, 12",
            "tipo_sensore": "Accelerometro biassiale",
            "parametro_misurato_sensore": "Accelerazione",
            "unita_misura_sensore": "g",
            "quota_sensore": "20.80",
            "stato_sensore": "ATTIVO",
            "stato_funzionamento_sensore": "OPERATIVO",
            "finanziato_mase": "NO",
            "data_attivazione_sensore": null,
            "data_dismissione_sensore": null,
            "ultima_lettura_sensore": null
          },
          {
            "id_sensore": 558,
            "nome_sensore": "SSN13_AC19",
            "canali_sensore": "26, 27",
            "tipo_sensore": "Accelerometro biassiale",
            "parametro_misurato_sensore": "Accelerazione",
            "unita_misura_sensore": "g",
            "quota_sensore": "20.80",
            "stato_sensore": "ATTIVO",
            "stato_funzionamento_sensore": "OPERATIVO",
            "finanziato_mase": "NO",
            "data_attivazione_sensore": null,
            "data_dismissione_sensore": null,
            "ultima_lettura_sensore": null
          }
        ],
        "sensors_count": 17
      }
    },
    {
      "type": "Feature",
      "geometry": {
        "type": "Point",
        "coordinates": [
          15.087,
          37.5033
        ]
      },
      "properties": {
        "id": 166,
        "net_staz_name": "SSN14",
        "nome": "Municipio di Catania \"Palazzo degli Elefanti\"",
        "network": "GeoSIG",
        "regione": "SICILIA",
        "provincia": "CATANIA",
        "comune": "CATANIA",
        "indirizzo": "Piazza Duomo",
        "tipologia": "Edificio Monumentale in muratura",
        "id_tipologia": 2,
        "classificazione": "MUNICIPIO",
        "sistema": "DETTAGLIATO",
        "connessione": "ADSL",
        "ip": "10.10.1.109",
        "zona_sismica": 2,
        "stato": "A",
        "nome_checkmk": null,
        "fem": "SI",
        "f1": 3,
        "f2": 3,
        "f3": "4.076",
        "acquisitore_serial_number": null,
        "acquisitore_centralina": null,
        "acquisitore_soglia_trigger_g": null,
        "sensors": [
          {
            "id_sensore": 559,
            "nome_sensore": "SSN14_AC01",
            "canali_sensore": "1, 2, 3",
            "tipo_sensore": "Accelerometro triassiale",
            "parametro_misurato_sensore": "Accelerazione",
            "unita_misura_sensore": "g",
            "quota_sensore": "0.00",
            "stato_sensore": "ATTIVO",
            "stato_funzionamento_sensore": "OPERATIVO",
            "finanziato_mase": "NO",
            "data_attivazione_sensore": null,
            "data_dismissione_sensore": null,
            "ultima_lettura_sensore": null
          },
          {
            "id_sensore": 560,
            "nome_sensore": "SSN14_AC02",
            "canali_sensore": "4, 5",
            "tipo_sensore": "Accelerometro biassiale",
            "parametro_misurato_sensore": "Accelerazione",
            "unita_misura_sensore": "g",
            "quota_sensore": "7.00",
            "stato_sensore": "ATTIVO",
            "stato_funzionamento_sensore": "OPERATIVO",
            "finanziato_mase": "NO",
            "data_attivazione_sensore": null,
            "data_dismissione_sensore": null,
            "ultima_lettura_sensore": null
          },
          {
            "id_sensore": 561,
            "nome_sensore": "SSN14_AC03",
            "canali_sensore": "6, 7",
            "tipo_sensore": "Accelerometro biassiale",
            "parametro_misurato_sensore": "Accelerazione",
            "unita_misura_sensore": "g",
            "quota_sensore": "7.00",
            "stato_sensore": "ATTIVO",
            "stato_funzionamento_sensore": "OPERATIVO",
            "finanziato_mase": "NO",
            "data_attivazione_sensore": null,
            "data_dismissione_sensore": null,
            "ultima_lettura_sensore": null
          },
          {
            "id_sensore": 562,
            "nome_sensore": "SSN14_AC04",
            "canali_sensore": "8, 9",
            "tipo_sensore": "Accelerometro biassiale",
            "parametro_misurato_sensore": "Accelerazione",
            "unita_misura_sensore": "g",
            "quota_sensore": "7.00",
            "stato_sensore": "ATTIVO",
            "stato_funzionamento_sensore": "OPERATIVO",
            "finanziato_mase": "NO",
            "data_attivazione_sensore": null,
            "data_dismissione_sensore": null,
            "ultima_lettura_sensore": null
          },
          {
            "id_sensore": 563,
            "nome_sensore": "SSN14_AC05",
            "canali_sensore": "10, 11",
            "tipo_sensore": "Accelerometro biassiale",
            "parametro_misurato_sensore": "Accelerazione",
            "unita_misura_sensore": "g",
            "quota_sensore": "7.00",
            "stato_sensore": "ATTIVO",
            "stato_funzionamento_sensore": "OPERATIVO",
            "finanziato_mase": "NO",
            "data_attivazione_sensore": null,
            "data_dismissione_sensore": null,
            "ultima_lettura_sensore": null
          },
          {
            "id_sensore": 564,
            "nome_sensore": "SSN14_AC06",
            "canali_sensore": "12, 13",
            "tipo_sensore": "Accelerometro biassiale",
            "parametro_misurato_sensore": "Accelerazione",
            "unita_misura_sensore": "g",
            "quota_sensore": "13.95",
            "stato_sensore": "ATTIVO",
            "stato_funzionamento_sensore": "OPERATIVO",
            "finanziato_mase": "NO",
            "data_attivazione_sensore": null,
            "data_dismissione_sensore": null,
            "ultima_lettura_sensore": null
          },
          {
            "id_sensore": 565,
            "nome_sensore": "SSN14_AC07",
            "canali_sensore": "14, 15",
            "tipo_sensore": "Accelerometro biassiale",
            "parametro_misurato_sensore": "Accelerazione",
            "unita_misura_sensore": "g",
            "quota_sensore": "13.95",
            "stato_sensore": "ATTIVO",
            "stato_funzionamento_sensore": "OPERATIVO",
            "finanziato_mase": "NO",
            "data_attivazione_sensore": null,
            "data_dismissione_sensore": null,
            "ultima_lettura_sensore": null
          },
          {
            "id_sensore": 566,
            "nome_sensore": "SSN14_AC08",
            "canali_sensore": "16, 17",
            "tipo_sensore": "Accelerometro biassiale",
            "parametro_misurato_sensore": "Accelerazione",
            "unita_misura_sensore": "g",
            "quota_sensore": "13.95",
            "stato_sensore": "ATTIVO",
            "stato_funzionamento_sensore": "OPERATIVO",
            "finanziato_mase": "NO",
            "data_attivazione_sensore": null,
            "data_dismissione_sensore": null,
            "ultima_lettura_sensore": null
          },
          {
            "id_sensore": 567,
            "nome_sensore": "SSN14_AC09",
            "canali_sensore": "20, 21",
            "tipo_sensore": "Accelerometro biassiale",
            "parametro_misurato_sensore": "Accelerazione",
            "unita_misura_sensore": "g",
            "quota_sensore": "13.95",
            "stato_sensore": "ATTIVO",
            "stato_funzionamento_sensore": "OPERATIVO",
            "finanziato_mase": "NO",
            "data_attivazione_sensore": null,
            "data_dismissione_sensore": null,
            "ultima_lettura_sensore": null
          },
          {
            "id_sensore": 568,
            "nome_sensore": "SSN14_AC10",
            "canali_sensore": "18, 19",
            "tipo_sensore": "Accelerometro biassiale",
            "parametro_misurato_sensore": "Accelerazione",
            "unita_misura_sensore": "g",
            "quota_sensore": "18.25",
            "stato_sensore": "ATTIVO",
            "stato_funzionamento_sensore": "OPERATIVO",
            "finanziato_mase": "NO",
            "data_attivazione_sensore": null,
            "data_dismissione_sensore": null,
            "ultima_lettura_sensore": null
          },
          {
            "id_sensore": 569,
            "nome_sensore": "SSN14_AC11",
            "canali_sensore": "22, 23, 24",
            "tipo_sensore": "Accelerometro triassiale",
            "parametro_misurato_sensore": "Accelerazione",
            "unita_misura_sensore": "g",
            "quota_sensore": "18.25",
            "stato_sensore": "ATTIVO",
            "stato_funzionamento_sensore": "OPERATIVO",
            "finanziato_mase": "NO",
            "data_attivazione_sensore": null,
            "data_dismissione_sensore": null,
            "ultima_lettura_sensore": null
          },
          {
            "id_sensore": 570,
            "nome_sensore": "SSN14_AC12",
            "canali_sensore": "25, 26",
            "tipo_sensore": "Accelerometro biassiale",
            "parametro_misurato_sensore": "Accelerazione",
            "unita_misura_sensore": "g",
            "quota_sensore": "18.25",
            "stato_sensore": "ATTIVO",
            "stato_funzionamento_sensore": "OPERATIVO",
            "finanziato_mase": "NO",
            "data_attivazione_sensore": null,
            "data_dismissione_sensore": null,
            "ultima_lettura_sensore": null
          },
          {
            "id_sensore": 571,
            "nome_sensore": "SSN14_AC13",
            "canali_sensore": "27",
            "tipo_sensore": "Accelerometro monoassiale",
            "parametro_misurato_sensore": "Accelerazione",
            "unita_misura_sensore": "g",
            "quota_sensore": "18.25",
            "stato_sensore": "ATTIVO",
            "stato_funzionamento_sensore": "OPERATIVO",
            "finanziato_mase": "NO",
            "data_attivazione_sensore": null,
            "data_dismissione_sensore": null,
            "ultima_lettura_sensore": null
          },
          {
            "id_sensore": 572,
            "nome_sensore": "SSN14_AC14",
            "canali_sensore": "28, 29, 30",
            "tipo_sensore": "Accelerometro triassiale",
            "parametro_misurato_sensore": "Accelerazione",
            "unita_misura_sensore": "g",
            "quota_sensore": "18.25",
            "stato_sensore": "ATTIVO",
            "stato_funzionamento_sensore": "OPERATIVO",
            "finanziato_mase": "NO",
            "data_attivazione_sensore": null,
            "data_dismissione_sensore": null,
            "ultima_lettura_sensore": null
          }
        ],
        "sensors_count": 14
      }
    },
    {
      "type": "Feature",
      "geometry": {
        "type": "Point",
        "coordinates": [
          15.0474,
          37.5747
        ]
      },
      "properties": {
        "id": 167,
        "net_staz_name": "SSN15",
        "nome": "Scuola elementare \"Fava\"",
        "network": "GeoSIG",
        "regione": "SICILIA",
        "provincia": "CATANIA",
        "comune": "MASCALUCIA",
        "indirizzo": "Via del Timparello 47",
        "tipologia": "Edificio in muratura",
        "id_tipologia": 2,
        "classificazione": "SCUOLA",
        "sistema": "DETTAGLIATO",
        "connessione": "ADSL",
        "ip": "10.10.1.117",
        "zona_sismica": 2,
        "stato": "A",
        "nome_checkmk": null,
        "fem": "SI",
        "f1": 4,
        "f2": 6,
        "f3": "6.540",
        "acquisitore_serial_number": null,
        "acquisitore_centralina": null,
        "acquisitore_soglia_trigger_g": null,
        "sensors": [
          {
            "id_sensore": 573,
            "nome_sensore": "SSN15_AC01",
            "canali_sensore": "1, 2, 3",
            "tipo_sensore": "Accelerometro triassiale",
            "parametro_misurato_sensore": "Accelerazione",
            "unita_misura_sensore": "g",
            "quota_sensore": "0.00",
            "stato_sensore": "ATTIVO",
            "stato_funzionamento_sensore": "OPERATIVO",
            "finanziato_mase": "NO",
            "data_attivazione_sensore": null,
            "data_dismissione_sensore": null,
            "ultima_lettura_sensore": null
          },
          {
            "id_sensore": 574,
            "nome_sensore": "SSN15_AC02",
            "canali_sensore": "4, 5",
            "tipo_sensore": "Accelerometro biassiale",
            "parametro_misurato_sensore": "Accelerazione",
            "unita_misura_sensore": "g",
            "quota_sensore": "4.35",
            "stato_sensore": "ATTIVO",
            "stato_funzionamento_sensore": "OPERATIVO",
            "finanziato_mase": "NO",
            "data_attivazione_sensore": null,
            "data_dismissione_sensore": null,
            "ultima_lettura_sensore": null
          },
          {
            "id_sensore": 575,
            "nome_sensore": "SSN15_AC03",
            "canali_sensore": "6",
            "tipo_sensore": "Accelerometro monoassiale",
            "parametro_misurato_sensore": "Accelerazione",
            "unita_misura_sensore": "g",
            "quota_sensore": "4.35",
            "stato_sensore": "ATTIVO",
            "stato_funzionamento_sensore": "OPERATIVO",
            "finanziato_mase": "NO",
            "data_attivazione_sensore": null,
            "data_dismissione_sensore": null,
            "ultima_lettura_sensore": null
          },
          {
            "id_sensore": 576,
            "nome_sensore": "SSN15_AC04",
            "canali_sensore": "7, 8",
            "tipo_sensore": "Accelerometro biassiale",
            "parametro_misurato_sensore": "Accelerazione",
            "unita_misura_sensore": "g",
            "quota_sensore": "4.35",
            "stato_sensore": "ATTIVO",
            "stato_funzionamento_sensore": "OPERATIVO",
            "finanziato_mase": "NO",
            "data_attivazione_sensore": null,
            "data_dismissione_sensore": null,
            "ultima_lettura_sensore": null
          },
          {
            "id_sensore": 577,
            "nome_sensore": "SSN15_AC05",
            "canali_sensore": "9",
            "tipo_sensore": "Accelerometro monoassiale",
            "parametro_misurato_sensore": "Accelerazione",
            "unita_misura_sensore": "g",
            "quota_sensore": "4.35",
            "stato_sensore": "ATTIVO",
            "stato_funzionamento_sensore": "OPERATIVO",
            "finanziato_mase": "NO",
            "data_attivazione_sensore": null,
            "data_dismissione_sensore": null,
            "ultima_lettura_sensore": null
          },
          {
            "id_sensore": 578,
            "nome_sensore": "SSN15_AC06",
            "canali_sensore": "10, 11",
            "tipo_sensore": "Accelerometro biassiale",
            "parametro_misurato_sensore": "Accelerazione",
            "unita_misura_sensore": "g",
            "quota_sensore": "4.35",
            "stato_sensore": "ATTIVO",
            "stato_funzionamento_sensore": "OPERATIVO",
            "finanziato_mase": "NO",
            "data_attivazione_sensore": null,
            "data_dismissione_sensore": null,
            "ultima_lettura_sensore": null
          },
          {
            "id_sensore": 579,
            "nome_sensore": "SSN15_AC07",
            "canali_sensore": "12",
            "tipo_sensore": "Accelerometro monoassiale",
            "parametro_misurato_sensore": "Accelerazione",
            "unita_misura_sensore": "g",
            "quota_sensore": "8.7",
            "stato_sensore": "ATTIVO",
            "stato_funzionamento_sensore": "OPERATIVO",
            "finanziato_mase": "NO",
            "data_attivazione_sensore": null,
            "data_dismissione_sensore": null,
            "ultima_lettura_sensore": null
          },
          {
            "id_sensore": 580,
            "nome_sensore": "SSN15_AC08",
            "canali_sensore": "13, 14, 15",
            "tipo_sensore": "Accelerometro triassiale",
            "parametro_misurato_sensore": "Accelerazione",
            "unita_misura_sensore": "g",
            "quota_sensore": "8.7",
            "stato_sensore": "ATTIVO",
            "stato_funzionamento_sensore": "OPERATIVO",
            "finanziato_mase": "NO",
            "data_attivazione_sensore": null,
            "data_dismissione_sensore": null,
            "ultima_lettura_sensore": null
          },
          {
            "id_sensore": 581,
            "nome_sensore": "SSN15_AC09",
            "canali_sensore": "16, 17, 18",
            "tipo_sensore": "Accelerometro triassiale",
            "parametro_misurato_sensore": "Accelerazione",
            "unita_misura_sensore": "g",
            "quota_sensore": "8.7",
            "stato_sensore": "ATTIVO",
            "stato_funzionamento_sensore": "OPERATIVO",
            "finanziato_mase": "NO",
            "data_attivazione_sensore": null,
            "data_dismissione_sensore": null,
            "ultima_lettura_sensore": null
          },
          {
            "id_sensore": 582,
            "nome_sensore": "SSN15_AC10",
            "canali_sensore": "19",
            "tipo_sensore": "Accelerometro monoassiale",
            "parametro_misurato_sensore": "Accelerazione",
            "unita_misura_sensore": "g",
            "quota_sensore": "8.7",
            "stato_sensore": "ATTIVO",
            "stato_funzionamento_sensore": "OPERATIVO",
            "finanziato_mase": "NO",
            "data_attivazione_sensore": null,
            "data_dismissione_sensore": null,
            "ultima_lettura_sensore": null
          },
          {
            "id_sensore": 710,
            "nome_sensore": "SSN15_LVDT1",
            "canali_sensore": "20",
            "tipo_sensore": "Trasduttore di spostamento",
            "parametro_misurato_sensore": "Spostamento",
            "unita_misura_sensore": "mm",
            "quota_sensore": "8.7",
            "stato_sensore": "ATTIVO",
            "stato_funzionamento_sensore": "OPERATIVO",
            "finanziato_mase": "NO",
            "data_attivazione_sensore": null,
            "data_dismissione_sensore": null,
            "ultima_lettura_sensore": null
          },
          {
            "id_sensore": 711,
            "nome_sensore": "SSN15_LVDT2",
            "canali_sensore": "21",
            "tipo_sensore": "Trasduttore di spostamento",
            "parametro_misurato_sensore": "Spostamento",
            "unita_misura_sensore": "mm",
            "quota_sensore": "8.7",
            "stato_sensore": "ATTIVO",
            "stato_funzionamento_sensore": "OPERATIVO",
            "finanziato_mase": "NO",
            "data_attivazione_sensore": null,
            "data_dismissione_sensore": null,
            "ultima_lettura_sensore": null
          }
        ],
        "sensors_count": 12
      }
    },
    {
      "type": "Feature",
      "geometry": {
        "type": "Point",
        "coordinates": [
          13.0231,
          37.6926
        ]
      },
      "properties": {
        "id": 168,
        "net_staz_name": "SSN16",
        "nome": "Scuola elementare \"G. Bosco\"",
        "network": "GeoSIG",
        "regione": "SICILIA",
        "provincia": "AGRIGENTO",
        "comune": "SANTA MARGHERITA DI BELICE",
        "indirizzo": "Via Pordenone",
        "tipologia": "Edificio in muratura",
        "id_tipologia": 2,
        "classificazione": "SCUOLA",
        "sistema": "DETTAGLIATO",
        "connessione": "ADSL",
        "ip": "10.10.1.5",
        "zona_sismica": 1,
        "stato": "A",
        "nome_checkmk": null,
        "fem": "SI",
        "f1": 6,
        "f2": 6,
        "f3": "7.670",
        "acquisitore_serial_number": null,
        "acquisitore_centralina": null,
        "acquisitore_soglia_trigger_g": null,
        "sensors": [
          {
            "id_sensore": 583,
            "nome_sensore": "SSN16_AC01",
            "canali_sensore": "1, 2, 3",
            "tipo_sensore": "Accelerometro triassiale",
            "parametro_misurato_sensore": "Accelerazione",
            "unita_misura_sensore": "g",
            "quota_sensore": "0.00",
            "stato_sensore": "ATTIVO",
            "stato_funzionamento_sensore": "OPERATIVO",
            "finanziato_mase": "NO",
            "data_attivazione_sensore": null,
            "data_dismissione_sensore": null,
            "ultima_lettura_sensore": null
          },
          {
            "id_sensore": 584,
            "nome_sensore": "SSN16_AC02",
            "canali_sensore": "4",
            "tipo_sensore": "Accelerometro monoassiale",
            "parametro_misurato_sensore": "Accelerazione",
            "unita_misura_sensore": "g",
            "quota_sensore": "3.63",
            "stato_sensore": "ATTIVO",
            "stato_funzionamento_sensore": "OPERATIVO",
            "finanziato_mase": "NO",
            "data_attivazione_sensore": null,
            "data_dismissione_sensore": null,
            "ultima_lettura_sensore": null
          },
          {
            "id_sensore": 585,
            "nome_sensore": "SSN16_AC03",
            "canali_sensore": "5, 6",
            "tipo_sensore": "Accelerometro biassiale",
            "parametro_misurato_sensore": "Accelerazione",
            "unita_misura_sensore": "g",
            "quota_sensore": "3.63",
            "stato_sensore": "ATTIVO",
            "stato_funzionamento_sensore": "OPERATIVO",
            "finanziato_mase": "NO",
            "data_attivazione_sensore": null,
            "data_dismissione_sensore": null,
            "ultima_lettura_sensore": null
          },
          {
            "id_sensore": 586,
            "nome_sensore": "SSN16_AC04",
            "canali_sensore": "7",
            "tipo_sensore": "Accelerometro monoassiale",
            "parametro_misurato_sensore": "Accelerazione",
            "unita_misura_sensore": "g",
            "quota_sensore": "3.63",
            "stato_sensore": "ATTIVO",
            "stato_funzionamento_sensore": "OPERATIVO",
            "finanziato_mase": "NO",
            "data_attivazione_sensore": null,
            "data_dismissione_sensore": null,
            "ultima_lettura_sensore": null
          },
          {
            "id_sensore": 587,
            "nome_sensore": "SSN16_AC05",
            "canali_sensore": "8, 9",
            "tipo_sensore": "Accelerometro biassiale",
            "parametro_misurato_sensore": "Accelerazione",
            "unita_misura_sensore": "g",
            "quota_sensore": "3.63",
            "stato_sensore": "ATTIVO",
            "stato_funzionamento_sensore": "OPERATIVO",
            "finanziato_mase": "NO",
            "data_attivazione_sensore": null,
            "data_dismissione_sensore": null,
            "ultima_lettura_sensore": null
          },
          {
            "id_sensore": 588,
            "nome_sensore": "SSN16_AC06",
            "canali_sensore": "10, 11",
            "tipo_sensore": "Accelerometro biassiale",
            "parametro_misurato_sensore": "Accelerazione",
            "unita_misura_sensore": "g",
            "quota_sensore": "3.63",
            "stato_sensore": "ATTIVO",
            "stato_funzionamento_sensore": "OPERATIVO",
            "finanziato_mase": "NO",
            "data_attivazione_sensore": null,
            "data_dismissione_sensore": null,
            "ultima_lettura_sensore": null
          },
          {
            "id_sensore": 589,
            "nome_sensore": "SSN16_AC07",
            "canali_sensore": "12",
            "tipo_sensore": "Accelerometro monoassiale",
            "parametro_misurato_sensore": "Accelerazione",
            "unita_misura_sensore": "g",
            "quota_sensore": "11.33",
            "stato_sensore": "ATTIVO",
            "stato_funzionamento_sensore": "OPERATIVO",
            "finanziato_mase": "NO",
            "data_attivazione_sensore": null,
            "data_dismissione_sensore": null,
            "ultima_lettura_sensore": null
          },
          {
            "id_sensore": 590,
            "nome_sensore": "SSN16_AC08",
            "canali_sensore": "13, 14, 15",
            "tipo_sensore": "Accelerometro triassiale",
            "parametro_misurato_sensore": "Accelerazione",
            "unita_misura_sensore": "g",
            "quota_sensore": "11.33",
            "stato_sensore": "ATTIVO",
            "stato_funzionamento_sensore": "OPERATIVO",
            "finanziato_mase": "NO",
            "data_attivazione_sensore": null,
            "data_dismissione_sensore": null,
            "ultima_lettura_sensore": null
          },
          {
            "id_sensore": 591,
            "nome_sensore": "SSN16_AC09",
            "canali_sensore": "16, 17, 18",
            "tipo_sensore": "Accelerometro triassiale",
            "parametro_misurato_sensore": "Accelerazione",
            "unita_misura_sensore": "g",
            "quota_sensore": "11.33",
            "stato_sensore": "ATTIVO",
            "stato_funzionamento_sensore": "OPERATIVO",
            "finanziato_mase": "NO",
            "data_attivazione_sensore": null,
            "data_dismissione_sensore": null,
            "ultima_lettura_sensore": null
          },
          {
            "id_sensore": 592,
            "nome_sensore": "SSN16_AC10",
            "canali_sensore": "19, 20",
            "tipo_sensore": "Accelerometro biassiale",
            "parametro_misurato_sensore": "Accelerazione",
            "unita_misura_sensore": "g",
            "quota_sensore": "11.33",
            "stato_sensore": "ATTIVO",
            "stato_funzionamento_sensore": "OPERATIVO",
            "finanziato_mase": "NO",
            "data_attivazione_sensore": null,
            "data_dismissione_sensore": null,
            "ultima_lettura_sensore": null
          },
          {
            "id_sensore": 593,
            "nome_sensore": "SSN16_AC11",
            "canali_sensore": "21, 22",
            "tipo_sensore": "Accelerometro biassiale",
            "parametro_misurato_sensore": "Accelerazione",
            "unita_misura_sensore": "g",
            "quota_sensore": "11.33",
            "stato_sensore": "ATTIVO",
            "stato_funzionamento_sensore": "OPERATIVO",
            "finanziato_mase": "NO",
            "data_attivazione_sensore": null,
            "data_dismissione_sensore": null,
            "ultima_lettura_sensore": null
          }
        ],
        "sensors_count": 11
      }
    },
    {
      "type": "Feature",
      "geometry": {
        "type": "Point",
        "coordinates": [
          16.3248,
          38.5797
        ]
      },
      "properties": {
        "id": 169,
        "net_staz_name": "SSN17",
        "nome": "Istituto Tecnico Commmerciale e per Geometri \"L. Einaudi\"",
        "network": "GeoSIG",
        "regione": "CALABRIA",
        "provincia": "VIBO VALENTIA",
        "comune": "SERRA SAN BRUNO",
        "indirizzo": "Via Vittorio Veneto, 21",
        "tipologia": "Edificio in muratura  ",
        "id_tipologia": 2,
        "classificazione": "SCUOLA",
        "sistema": "DETTAGLIATO",
        "connessione": "ADSL",
        "ip": "10.10.1.149",
        "zona_sismica": 1,
        "stato": "A",
        "nome_checkmk": null,
        "fem": "SI",
        "f1": 5,
        "f2": 5,
        "f3": "7.070",
        "acquisitore_serial_number": null,
        "acquisitore_centralina": null,
        "acquisitore_soglia_trigger_g": null,
        "sensors": [
          {
            "id_sensore": 594,
            "nome_sensore": "SSN17_AC01",
            "canali_sensore": "1, 2, 3",
            "tipo_sensore": "Accelerometro triassiale",
            "parametro_misurato_sensore": "Accelerazione",
            "unita_misura_sensore": "g",
            "quota_sensore": "0.00",
            "stato_sensore": "ATTIVO",
            "stato_funzionamento_sensore": "OPERATIVO",
            "finanziato_mase": "NO",
            "data_attivazione_sensore": null,
            "data_dismissione_sensore": null,
            "ultima_lettura_sensore": null
          },
          {
            "id_sensore": 595,
            "nome_sensore": "SSN17_AC02",
            "canali_sensore": "4, 5",
            "tipo_sensore": "Accelerometro biassiale",
            "parametro_misurato_sensore": "Accelerazione",
            "unita_misura_sensore": "g",
            "quota_sensore": "3.60",
            "stato_sensore": "ATTIVO",
            "stato_funzionamento_sensore": "OPERATIVO",
            "finanziato_mase": "NO",
            "data_attivazione_sensore": null,
            "data_dismissione_sensore": null,
            "ultima_lettura_sensore": null
          },
          {
            "id_sensore": 596,
            "nome_sensore": "SSN17_AC03",
            "canali_sensore": "6",
            "tipo_sensore": "Accelerometro monoassiale",
            "parametro_misurato_sensore": "Accelerazione",
            "unita_misura_sensore": "g",
            "quota_sensore": "3.60",
            "stato_sensore": "ATTIVO",
            "stato_funzionamento_sensore": "OPERATIVO",
            "finanziato_mase": "NO",
            "data_attivazione_sensore": null,
            "data_dismissione_sensore": null,
            "ultima_lettura_sensore": null
          },
          {
            "id_sensore": 597,
            "nome_sensore": "SSN17_AC04",
            "canali_sensore": "7, 8",
            "tipo_sensore": "Accelerometro biassiale",
            "parametro_misurato_sensore": "Accelerazione",
            "unita_misura_sensore": "g",
            "quota_sensore": "3.60",
            "stato_sensore": "ATTIVO",
            "stato_funzionamento_sensore": "OPERATIVO",
            "finanziato_mase": "NO",
            "data_attivazione_sensore": null,
            "data_dismissione_sensore": null,
            "ultima_lettura_sensore": null
          },
          {
            "id_sensore": 598,
            "nome_sensore": "SSN17_AC05",
            "canali_sensore": "9",
            "tipo_sensore": "Accelerometro monoassiale",
            "parametro_misurato_sensore": "Accelerazione",
            "unita_misura_sensore": "g",
            "quota_sensore": "7.40",
            "stato_sensore": "ATTIVO",
            "stato_funzionamento_sensore": "OPERATIVO",
            "finanziato_mase": "NO",
            "data_attivazione_sensore": null,
            "data_dismissione_sensore": null,
            "ultima_lettura_sensore": null
          },
          {
            "id_sensore": 599,
            "nome_sensore": "SSN17_AC06",
            "canali_sensore": "10, 11",
            "tipo_sensore": "Accelerometro biassiale",
            "parametro_misurato_sensore": "Accelerazione",
            "unita_misura_sensore": "g",
            "quota_sensore": "7.40",
            "stato_sensore": "ATTIVO",
            "stato_funzionamento_sensore": "OPERATIVO",
            "finanziato_mase": "NO",
            "data_attivazione_sensore": null,
            "data_dismissione_sensore": null,
            "ultima_lettura_sensore": null
          },
          {
            "id_sensore": 600,
            "nome_sensore": "SSN17_AC07",
            "canali_sensore": "12",
            "tipo_sensore": "Accelerometro monoassiale",
            "parametro_misurato_sensore": "Accelerazione",
            "unita_misura_sensore": "g",
            "quota_sensore": "7.40",
            "stato_sensore": "ATTIVO",
            "stato_funzionamento_sensore": "OPERATIVO",
            "finanziato_mase": "NO",
            "data_attivazione_sensore": null,
            "data_dismissione_sensore": null,
            "ultima_lettura_sensore": null
          },
          {
            "id_sensore": 601,
            "nome_sensore": "SSN17_AC08",
            "canali_sensore": "13, 14",
            "tipo_sensore": "Accelerometro biassiale",
            "parametro_misurato_sensore": "Accelerazione",
            "unita_misura_sensore": "g",
            "quota_sensore": "7.40",
            "stato_sensore": "ATTIVO",
            "stato_funzionamento_sensore": "OPERATIVO",
            "finanziato_mase": "NO",
            "data_attivazione_sensore": null,
            "data_dismissione_sensore": null,
            "ultima_lettura_sensore": null
          },
          {
            "id_sensore": 602,
            "nome_sensore": "SSN17_AC09",
            "canali_sensore": "15",
            "tipo_sensore": "Accelerometro monoassiale",
            "parametro_misurato_sensore": "Accelerazione",
            "unita_misura_sensore": "g",
            "quota_sensore": "11.20",
            "stato_sensore": "ATTIVO",
            "stato_funzionamento_sensore": "OPERATIVO",
            "finanziato_mase": "NO",
            "data_attivazione_sensore": null,
            "data_dismissione_sensore": null,
            "ultima_lettura_sensore": null
          },
          {
            "id_sensore": 603,
            "nome_sensore": "SSN17_AC10",
            "canali_sensore": "16, 17, 18",
            "tipo_sensore": "Accelerometro triassiale",
            "parametro_misurato_sensore": "Accelerazione",
            "unita_misura_sensore": "g",
            "quota_sensore": "11.20",
            "stato_sensore": "ATTIVO",
            "stato_funzionamento_sensore": "OPERATIVO",
            "finanziato_mase": "NO",
            "data_attivazione_sensore": null,
            "data_dismissione_sensore": null,
            "ultima_lettura_sensore": null
          },
          {
            "id_sensore": 604,
            "nome_sensore": "SSN17_AC11",
            "canali_sensore": "19, 20, 21",
            "tipo_sensore": "Accelerometro triassiale",
            "parametro_misurato_sensore": "Accelerazione",
            "unita_misura_sensore": "g",
            "quota_sensore": "11.20",
            "stato_sensore": "ATTIVO",
            "stato_funzionamento_sensore": "OPERATIVO",
            "finanziato_mase": "NO",
            "data_attivazione_sensore": null,
            "data_dismissione_sensore": null,
            "ultima_lettura_sensore": null
          },
          {
            "id_sensore": 748,
            "nome_sensore": "SSN17_LVDT1",
            "canali_sensore": "22",
            "tipo_sensore": "Trasduttore di spostamento",
            "parametro_misurato_sensore": "Spostamento",
            "unita_misura_sensore": "mm",
            "quota_sensore": "11.20",
            "stato_sensore": "ATTIVO",
            "stato_funzionamento_sensore": "OPERATIVO",
            "finanziato_mase": "NO",
            "data_attivazione_sensore": null,
            "data_dismissione_sensore": null,
            "ultima_lettura_sensore": null
          }
        ],
        "sensors_count": 12
      }
    },
    {
      "type": "Feature",
      "geometry": {
        "type": "Point",
        "coordinates": [
          16.2635,
          39.2873
        ]
      },
      "properties": {
        "id": 170,
        "net_staz_name": "SSN18",
        "nome": "Plesso scolastico \"Spirito Santo\"",
        "network": "GeoSIG",
        "regione": "CALABRIA",
        "provincia": "COSENZA",
        "comune": "COSENZA",
        "indirizzo": "Via Lungo Crati Dante Alighieri, 7",
        "tipologia": "Edificio in struttura mista c.a. - muratura",
        "id_tipologia": 3,
        "classificazione": "SCUOLA",
        "sistema": "DETTAGLIATO",
        "connessione": "ADSL",
        "ip": "10.10.1.173",
        "zona_sismica": 1,
        "stato": "A",
        "nome_checkmk": null,
        "fem": "SI",
        "f1": 5,
        "f2": 6,
        "f3": "8.581",
        "acquisitore_serial_number": null,
        "acquisitore_centralina": null,
        "acquisitore_soglia_trigger_g": null,
        "sensors": [
          {
            "id_sensore": 605,
            "nome_sensore": "SSN18_AC01",
            "canali_sensore": "1, 2, 3",
            "tipo_sensore": "Accelerometro triassiale",
            "parametro_misurato_sensore": "Accelerazione",
            "unita_misura_sensore": "g",
            "quota_sensore": "0.00",
            "stato_sensore": "ATTIVO",
            "stato_funzionamento_sensore": "OPERATIVO",
            "finanziato_mase": "NO",
            "data_attivazione_sensore": null,
            "data_dismissione_sensore": null,
            "ultima_lettura_sensore": null
          },
          {
            "id_sensore": 606,
            "nome_sensore": "SSN18_AC02",
            "canali_sensore": "4",
            "tipo_sensore": "Accelerometro monoassiale",
            "parametro_misurato_sensore": "Accelerazione",
            "unita_misura_sensore": "g",
            "quota_sensore": "4.70",
            "stato_sensore": "ATTIVO",
            "stato_funzionamento_sensore": "OPERATIVO",
            "finanziato_mase": "NO",
            "data_attivazione_sensore": null,
            "data_dismissione_sensore": null,
            "ultima_lettura_sensore": null
          },
          {
            "id_sensore": 607,
            "nome_sensore": "SSN18_AC03",
            "canali_sensore": "5, 6",
            "tipo_sensore": "Accelerometro biassiale",
            "parametro_misurato_sensore": "Accelerazione",
            "unita_misura_sensore": "g",
            "quota_sensore": "4.70",
            "stato_sensore": "ATTIVO",
            "stato_funzionamento_sensore": "OPERATIVO",
            "finanziato_mase": "NO",
            "data_attivazione_sensore": null,
            "data_dismissione_sensore": null,
            "ultima_lettura_sensore": null
          },
          {
            "id_sensore": 608,
            "nome_sensore": "SSN18_AC04",
            "canali_sensore": "7",
            "tipo_sensore": "Accelerometro monoassiale",
            "parametro_misurato_sensore": "Accelerazione",
            "unita_misura_sensore": "g",
            "quota_sensore": "4.70",
            "stato_sensore": "ATTIVO",
            "stato_funzionamento_sensore": "OPERATIVO",
            "finanziato_mase": "NO",
            "data_attivazione_sensore": null,
            "data_dismissione_sensore": null,
            "ultima_lettura_sensore": null
          },
          {
            "id_sensore": 609,
            "nome_sensore": "SSN18_AC05",
            "canali_sensore": "8, 9",
            "tipo_sensore": "Accelerometro biassiale",
            "parametro_misurato_sensore": "Accelerazione",
            "unita_misura_sensore": "g",
            "quota_sensore": "9.76",
            "stato_sensore": "ATTIVO",
            "stato_funzionamento_sensore": "OPERATIVO",
            "finanziato_mase": "NO",
            "data_attivazione_sensore": null,
            "data_dismissione_sensore": null,
            "ultima_lettura_sensore": null
          },
          {
            "id_sensore": 610,
            "nome_sensore": "SSN18_AC06",
            "canali_sensore": "10, 11, 12",
            "tipo_sensore": "Accelerometro triassiale",
            "parametro_misurato_sensore": "Accelerazione",
            "unita_misura_sensore": "g",
            "quota_sensore": "9.76",
            "stato_sensore": "ATTIVO",
            "stato_funzionamento_sensore": "OPERATIVO",
            "finanziato_mase": "NO",
            "data_attivazione_sensore": null,
            "data_dismissione_sensore": null,
            "ultima_lettura_sensore": null
          },
          {
            "id_sensore": 611,
            "nome_sensore": "SSN18_AC07",
            "canali_sensore": "13, 14, 15",
            "tipo_sensore": "Accelerometro triassiale",
            "parametro_misurato_sensore": "Accelerazione",
            "unita_misura_sensore": "g",
            "quota_sensore": "9.76",
            "stato_sensore": "ATTIVO",
            "stato_funzionamento_sensore": "OPERATIVO",
            "finanziato_mase": "NO",
            "data_attivazione_sensore": null,
            "data_dismissione_sensore": null,
            "ultima_lettura_sensore": null
          },
          {
            "id_sensore": 612,
            "nome_sensore": "SSN18_AC08",
            "canali_sensore": "16",
            "tipo_sensore": "Accelerometro monoassiale",
            "parametro_misurato_sensore": "Accelerazione",
            "unita_misura_sensore": "g",
            "quota_sensore": "9.76",
            "stato_sensore": "ATTIVO",
            "stato_funzionamento_sensore": "OPERATIVO",
            "finanziato_mase": "NO",
            "data_attivazione_sensore": null,
            "data_dismissione_sensore": null,
            "ultima_lettura_sensore": null
          },
          {
            "id_sensore": 712,
            "nome_sensore": "SSN18_LVDT1",
            "canali_sensore": "17",
            "tipo_sensore": "Trasduttore di spostamento",
            "parametro_misurato_sensore": "Spostamento",
            "unita_misura_sensore": "mm",
            "quota_sensore": "9.76",
            "stato_sensore": "ATTIVO",
            "stato_funzionamento_sensore": "OPERATIVO",
            "finanziato_mase": "NO",
            "data_attivazione_sensore": null,
            "data_dismissione_sensore": null,
            "ultima_lettura_sensore": null
          },
          {
            "id_sensore": 713,
            "nome_sensore": "SSN18_LVDT2",
            "canali_sensore": "18",
            "tipo_sensore": "Trasduttore di spostamento",
            "parametro_misurato_sensore": "Spostamento",
            "unita_misura_sensore": "mm",
            "quota_sensore": "9.76",
            "stato_sensore": "ATTIVO",
            "stato_funzionamento_sensore": "OPERATIVO",
            "finanziato_mase": "NO",
            "data_attivazione_sensore": null,
            "data_dismissione_sensore": null,
            "ultima_lettura_sensore": null
          }
        ],
        "sensors_count": 10
      }
    },
    {
      "type": "Feature",
      "geometry": {
        "type": "Point",
        "coordinates": [
          15.0513,
          36.9424
        ]
      },
      "properties": {
        "id": 171,
        "net_staz_name": "SSN19",
        "nome": "Ponte Santa Chiara SS 287 (Noto-Palazzolo) km 19+229 ",
        "network": "GeoSIG",
        "regione": "SICILIA ",
        "provincia": "SIRACUSA",
        "comune": "NOTO",
        "indirizzo": "SS 287 (Noto-Palazzolo) km 19+229 ",
        "tipologia": "Ponte in muratura ad arco",
        "id_tipologia": 10,
        "classificazione": "PONTE",
        "sistema": "DETTAGLIATO",
        "connessione": "Rete Dati",
        "ip": "192.168.35.2",
        "zona_sismica": 1,
        "stato": "A",
        "nome_checkmk": null,
        "fem": "SI",
        "f1": 3,
        "f2": 5,
        "f3": "5.097",
        "acquisitore_serial_number": null,
        "acquisitore_centralina": null,
        "acquisitore_soglia_trigger_g": null,
        "sensors": [
          {
            "id_sensore": 613,
            "nome_sensore": "SSN19_AC00",
            "canali_sensore": "1, 2, 3",
            "tipo_sensore": "Accelerometro triassiale",
            "parametro_misurato_sensore": "Accelerazione",
            "unita_misura_sensore": "g",
            "quota_sensore": "12.00",
            "stato_sensore": "ATTIVO",
            "stato_funzionamento_sensore": "OPERATIVO",
            "finanziato_mase": "NO",
            "data_attivazione_sensore": null,
            "data_dismissione_sensore": null,
            "ultima_lettura_sensore": null
          },
          {
            "id_sensore": 614,
            "nome_sensore": "SSN19_AC01",
            "canali_sensore": "7, 8",
            "tipo_sensore": "Accelerometro biassiale",
            "parametro_misurato_sensore": "Accelerazione",
            "unita_misura_sensore": "g",
            "quota_sensore": "10.50",
            "stato_sensore": "ATTIVO",
            "stato_funzionamento_sensore": "OPERATIVO",
            "finanziato_mase": "NO",
            "data_attivazione_sensore": null,
            "data_dismissione_sensore": null,
            "ultima_lettura_sensore": null
          },
          {
            "id_sensore": 615,
            "nome_sensore": "SSN19_AC02",
            "canali_sensore": "9, 11",
            "tipo_sensore": "Accelerometro biassiale",
            "parametro_misurato_sensore": "Accelerazione",
            "unita_misura_sensore": "g",
            "quota_sensore": "16.00",
            "stato_sensore": "ATTIVO",
            "stato_funzionamento_sensore": "OPERATIVO",
            "finanziato_mase": "NO",
            "data_attivazione_sensore": null,
            "data_dismissione_sensore": null,
            "ultima_lettura_sensore": null
          },
          {
            "id_sensore": 616,
            "nome_sensore": "SSN19_AC03",
            "canali_sensore": "12, 13",
            "tipo_sensore": "Accelerometro biassiale",
            "parametro_misurato_sensore": "Accelerazione",
            "unita_misura_sensore": "g",
            "quota_sensore": "10.50",
            "stato_sensore": "ATTIVO",
            "stato_funzionamento_sensore": "OPERATIVO",
            "finanziato_mase": "NO",
            "data_attivazione_sensore": null,
            "data_dismissione_sensore": null,
            "ultima_lettura_sensore": null
          },
          {
            "id_sensore": 617,
            "nome_sensore": "SSN19_AC04",
            "canali_sensore": "15, 17",
            "tipo_sensore": "Accelerometro biassiale",
            "parametro_misurato_sensore": "Accelerazione",
            "unita_misura_sensore": "g",
            "quota_sensore": "16.00",
            "stato_sensore": "ATTIVO",
            "stato_funzionamento_sensore": "OPERATIVO",
            "finanziato_mase": "NO",
            "data_attivazione_sensore": null,
            "data_dismissione_sensore": null,
            "ultima_lettura_sensore": null
          },
          {
            "id_sensore": 618,
            "nome_sensore": "SSN19_AC05",
            "canali_sensore": "16",
            "tipo_sensore": "Accelerometro monoassiale",
            "parametro_misurato_sensore": "Accelerazione",
            "unita_misura_sensore": "g",
            "quota_sensore": "16.00",
            "stato_sensore": "ATTIVO",
            "stato_funzionamento_sensore": "OPERATIVO",
            "finanziato_mase": "NO",
            "data_attivazione_sensore": null,
            "data_dismissione_sensore": null,
            "ultima_lettura_sensore": null
          },
          {
            "id_sensore": 619,
            "nome_sensore": "SSN19_AC06",
            "canali_sensore": "18, 19",
            "tipo_sensore": "Accelerometro biassiale",
            "parametro_misurato_sensore": "Accelerazione",
            "unita_misura_sensore": "g",
            "quota_sensore": "10.50",
            "stato_sensore": "ATTIVO",
            "stato_funzionamento_sensore": "OPERATIVO",
            "finanziato_mase": "NO",
            "data_attivazione_sensore": null,
            "data_dismissione_sensore": null,
            "ultima_lettura_sensore": null
          },
          {
            "id_sensore": 620,
            "nome_sensore": "SSN19_AC07",
            "canali_sensore": "20",
            "tipo_sensore": "Accelerometro monoassiale",
            "parametro_misurato_sensore": "Accelerazione",
            "unita_misura_sensore": "g",
            "quota_sensore": "1.40",
            "stato_sensore": "ATTIVO",
            "stato_funzionamento_sensore": "OPERATIVO",
            "finanziato_mase": "NO",
            "data_attivazione_sensore": null,
            "data_dismissione_sensore": null,
            "ultima_lettura_sensore": null
          },
          {
            "id_sensore": 621,
            "nome_sensore": "SSN19_AC08",
            "canali_sensore": "21, 23",
            "tipo_sensore": "Accelerometro biassiale",
            "parametro_misurato_sensore": "Accelerazione",
            "unita_misura_sensore": "g",
            "quota_sensore": "16.00",
            "stato_sensore": "ATTIVO",
            "stato_funzionamento_sensore": "OPERATIVO",
            "finanziato_mase": "NO",
            "data_attivazione_sensore": null,
            "data_dismissione_sensore": null,
            "ultima_lettura_sensore": null
          },
          {
            "id_sensore": 622,
            "nome_sensore": "SSN19_AC09",
            "canali_sensore": "22",
            "tipo_sensore": "Accelerometro monoassiale",
            "parametro_misurato_sensore": "Accelerazione",
            "unita_misura_sensore": "g",
            "quota_sensore": "16.00",
            "stato_sensore": "ATTIVO",
            "stato_funzionamento_sensore": "OPERATIVO",
            "finanziato_mase": "NO",
            "data_attivazione_sensore": null,
            "data_dismissione_sensore": null,
            "ultima_lettura_sensore": null
          },
          {
            "id_sensore": 623,
            "nome_sensore": "SSN19_AC10",
            "canali_sensore": "24, 25",
            "tipo_sensore": "Accelerometro biassiale",
            "parametro_misurato_sensore": "Accelerazione",
            "unita_misura_sensore": "g",
            "quota_sensore": "10.50",
            "stato_sensore": "ATTIVO",
            "stato_funzionamento_sensore": "OPERATIVO",
            "finanziato_mase": "NO",
            "data_attivazione_sensore": null,
            "data_dismissione_sensore": null,
            "ultima_lettura_sensore": null
          },
          {
            "id_sensore": 624,
            "nome_sensore": "SSN19_AC11",
            "canali_sensore": "26",
            "tipo_sensore": "Accelerometro monoassiale",
            "parametro_misurato_sensore": "Accelerazione",
            "unita_misura_sensore": "g",
            "quota_sensore": "1.40",
            "stato_sensore": "ATTIVO",
            "stato_funzionamento_sensore": "OPERATIVO",
            "finanziato_mase": "NO",
            "data_attivazione_sensore": null,
            "data_dismissione_sensore": null,
            "ultima_lettura_sensore": null
          },
          {
            "id_sensore": 625,
            "nome_sensore": "SSN19_AC12",
            "canali_sensore": "27, 28",
            "tipo_sensore": "Accelerometro biassiale",
            "parametro_misurato_sensore": "Accelerazione",
            "unita_misura_sensore": "g",
            "quota_sensore": "16.00",
            "stato_sensore": "ATTIVO",
            "stato_funzionamento_sensore": "OPERATIVO",
            "finanziato_mase": "NO",
            "data_attivazione_sensore": null,
            "data_dismissione_sensore": null,
            "ultima_lettura_sensore": null
          },
          {
            "id_sensore": 626,
            "nome_sensore": "SSN19_AC13",
            "canali_sensore": "10, 14",
            "tipo_sensore": "Accelerometro biassiale",
            "parametro_misurato_sensore": "Accelerazione",
            "unita_misura_sensore": "g",
            "quota_sensore": "10.50",
            "stato_sensore": "ATTIVO",
            "stato_funzionamento_sensore": "OPERATIVO",
            "finanziato_mase": "NO",
            "data_attivazione_sensore": null,
            "data_dismissione_sensore": null,
            "ultima_lettura_sensore": null
          },
          {
            "id_sensore": 627,
            "nome_sensore": "SSN19_AC14",
            "canali_sensore": "5, 4, 6",
            "tipo_sensore": "Accelerometro triassiale",
            "parametro_misurato_sensore": "Accelerazione",
            "unita_misura_sensore": "g",
            "quota_sensore": "12.00",
            "stato_sensore": "ATTIVO",
            "stato_funzionamento_sensore": "OPERATIVO",
            "finanziato_mase": "NO",
            "data_attivazione_sensore": null,
            "data_dismissione_sensore": null,
            "ultima_lettura_sensore": null
          }
        ],
        "sensors_count": 15
      }
    },
    {
      "type": "Feature",
      "geometry": {
        "type": "Point",
        "coordinates": [
          15.1485,
          37.2012
        ]
      },
      "properties": {
        "id": 172,
        "net_staz_name": "SSN20",
        "nome": "Viadotto sulla SS 114 (Catania Siracusa) km 135+975",
        "network": "GeoSIG",
        "regione": "SICILIA ",
        "provincia": "SIRACUSA",
        "comune": "SORTINO",
        "indirizzo": "SS 114 (Catania Siracusa) km 135+975",
        "tipologia": "Ponte in struttura mista acciaio - c.a.",
        "id_tipologia": 10,
        "classificazione": "PONTE",
        "sistema": "DETTAGLIATO",
        "connessione": "Rete Dati",
        "ip": "192.168.36.2",
        "zona_sismica": 1,
        "stato": "A",
        "nome_checkmk": null,
        "fem": "SI",
        "f1": 1,
        "f2": 2,
        "f3": "2.656",
        "acquisitore_serial_number": null,
        "acquisitore_centralina": null,
        "acquisitore_soglia_trigger_g": null,
        "sensors": [
          {
            "id_sensore": 628,
            "nome_sensore": "SSN20_AC01",
            "canali_sensore": "3, 15, 36",
            "tipo_sensore": "Accelerometro triassiale",
            "parametro_misurato_sensore": "Accelerazione",
            "unita_misura_sensore": "g",
            "quota_sensore": "45.00",
            "stato_sensore": "ATTIVO",
            "stato_funzionamento_sensore": "OPERATIVO",
            "finanziato_mase": "NO",
            "data_attivazione_sensore": null,
            "data_dismissione_sensore": null,
            "ultima_lettura_sensore": null
          },
          {
            "id_sensore": 629,
            "nome_sensore": "SSN20_AC02",
            "canali_sensore": "4, 5",
            "tipo_sensore": "Accelerometro biassiale",
            "parametro_misurato_sensore": "Accelerazione",
            "unita_misura_sensore": "g",
            "quota_sensore": "50.00",
            "stato_sensore": "ATTIVO",
            "stato_funzionamento_sensore": "OPERATIVO",
            "finanziato_mase": "NO",
            "data_attivazione_sensore": null,
            "data_dismissione_sensore": null,
            "ultima_lettura_sensore": null
          },
          {
            "id_sensore": 630,
            "nome_sensore": "SSN20_AC03",
            "canali_sensore": "19",
            "tipo_sensore": "Accelerometro monoassiale",
            "parametro_misurato_sensore": "Accelerazione",
            "unita_misura_sensore": "g",
            "quota_sensore": "50.00",
            "stato_sensore": "ATTIVO",
            "stato_funzionamento_sensore": "OPERATIVO",
            "finanziato_mase": "NO",
            "data_attivazione_sensore": null,
            "data_dismissione_sensore": null,
            "ultima_lettura_sensore": null
          },
          {
            "id_sensore": 631,
            "nome_sensore": "SSN20_AC04",
            "canali_sensore": "20",
            "tipo_sensore": "Accelerometro monoassiale",
            "parametro_misurato_sensore": "Accelerazione",
            "unita_misura_sensore": "g",
            "quota_sensore": "50.00",
            "stato_sensore": "ATTIVO",
            "stato_funzionamento_sensore": "OPERATIVO",
            "finanziato_mase": "NO",
            "data_attivazione_sensore": null,
            "data_dismissione_sensore": null,
            "ultima_lettura_sensore": null
          },
          {
            "id_sensore": 632,
            "nome_sensore": "SSN20_AC05",
            "canali_sensore": "7",
            "tipo_sensore": "Accelerometro monoassiale",
            "parametro_misurato_sensore": "Accelerazione",
            "unita_misura_sensore": "g",
            "quota_sensore": "50.00",
            "stato_sensore": "ATTIVO",
            "stato_funzionamento_sensore": "OPERATIVO",
            "finanziato_mase": "NO",
            "data_attivazione_sensore": null,
            "data_dismissione_sensore": null,
            "ultima_lettura_sensore": null
          },
          {
            "id_sensore": 633,
            "nome_sensore": "SSN20_AC06",
            "canali_sensore": "8, 9",
            "tipo_sensore": "Accelerometro biassiale",
            "parametro_misurato_sensore": "Accelerazione",
            "unita_misura_sensore": "g",
            "quota_sensore": "50.00",
            "stato_sensore": "ATTIVO",
            "stato_funzionamento_sensore": "OPERATIVO",
            "finanziato_mase": "NO",
            "data_attivazione_sensore": null,
            "data_dismissione_sensore": null,
            "ultima_lettura_sensore": null
          },
          {
            "id_sensore": 634,
            "nome_sensore": "SSN20_AC07",
            "canali_sensore": "11, 10, 12",
            "tipo_sensore": "Accelerometro triassiale",
            "parametro_misurato_sensore": "Accelerazione",
            "unita_misura_sensore": "g",
            "quota_sensore": "45.00",
            "stato_sensore": "ATTIVO",
            "stato_funzionamento_sensore": "OPERATIVO",
            "finanziato_mase": "NO",
            "data_attivazione_sensore": null,
            "data_dismissione_sensore": null,
            "ultima_lettura_sensore": null
          },
          {
            "id_sensore": 635,
            "nome_sensore": "SSN20_AC08",
            "canali_sensore": "21",
            "tipo_sensore": "Accelerometro monoassiale",
            "parametro_misurato_sensore": "Accelerazione",
            "unita_misura_sensore": "g",
            "quota_sensore": "50.00",
            "stato_sensore": "ATTIVO",
            "stato_funzionamento_sensore": "OPERATIVO",
            "finanziato_mase": "NO",
            "data_attivazione_sensore": null,
            "data_dismissione_sensore": null,
            "ultima_lettura_sensore": null
          },
          {
            "id_sensore": 636,
            "nome_sensore": "SSN20_AC09",
            "canali_sensore": "22",
            "tipo_sensore": "Accelerometro monoassiale",
            "parametro_misurato_sensore": "Accelerazione",
            "unita_misura_sensore": "g",
            "quota_sensore": "50.00",
            "stato_sensore": "ATTIVO",
            "stato_funzionamento_sensore": "OPERATIVO",
            "finanziato_mase": "NO",
            "data_attivazione_sensore": null,
            "data_dismissione_sensore": null,
            "ultima_lettura_sensore": null
          },
          {
            "id_sensore": 637,
            "nome_sensore": "SSN20_AC10",
            "canali_sensore": "25",
            "tipo_sensore": "Accelerometro monoassiale",
            "parametro_misurato_sensore": "Accelerazione",
            "unita_misura_sensore": "g",
            "quota_sensore": "50.00",
            "stato_sensore": "ATTIVO",
            "stato_funzionamento_sensore": "OPERATIVO",
            "finanziato_mase": "NO",
            "data_attivazione_sensore": null,
            "data_dismissione_sensore": null,
            "ultima_lettura_sensore": null
          },
          {
            "id_sensore": 638,
            "nome_sensore": "SSN20_AC11",
            "canali_sensore": "26, 27",
            "tipo_sensore": "Accelerometro biassiale",
            "parametro_misurato_sensore": "Accelerazione",
            "unita_misura_sensore": "g",
            "quota_sensore": "50.00",
            "stato_sensore": "ATTIVO",
            "stato_funzionamento_sensore": "OPERATIVO",
            "finanziato_mase": "NO",
            "data_attivazione_sensore": null,
            "data_dismissione_sensore": null,
            "ultima_lettura_sensore": null
          },
          {
            "id_sensore": 639,
            "nome_sensore": "SSN20_AC12",
            "canali_sensore": "14, 13",
            "tipo_sensore": "Accelerometro biassiale",
            "parametro_misurato_sensore": "Accelerazione",
            "unita_misura_sensore": "g",
            "quota_sensore": "45.00",
            "stato_sensore": "ATTIVO",
            "stato_funzionamento_sensore": "OPERATIVO",
            "finanziato_mase": "NO",
            "data_attivazione_sensore": null,
            "data_dismissione_sensore": null,
            "ultima_lettura_sensore": null
          },
          {
            "id_sensore": 640,
            "nome_sensore": "SSN20_AC13",
            "canali_sensore": "23",
            "tipo_sensore": "Accelerometro monoassiale",
            "parametro_misurato_sensore": "Accelerazione",
            "unita_misura_sensore": "g",
            "quota_sensore": "50.00",
            "stato_sensore": "ATTIVO",
            "stato_funzionamento_sensore": "OPERATIVO",
            "finanziato_mase": "NO",
            "data_attivazione_sensore": null,
            "data_dismissione_sensore": null,
            "ultima_lettura_sensore": null
          },
          {
            "id_sensore": 641,
            "nome_sensore": "SSN20_AC14",
            "canali_sensore": "24",
            "tipo_sensore": "Accelerometro monoassiale",
            "parametro_misurato_sensore": "Accelerazione",
            "unita_misura_sensore": "g",
            "quota_sensore": "50.00",
            "stato_sensore": "ATTIVO",
            "stato_funzionamento_sensore": "OPERATIVO",
            "finanziato_mase": "NO",
            "data_attivazione_sensore": null,
            "data_dismissione_sensore": null,
            "ultima_lettura_sensore": null
          },
          {
            "id_sensore": 642,
            "nome_sensore": "SSN20_AC15",
            "canali_sensore": "28",
            "tipo_sensore": "Accelerometro monoassiale",
            "parametro_misurato_sensore": "Accelerazione",
            "unita_misura_sensore": "g",
            "quota_sensore": "50.00",
            "stato_sensore": "ATTIVO",
            "stato_funzionamento_sensore": "OPERATIVO",
            "finanziato_mase": "NO",
            "data_attivazione_sensore": null,
            "data_dismissione_sensore": null,
            "ultima_lettura_sensore": null
          },
          {
            "id_sensore": 643,
            "nome_sensore": "SSN20_AC16",
            "canali_sensore": "29, 30",
            "tipo_sensore": "Accelerometro biassiale",
            "parametro_misurato_sensore": "Accelerazione",
            "unita_misura_sensore": "g",
            "quota_sensore": "50.00",
            "stato_sensore": "ATTIVO",
            "stato_funzionamento_sensore": "OPERATIVO",
            "finanziato_mase": "NO",
            "data_attivazione_sensore": null,
            "data_dismissione_sensore": null,
            "ultima_lettura_sensore": null
          },
          {
            "id_sensore": 644,
            "nome_sensore": "SSN20_AC17",
            "canali_sensore": "2, 1",
            "tipo_sensore": "Accelerometro biassiale",
            "parametro_misurato_sensore": "Accelerazione",
            "unita_misura_sensore": "g",
            "quota_sensore": "45.00",
            "stato_sensore": "ATTIVO",
            "stato_funzionamento_sensore": "OPERATIVO",
            "finanziato_mase": "NO",
            "data_attivazione_sensore": null,
            "data_dismissione_sensore": null,
            "ultima_lettura_sensore": null
          },
          {
            "id_sensore": 645,
            "nome_sensore": "SSN20_AC18",
            "canali_sensore": "31",
            "tipo_sensore": "Accelerometro monoassiale",
            "parametro_misurato_sensore": "Accelerazione",
            "unita_misura_sensore": "g",
            "quota_sensore": "50.00",
            "stato_sensore": "ATTIVO",
            "stato_funzionamento_sensore": "OPERATIVO",
            "finanziato_mase": "NO",
            "data_attivazione_sensore": null,
            "data_dismissione_sensore": null,
            "ultima_lettura_sensore": null
          },
          {
            "id_sensore": 646,
            "nome_sensore": "SSN20_AC19",
            "canali_sensore": "32",
            "tipo_sensore": "Accelerometro monoassiale",
            "parametro_misurato_sensore": "Accelerazione",
            "unita_misura_sensore": "g",
            "quota_sensore": "50.00",
            "stato_sensore": "ATTIVO",
            "stato_funzionamento_sensore": "OPERATIVO",
            "finanziato_mase": "NO",
            "data_attivazione_sensore": null,
            "data_dismissione_sensore": null,
            "ultima_lettura_sensore": null
          },
          {
            "id_sensore": 647,
            "nome_sensore": "SSN20_AC20",
            "canali_sensore": "34",
            "tipo_sensore": "Accelerometro monoassiale",
            "parametro_misurato_sensore": "Accelerazione",
            "unita_misura_sensore": "g",
            "quota_sensore": "50.00",
            "stato_sensore": "ATTIVO",
            "stato_funzionamento_sensore": "OPERATIVO",
            "finanziato_mase": "NO",
            "data_attivazione_sensore": null,
            "data_dismissione_sensore": null,
            "ultima_lettura_sensore": null
          },
          {
            "id_sensore": 648,
            "nome_sensore": "SSN20_AC21",
            "canali_sensore": "35",
            "tipo_sensore": "Accelerometro monoassiale",
            "parametro_misurato_sensore": "Accelerazione",
            "unita_misura_sensore": "g",
            "quota_sensore": "20.00",
            "stato_sensore": "ATTIVO",
            "stato_funzionamento_sensore": "OPERATIVO",
            "finanziato_mase": "NO",
            "data_attivazione_sensore": null,
            "data_dismissione_sensore": null,
            "ultima_lettura_sensore": null
          },
          {
            "id_sensore": 649,
            "nome_sensore": "SSN20_AC22",
            "canali_sensore": "33",
            "tipo_sensore": "Accelerometro monoassiale",
            "parametro_misurato_sensore": "Accelerazione",
            "unita_misura_sensore": "g",
            "quota_sensore": "20.00",
            "stato_sensore": "ATTIVO",
            "stato_funzionamento_sensore": "OPERATIVO",
            "finanziato_mase": "NO",
            "data_attivazione_sensore": null,
            "data_dismissione_sensore": null,
            "ultima_lettura_sensore": null
          },
          {
            "id_sensore": 650,
            "nome_sensore": "SSN20_AC23",
            "canali_sensore": "6",
            "tipo_sensore": "Accelerometro monoassiale",
            "parametro_misurato_sensore": "Accelerazione",
            "unita_misura_sensore": "g",
            "quota_sensore": "20.00",
            "stato_sensore": "ATTIVO",
            "stato_funzionamento_sensore": "OPERATIVO",
            "finanziato_mase": "NO",
            "data_attivazione_sensore": null,
            "data_dismissione_sensore": null,
            "ultima_lettura_sensore": null
          },
          {
            "id_sensore": 651,
            "nome_sensore": "SSN20_AC24",
            "canali_sensore": "16, 17, 18",
            "tipo_sensore": "Accelerometro triassiale",
            "parametro_misurato_sensore": "Accelerazione",
            "unita_misura_sensore": "g",
            "quota_sensore": "45.00",
            "stato_sensore": "ATTIVO",
            "stato_funzionamento_sensore": "OPERATIVO",
            "finanziato_mase": "NO",
            "data_attivazione_sensore": null,
            "data_dismissione_sensore": null,
            "ultima_lettura_sensore": null
          }
        ],
        "sensors_count": 24
      }
    },
    {
      "type": "Feature",
      "geometry": {
        "type": "Point",
        "coordinates": [
          11.9161,
          43.9425
        ]
      },
      "properties": {
        "id": 173,
        "net_staz_name": "SSN21",
        "nome": "Poliambulatorio \"Nefetti\"",
        "network": "GeoSIG",
        "regione": "EMILIA-ROMAGNA",
        "provincia": "FORLI'-CESENA",
        "comune": "SANTA SOFIA",
        "indirizzo": "Via Giovanni Amendola 7",
        "tipologia": "Edificio in cemento armato ",
        "id_tipologia": 1,
        "classificazione": "OSPEDALE",
        "sistema": "DETTAGLIATO",
        "connessione": "ADSL",
        "ip": "10.10.2.5",
        "zona_sismica": 2,
        "stato": "A",
        "nome_checkmk": null,
        "fem": "SI",
        "f1": 5,
        "f2": 6,
        "f3": "6.870",
        "acquisitore_serial_number": null,
        "acquisitore_centralina": null,
        "acquisitore_soglia_trigger_g": null,
        "sensors": [
          {
            "id_sensore": 652,
            "nome_sensore": "SSN21_AC01",
            "canali_sensore": "1, 2, 3",
            "tipo_sensore": "Accelerometro triassiale",
            "parametro_misurato_sensore": "Accelerazione",
            "unita_misura_sensore": "g",
            "quota_sensore": "-3.30",
            "stato_sensore": "ATTIVO",
            "stato_funzionamento_sensore": "OPERATIVO",
            "finanziato_mase": "NO",
            "data_attivazione_sensore": null,
            "data_dismissione_sensore": null,
            "ultima_lettura_sensore": null
          },
          {
            "id_sensore": 653,
            "nome_sensore": "SSN21_AC02",
            "canali_sensore": "4, 5",
            "tipo_sensore": "Accelerometro biassiale",
            "parametro_misurato_sensore": "Accelerazione",
            "unita_misura_sensore": "g",
            "quota_sensore": "0.00",
            "stato_sensore": "ATTIVO",
            "stato_funzionamento_sensore": "OPERATIVO",
            "finanziato_mase": "NO",
            "data_attivazione_sensore": null,
            "data_dismissione_sensore": null,
            "ultima_lettura_sensore": null
          },
          {
            "id_sensore": 654,
            "nome_sensore": "SSN21_AC03",
            "canali_sensore": "6",
            "tipo_sensore": "Accelerometro monoassiale",
            "parametro_misurato_sensore": "Accelerazione",
            "unita_misura_sensore": "g",
            "quota_sensore": "10.25",
            "stato_sensore": "ATTIVO",
            "stato_funzionamento_sensore": "OPERATIVO",
            "finanziato_mase": "NO",
            "data_attivazione_sensore": null,
            "data_dismissione_sensore": null,
            "ultima_lettura_sensore": null
          },
          {
            "id_sensore": 655,
            "nome_sensore": "SSN21_AC04",
            "canali_sensore": "7",
            "tipo_sensore": "Accelerometro monoassiale",
            "parametro_misurato_sensore": "Accelerazione",
            "unita_misura_sensore": "g",
            "quota_sensore": "0.00",
            "stato_sensore": "ATTIVO",
            "stato_funzionamento_sensore": "OPERATIVO",
            "finanziato_mase": "NO",
            "data_attivazione_sensore": null,
            "data_dismissione_sensore": null,
            "ultima_lettura_sensore": null
          },
          {
            "id_sensore": 656,
            "nome_sensore": "SSN21_AC05",
            "canali_sensore": "8, 9",
            "tipo_sensore": "Accelerometro biassiale",
            "parametro_misurato_sensore": "Accelerazione",
            "unita_misura_sensore": "g",
            "quota_sensore": "0.00",
            "stato_sensore": "ATTIVO",
            "stato_funzionamento_sensore": "OPERATIVO",
            "finanziato_mase": "NO",
            "data_attivazione_sensore": null,
            "data_dismissione_sensore": null,
            "ultima_lettura_sensore": null
          },
          {
            "id_sensore": 657,
            "nome_sensore": "SSN21_AC06",
            "canali_sensore": "10, 11",
            "tipo_sensore": "Accelerometro biassiale",
            "parametro_misurato_sensore": "Accelerazione",
            "unita_misura_sensore": "g",
            "quota_sensore": "3.50",
            "stato_sensore": "ATTIVO",
            "stato_funzionamento_sensore": "OPERATIVO",
            "finanziato_mase": "NO",
            "data_attivazione_sensore": null,
            "data_dismissione_sensore": null,
            "ultima_lettura_sensore": null
          },
          {
            "id_sensore": 658,
            "nome_sensore": "SSN21_AC07",
            "canali_sensore": "12",
            "tipo_sensore": "Accelerometro monoassiale",
            "parametro_misurato_sensore": "Accelerazione",
            "unita_misura_sensore": "g",
            "quota_sensore": "0.00",
            "stato_sensore": "ATTIVO",
            "stato_funzionamento_sensore": "OPERATIVO",
            "finanziato_mase": "NO",
            "data_attivazione_sensore": null,
            "data_dismissione_sensore": null,
            "ultima_lettura_sensore": null
          },
          {
            "id_sensore": 659,
            "nome_sensore": "SSN21_AC08",
            "canali_sensore": "13, 14",
            "tipo_sensore": "Accelerometro biassiale",
            "parametro_misurato_sensore": "Accelerazione",
            "unita_misura_sensore": "g",
            "quota_sensore": "3.50",
            "stato_sensore": "ATTIVO",
            "stato_funzionamento_sensore": "OPERATIVO",
            "finanziato_mase": "NO",
            "data_attivazione_sensore": null,
            "data_dismissione_sensore": null,
            "ultima_lettura_sensore": null
          },
          {
            "id_sensore": 660,
            "nome_sensore": "SSN21_AC09",
            "canali_sensore": "15",
            "tipo_sensore": "Accelerometro monoassiale",
            "parametro_misurato_sensore": "Accelerazione",
            "unita_misura_sensore": "g",
            "quota_sensore": "3.50",
            "stato_sensore": "ATTIVO",
            "stato_funzionamento_sensore": "OPERATIVO",
            "finanziato_mase": "NO",
            "data_attivazione_sensore": null,
            "data_dismissione_sensore": null,
            "ultima_lettura_sensore": null
          },
          {
            "id_sensore": 661,
            "nome_sensore": "SSN21_AC10",
            "canali_sensore": "16, 17",
            "tipo_sensore": "Accelerometro biassiale",
            "parametro_misurato_sensore": "Accelerazione",
            "unita_misura_sensore": "g",
            "quota_sensore": "7.00",
            "stato_sensore": "ATTIVO",
            "stato_funzionamento_sensore": "OPERATIVO",
            "finanziato_mase": "NO",
            "data_attivazione_sensore": null,
            "data_dismissione_sensore": null,
            "ultima_lettura_sensore": null
          },
          {
            "id_sensore": 662,
            "nome_sensore": "SSN21_AC11",
            "canali_sensore": "18",
            "tipo_sensore": "Accelerometro monoassiale",
            "parametro_misurato_sensore": "Accelerazione",
            "unita_misura_sensore": "g",
            "quota_sensore": "7.00",
            "stato_sensore": "ATTIVO",
            "stato_funzionamento_sensore": "OPERATIVO",
            "finanziato_mase": "NO",
            "data_attivazione_sensore": null,
            "data_dismissione_sensore": null,
            "ultima_lettura_sensore": null
          },
          {
            "id_sensore": 663,
            "nome_sensore": "SSN21_AC12",
            "canali_sensore": "19, 20",
            "tipo_sensore": "Accelerometro biassiale",
            "parametro_misurato_sensore": "Accelerazione",
            "unita_misura_sensore": "g",
            "quota_sensore": "7.00",
            "stato_sensore": "ATTIVO",
            "stato_funzionamento_sensore": "OPERATIVO",
            "finanziato_mase": "NO",
            "data_attivazione_sensore": null,
            "data_dismissione_sensore": null,
            "ultima_lettura_sensore": null
          },
          {
            "id_sensore": 664,
            "nome_sensore": "SSN21_AC13",
            "canali_sensore": "21",
            "tipo_sensore": "Accelerometro monoassiale",
            "parametro_misurato_sensore": "Accelerazione",
            "unita_misura_sensore": "g",
            "quota_sensore": "3.50",
            "stato_sensore": "ATTIVO",
            "stato_funzionamento_sensore": "OPERATIVO",
            "finanziato_mase": "NO",
            "data_attivazione_sensore": null,
            "data_dismissione_sensore": null,
            "ultima_lettura_sensore": null
          },
          {
            "id_sensore": 665,
            "nome_sensore": "SSN21_AC14",
            "canali_sensore": "22, 23",
            "tipo_sensore": "Accelerometro biassiale",
            "parametro_misurato_sensore": "Accelerazione",
            "unita_misura_sensore": "g",
            "quota_sensore": "10.25",
            "stato_sensore": "ATTIVO",
            "stato_funzionamento_sensore": "OPERATIVO",
            "finanziato_mase": "NO",
            "data_attivazione_sensore": null,
            "data_dismissione_sensore": null,
            "ultima_lettura_sensore": null
          },
          {
            "id_sensore": 666,
            "nome_sensore": "SSN21_AC15",
            "canali_sensore": "24",
            "tipo_sensore": "Accelerometro monoassiale",
            "parametro_misurato_sensore": "Accelerazione",
            "unita_misura_sensore": "g",
            "quota_sensore": "7.00",
            "stato_sensore": "ATTIVO",
            "stato_funzionamento_sensore": "OPERATIVO",
            "finanziato_mase": "NO",
            "data_attivazione_sensore": null,
            "data_dismissione_sensore": null,
            "ultima_lettura_sensore": null
          },
          {
            "id_sensore": 667,
            "nome_sensore": "SSN21_AC16",
            "canali_sensore": "25, 26",
            "tipo_sensore": "Accelerometro biassiale",
            "parametro_misurato_sensore": "Accelerazione",
            "unita_misura_sensore": "g",
            "quota_sensore": "10.25",
            "stato_sensore": "ATTIVO",
            "stato_funzionamento_sensore": "OPERATIVO",
            "finanziato_mase": "NO",
            "data_attivazione_sensore": null,
            "data_dismissione_sensore": null,
            "ultima_lettura_sensore": null
          },
          {
            "id_sensore": 668,
            "nome_sensore": "SSN21_AC17",
            "canali_sensore": "27",
            "tipo_sensore": "Accelerometro monoassiale",
            "parametro_misurato_sensore": "Accelerazione",
            "unita_misura_sensore": "g",
            "quota_sensore": "10.25",
            "stato_sensore": "ATTIVO",
            "stato_funzionamento_sensore": "OPERATIVO",
            "finanziato_mase": "NO",
            "data_attivazione_sensore": null,
            "data_dismissione_sensore": null,
            "ultima_lettura_sensore": null
          },
          {
            "id_sensore": 669,
            "nome_sensore": "SSN21_AC18",
            "canali_sensore": "30, 31",
            "tipo_sensore": "Accelerometro biassiale",
            "parametro_misurato_sensore": "Accelerazione",
            "unita_misura_sensore": "g",
            "quota_sensore": "12.95",
            "stato_sensore": "ATTIVO",
            "stato_funzionamento_sensore": "OPERATIVO",
            "finanziato_mase": "NO",
            "data_attivazione_sensore": null,
            "data_dismissione_sensore": null,
            "ultima_lettura_sensore": null
          },
          {
            "id_sensore": 670,
            "nome_sensore": "SSN21_AC19",
            "canali_sensore": "32",
            "tipo_sensore": "Accelerometro monoassiale",
            "parametro_misurato_sensore": "Accelerazione",
            "unita_misura_sensore": "g",
            "quota_sensore": "12.95",
            "stato_sensore": "ATTIVO",
            "stato_funzionamento_sensore": "OPERATIVO",
            "finanziato_mase": "NO",
            "data_attivazione_sensore": null,
            "data_dismissione_sensore": null,
            "ultima_lettura_sensore": null
          },
          {
            "id_sensore": 714,
            "nome_sensore": "SSN21_LVDT1",
            "canali_sensore": "28",
            "tipo_sensore": "Trasduttore di spostamento",
            "parametro_misurato_sensore": "Spostamento",
            "unita_misura_sensore": "mm",
            "quota_sensore": "12.95",
            "stato_sensore": "ATTIVO",
            "stato_funzionamento_sensore": "OPERATIVO",
            "finanziato_mase": "NO",
            "data_attivazione_sensore": null,
            "data_dismissione_sensore": null,
            "ultima_lettura_sensore": null
          },
          {
            "id_sensore": 715,
            "nome_sensore": "SSN21_LVDT2",
            "canali_sensore": "29",
            "tipo_sensore": "Trasduttore di spostamento",
            "parametro_misurato_sensore": "Spostamento",
            "unita_misura_sensore": "mm",
            "quota_sensore": "12.95",
            "stato_sensore": "ATTIVO",
            "stato_funzionamento_sensore": "OPERATIVO",
            "finanziato_mase": "NO",
            "data_attivazione_sensore": null,
            "data_dismissione_sensore": null,
            "ultima_lettura_sensore": null
          }
        ],
        "sensors_count": 21
      }
    },
    {
      "type": "Feature",
      "geometry": {
        "type": "Point",
        "coordinates": [
          13.00474,
          46.4115764
        ]
      },
      "properties": {
        "id": 174,
        "net_staz_name": "EB828",
        "nome": "Scuola primaria G.Muner",
        "network": "Lunitek",
        "regione": "FRIULI-VENEZIA GIULIA",
        "provincia": "UDINE",
        "comune": "TOLMEZZO",
        "indirizzo": "Via Terzo, 11",
        "tipologia": "Edificio in muratura",
        "id_tipologia": 2,
        "classificazione": "SCUOLA",
        "sistema": "SEMPLIFICATO",
        "connessione": null,
        "ip": "192.168.41.1",
        "zona_sismica": 2,
        "stato": "A",
        "nome_checkmk": null,
        "fem": "NO",
        "f1": 8,
        "f2": 9,
        "f3": "13.18",
        "acquisitore_serial_number": null,
        "acquisitore_centralina": null,
        "acquisitore_soglia_trigger_g": null,
        "sensors": [],
        "sensors_count": 0
      }
    },
    {
      "type": "Feature",
      "geometry": {
        "type": "Point",
        "coordinates": [
          13.598334,
          42.854176
        ]
      },
      "properties": {
        "id": 175,
        "net_staz_name": "78AAP",
        "nome": "Istituo Agrario \"Celso Ulpiani\"",
        "network": "GeoSIG",
        "regione": "MARCHE",
        "provincia": "ASCOLI PICENO",
        "comune": "ASCOLI PICENO",
        "indirizzo": "Viale della Repubblica, 30",
        "tipologia": "Edificio in struttura mista c.a. - muratura",
        "id_tipologia": 3,
        "classificazione": "SCUOLA",
        "sistema": "SEMPLIFICATO",
        "connessione": "Rete Dati",
        "ip": "192.168.158.2",
        "zona_sismica": 2,
        "stato": "A",
        "nome_checkmk": "78AAP_ASCOLI_PICENO_AP_STAZIONE",
        "fem": "NO",
        "f1": null,
        "f2": null,
        "f3": null,
        "acquisitore_serial_number": null,
        "acquisitore_centralina": null,
        "acquisitore_soglia_trigger_g": null,
        "sensors": [
          {
            "id_sensore": 676,
            "nome_sensore": "78AAP_AC00",
            "canali_sensore": "1, 2, 3",
            "tipo_sensore": "Accelerometro triassiale",
            "parametro_misurato_sensore": "Accelerazione",
            "unita_misura_sensore": "g",
            "quota_sensore": "0.00",
            "stato_sensore": "ATTIVO",
            "stato_funzionamento_sensore": "OPERATIVO",
            "finanziato_mase": "NO",
            "data_attivazione_sensore": null,
            "data_dismissione_sensore": null,
            "ultima_lettura_sensore": null
          },
          {
            "id_sensore": 677,
            "nome_sensore": "78AAP_AC01",
            "canali_sensore": "4, 5",
            "tipo_sensore": "Accelerometro biassiale",
            "parametro_misurato_sensore": "Accelerazione",
            "unita_misura_sensore": "g",
            "quota_sensore": "12.00",
            "stato_sensore": "ATTIVO",
            "stato_funzionamento_sensore": "OPERATIVO",
            "finanziato_mase": "NO",
            "data_attivazione_sensore": null,
            "data_dismissione_sensore": null,
            "ultima_lettura_sensore": null
          },
          {
            "id_sensore": 678,
            "nome_sensore": "78AAP_AC02",
            "canali_sensore": "6, 7",
            "tipo_sensore": "Accelerometro biassiale",
            "parametro_misurato_sensore": "Accelerazione",
            "unita_misura_sensore": "g",
            "quota_sensore": "12.00",
            "stato_sensore": "ATTIVO",
            "stato_funzionamento_sensore": "OPERATIVO",
            "finanziato_mase": "NO",
            "data_attivazione_sensore": null,
            "data_dismissione_sensore": null,
            "ultima_lettura_sensore": null
          },
          {
            "id_sensore": 679,
            "nome_sensore": "78AAP_AC03",
            "canali_sensore": "8, 9",
            "tipo_sensore": "Accelerometro biassiale",
            "parametro_misurato_sensore": "Accelerazione",
            "unita_misura_sensore": "g",
            "quota_sensore": "12.00",
            "stato_sensore": "ATTIVO",
            "stato_funzionamento_sensore": "OPERATIVO",
            "finanziato_mase": "NO",
            "data_attivazione_sensore": null,
            "data_dismissione_sensore": null,
            "ultima_lettura_sensore": null
          },
          {
            "id_sensore": 680,
            "nome_sensore": "78AAP_AC04",
            "canali_sensore": "10, 11",
            "tipo_sensore": "Accelerometro biassiale",
            "parametro_misurato_sensore": "Accelerazione",
            "unita_misura_sensore": "g",
            "quota_sensore": "12.00",
            "stato_sensore": "ATTIVO",
            "stato_funzionamento_sensore": "OPERATIVO",
            "finanziato_mase": "NO",
            "data_attivazione_sensore": null,
            "data_dismissione_sensore": null,
            "ultima_lettura_sensore": null
          }
        ],
        "sensors_count": 5
      }
    },
    {
      "type": "Feature",
      "geometry": {
        "type": "Point",
        "coordinates": [
          14.0999,
          40.83257
        ]
      },
      "properties": {
        "id": 176,
        "net_staz_name": "79EPO",
        "nome": "IC 4 Pergolesi - Plesso Vittorio Emanuele",
        "network": "GeoSIG",
        "regione": "CAMPANIA",
        "provincia": "NAPOLI",
        "comune": "POZZUOLI",
        "indirizzo": "Via Raimondo Annecchino, 127",
        "tipologia": "Edificio in muratura",
        "id_tipologia": 2,
        "classificazione": "SCUOLA",
        "sistema": "DETTAGLIATO",
        "connessione": "Rete Dati",
        "ip": "192.168.45.2",
        "zona_sismica": 2,
        "stato": "A",
        "nome_checkmk": null,
        "fem": "NO",
        "f1": null,
        "f2": null,
        "f3": null,
        "acquisitore_serial_number": null,
        "acquisitore_centralina": null,
        "acquisitore_soglia_trigger_g": null,
        "sensors": [
          {
            "id_sensore": 681,
            "nome_sensore": "79EPO_AC00",
            "canali_sensore": "1, 2, 3",
            "tipo_sensore": "Accelerometro triassiale",
            "parametro_misurato_sensore": "Accelerazione",
            "unita_misura_sensore": "g",
            "quota_sensore": "-4.00",
            "stato_sensore": "ATTIVO",
            "stato_funzionamento_sensore": "OPERATIVO",
            "finanziato_mase": "NO",
            "data_attivazione_sensore": null,
            "data_dismissione_sensore": null,
            "ultima_lettura_sensore": null
          },
          {
            "id_sensore": 682,
            "nome_sensore": "79EPO_AC01",
            "canali_sensore": "4, 5",
            "tipo_sensore": "Accelerometro biassiale",
            "parametro_misurato_sensore": "Accelerazione",
            "unita_misura_sensore": "g",
            "quota_sensore": "0.00",
            "stato_sensore": "ATTIVO",
            "stato_funzionamento_sensore": "OPERATIVO",
            "finanziato_mase": "NO",
            "data_attivazione_sensore": null,
            "data_dismissione_sensore": null,
            "ultima_lettura_sensore": null
          },
          {
            "id_sensore": 683,
            "nome_sensore": "79EPO_AC02",
            "canali_sensore": "6, 7",
            "tipo_sensore": "Accelerometro biassiale",
            "parametro_misurato_sensore": "Accelerazione",
            "unita_misura_sensore": "g",
            "quota_sensore": "9.00",
            "stato_sensore": "ATTIVO",
            "stato_funzionamento_sensore": "OPERATIVO",
            "finanziato_mase": "NO",
            "data_attivazione_sensore": null,
            "data_dismissione_sensore": null,
            "ultima_lettura_sensore": null
          },
          {
            "id_sensore": 684,
            "nome_sensore": "79EPO_AC03",
            "canali_sensore": "8, 9",
            "tipo_sensore": "Accelerometro biassiale",
            "parametro_misurato_sensore": "Accelerazione",
            "unita_misura_sensore": "g",
            "quota_sensore": "9.00",
            "stato_sensore": "ATTIVO",
            "stato_funzionamento_sensore": "OPERATIVO",
            "finanziato_mase": "NO",
            "data_attivazione_sensore": null,
            "data_dismissione_sensore": null,
            "ultima_lettura_sensore": null
          },
          {
            "id_sensore": 685,
            "nome_sensore": "79EPO_AC04",
            "canali_sensore": "10, 11",
            "tipo_sensore": "Accelerometro biassiale",
            "parametro_misurato_sensore": "Accelerazione",
            "unita_misura_sensore": "g",
            "quota_sensore": "0.00",
            "stato_sensore": "ATTIVO",
            "stato_funzionamento_sensore": "OPERATIVO",
            "finanziato_mase": "NO",
            "data_attivazione_sensore": null,
            "data_dismissione_sensore": null,
            "ultima_lettura_sensore": null
          }
        ],
        "sensors_count": 5
      }
    },
    {
      "type": "Feature",
      "geometry": {
        "type": "Point",
        "coordinates": [
          14.09932,
          40.83229
        ]
      },
      "properties": {
        "id": 177,
        "net_staz_name": "80MPO",
        "nome": "IC 4 Pergolesi - Plesso Pergolesi",
        "network": "GeoSIG",
        "regione": "CAMPANIA",
        "provincia": "NAPOLI",
        "comune": "POZZUOLI",
        "indirizzo": "Via Raimondo Annecchino, 131",
        "tipologia": "Edificio in cemento armato",
        "id_tipologia": 1,
        "classificazione": "SCUOLA",
        "sistema": "SEMPLIFICATO",
        "connessione": "Rete Dati",
        "ip": "192.168.46.2",
        "zona_sismica": 2,
        "stato": "A",
        "nome_checkmk": null,
        "fem": "NO",
        "f1": null,
        "f2": null,
        "f3": null,
        "acquisitore_serial_number": null,
        "acquisitore_centralina": null,
        "acquisitore_soglia_trigger_g": null,
        "sensors": [
          {
            "id_sensore": 686,
            "nome_sensore": "80MPO_AC00",
            "canali_sensore": "1, 2, 3",
            "tipo_sensore": "Accelerometro triassiale",
            "parametro_misurato_sensore": "Accelerazione",
            "unita_misura_sensore": "g",
            "quota_sensore": "-4.00",
            "stato_sensore": "ATTIVO",
            "stato_funzionamento_sensore": "OPERATIVO",
            "finanziato_mase": "NO",
            "data_attivazione_sensore": null,
            "data_dismissione_sensore": null,
            "ultima_lettura_sensore": null
          },
          {
            "id_sensore": 687,
            "nome_sensore": "80MPO_AC01",
            "canali_sensore": "4, 5",
            "tipo_sensore": "Accelerometro biassiale",
            "parametro_misurato_sensore": "Accelerazione",
            "unita_misura_sensore": "g",
            "quota_sensore": "12.00",
            "stato_sensore": "ATTIVO",
            "stato_funzionamento_sensore": "OPERATIVO",
            "finanziato_mase": "NO",
            "data_attivazione_sensore": null,
            "data_dismissione_sensore": null,
            "ultima_lettura_sensore": null
          },
          {
            "id_sensore": 688,
            "nome_sensore": "80MPO_AC02",
            "canali_sensore": "6, 7",
            "tipo_sensore": "Accelerometro biassiale",
            "parametro_misurato_sensore": "Accelerazione",
            "unita_misura_sensore": "g",
            "quota_sensore": "12.00",
            "stato_sensore": "ATTIVO",
            "stato_funzionamento_sensore": "OPERATIVO",
            "finanziato_mase": "NO",
            "data_attivazione_sensore": null,
            "data_dismissione_sensore": null,
            "ultima_lettura_sensore": null
          },
          {
            "id_sensore": 689,
            "nome_sensore": "80MPO_AC03",
            "canali_sensore": "8, 9",
            "tipo_sensore": "Accelerometro biassiale",
            "parametro_misurato_sensore": "Accelerazione",
            "unita_misura_sensore": "g",
            "quota_sensore": "12.00",
            "stato_sensore": "ATTIVO",
            "stato_funzionamento_sensore": "OPERATIVO",
            "finanziato_mase": "NO",
            "data_attivazione_sensore": null,
            "data_dismissione_sensore": null,
            "ultima_lettura_sensore": null
          },
          {
            "id_sensore": 690,
            "nome_sensore": "80MPO_AC04",
            "canali_sensore": "10, 11",
            "tipo_sensore": "Accelerometro biassiale",
            "parametro_misurato_sensore": "Accelerazione",
            "unita_misura_sensore": "g",
            "quota_sensore": "12.00",
            "stato_sensore": "ATTIVO",
            "stato_funzionamento_sensore": "OPERATIVO",
            "finanziato_mase": "NO",
            "data_attivazione_sensore": null,
            "data_dismissione_sensore": null,
            "ultima_lettura_sensore": null
          }
        ],
        "sensors_count": 5
      }
    },
    {
      "type": "Feature",
      "geometry": {
        "type": "Point",
        "coordinates": [
          11.9978,
          45.902
        ]
      },
      "properties": {
        "id": 178,
        "net_staz_name": "81PVA",
        "nome": "Palazzo Piva (Biblioteca Comunale)",
        "network": "GeoSIG",
        "regione": "VENETO",
        "provincia": "TREVISO",
        "comune": "VALDOBBIADENE",
        "indirizzo": "Via Piva, 53",
        "tipologia": "Edificio in struttura mista c.a. - muratura",
        "id_tipologia": 3,
        "classificazione": "ALTRO EDIFICIO",
        "sistema": "SEMPLIFICATO",
        "connessione": "Rete Dati",
        "ip": "192.168.160.2",
        "zona_sismica": 2,
        "stato": "A",
        "nome_checkmk": null,
        "fem": "NO",
        "f1": null,
        "f2": null,
        "f3": null,
        "acquisitore_serial_number": null,
        "acquisitore_centralina": null,
        "acquisitore_soglia_trigger_g": null,
        "sensors": [
          {
            "id_sensore": 691,
            "nome_sensore": "81PVA_AC00",
            "canali_sensore": "1, 2, 3",
            "tipo_sensore": "Accelerometro triassiale",
            "parametro_misurato_sensore": "Accelerazione",
            "unita_misura_sensore": "g",
            "quota_sensore": "0.00",
            "stato_sensore": "ATTIVO",
            "stato_funzionamento_sensore": "OPERATIVO",
            "finanziato_mase": "NO",
            "data_attivazione_sensore": null,
            "data_dismissione_sensore": null,
            "ultima_lettura_sensore": null
          },
          {
            "id_sensore": 692,
            "nome_sensore": "81PVA_AC01",
            "canali_sensore": "4, 5",
            "tipo_sensore": "Accelerometro biassiale",
            "parametro_misurato_sensore": "Accelerazione",
            "unita_misura_sensore": "g",
            "quota_sensore": "7.00",
            "stato_sensore": "ATTIVO",
            "stato_funzionamento_sensore": "OPERATIVO",
            "finanziato_mase": "NO",
            "data_attivazione_sensore": null,
            "data_dismissione_sensore": null,
            "ultima_lettura_sensore": null
          },
          {
            "id_sensore": 693,
            "nome_sensore": "81PVA_AC02",
            "canali_sensore": "6, 7",
            "tipo_sensore": "Accelerometro biassiale",
            "parametro_misurato_sensore": "Accelerazione",
            "unita_misura_sensore": "g",
            "quota_sensore": "7.00",
            "stato_sensore": "ATTIVO",
            "stato_funzionamento_sensore": "OPERATIVO",
            "finanziato_mase": "NO",
            "data_attivazione_sensore": null,
            "data_dismissione_sensore": null,
            "ultima_lettura_sensore": null
          },
          {
            "id_sensore": 694,
            "nome_sensore": "81PVA_AC03",
            "canali_sensore": "8, 9",
            "tipo_sensore": "Accelerometro biassiale",
            "parametro_misurato_sensore": "Accelerazione",
            "unita_misura_sensore": "g",
            "quota_sensore": "7.00",
            "stato_sensore": "ATTIVO",
            "stato_funzionamento_sensore": "OPERATIVO",
            "finanziato_mase": "NO",
            "data_attivazione_sensore": null,
            "data_dismissione_sensore": null,
            "ultima_lettura_sensore": null
          },
          {
            "id_sensore": 695,
            "nome_sensore": "81PVA_AC04",
            "canali_sensore": "10, 11",
            "tipo_sensore": "Accelerometro biassiale",
            "parametro_misurato_sensore": "Accelerazione",
            "unita_misura_sensore": "g",
            "quota_sensore": "7.00",
            "stato_sensore": "ATTIVO",
            "stato_funzionamento_sensore": "OPERATIVO",
            "finanziato_mase": "NO",
            "data_attivazione_sensore": null,
            "data_dismissione_sensore": null,
            "ultima_lettura_sensore": null
          }
        ],
        "sensors_count": 5
      }
    },
    {
      "type": "Feature",
      "geometry": {
        "type": "Point",
        "coordinates": [
          13.46686,
          43.47249
        ]
      },
      "properties": {
        "id": 181,
        "net_staz_name": "82LOS_82LO1",
        "nome": "Lega del Filo d'Oro (Edificio E6)",
        "network": "GeoSIG",
        "regione": "MARCHE",
        "provincia": "ANCONA",
        "comune": "OSIMO",
        "indirizzo": "Via Linguetta, 3",
        "tipologia": "Edificio in cemento armato con isolamento sismico",
        "id_tipologia": 99,
        "classificazione": "ALTRO EDIFICIO",
        "sistema": "DETTAGLIATO",
        "connessione": "Rete Dati",
        "ip": "192.168.26.2",
        "zona_sismica": 2,
        "stato": "A",
        "nome_checkmk": null,
        "fem": null,
        "f1": 2,
        "f2": 2,
        "f3": "3.375",
        "acquisitore_serial_number": null,
        "acquisitore_centralina": null,
        "acquisitore_soglia_trigger_g": null,
        "sensors": [
          {
            "id_sensore": 716,
            "nome_sensore": "82LOS_82LO1_AC01",
            "canali_sensore": "1, 2, 3",
            "tipo_sensore": "Accelerometro triassiale",
            "parametro_misurato_sensore": "Accelerazione",
            "unita_misura_sensore": "g",
            "quota_sensore": "-4.00",
            "stato_sensore": "ATTIVO",
            "stato_funzionamento_sensore": "OPERATIVO",
            "finanziato_mase": "NO",
            "data_attivazione_sensore": null,
            "data_dismissione_sensore": null,
            "ultima_lettura_sensore": null
          },
          {
            "id_sensore": 717,
            "nome_sensore": "82LOS_82LO1_AC02",
            "canali_sensore": "4, 5",
            "tipo_sensore": "Accelerometro biassiale",
            "parametro_misurato_sensore": "Accelerazione",
            "unita_misura_sensore": "g",
            "quota_sensore": "0.00",
            "stato_sensore": "ATTIVO",
            "stato_funzionamento_sensore": "OPERATIVO",
            "finanziato_mase": "NO",
            "data_attivazione_sensore": null,
            "data_dismissione_sensore": null,
            "ultima_lettura_sensore": null
          },
          {
            "id_sensore": 718,
            "nome_sensore": "82LOS_82LO1_AC03",
            "canali_sensore": "12, 13, 14",
            "tipo_sensore": "Accelerometro triassiale",
            "parametro_misurato_sensore": "Accelerazione",
            "unita_misura_sensore": "g",
            "quota_sensore": "0.00",
            "stato_sensore": "ATTIVO",
            "stato_funzionamento_sensore": "OPERATIVO",
            "finanziato_mase": "NO",
            "data_attivazione_sensore": null,
            "data_dismissione_sensore": null,
            "ultima_lettura_sensore": null
          },
          {
            "id_sensore": 719,
            "nome_sensore": "82LOS_82LO1_AC04",
            "canali_sensore": "6, 7",
            "tipo_sensore": "Accelerometro biassiale",
            "parametro_misurato_sensore": "Accelerazione",
            "unita_misura_sensore": "g",
            "quota_sensore": "0.00",
            "stato_sensore": "ATTIVO",
            "stato_funzionamento_sensore": "OPERATIVO",
            "finanziato_mase": "NO",
            "data_attivazione_sensore": null,
            "data_dismissione_sensore": null,
            "ultima_lettura_sensore": null
          },
          {
            "id_sensore": 720,
            "nome_sensore": "82LOS_82LO1_AC05",
            "canali_sensore": "10, 11",
            "tipo_sensore": "Accelerometro biassiale",
            "parametro_misurato_sensore": "Accelerazione",
            "unita_misura_sensore": "g",
            "quota_sensore": "4.00",
            "stato_sensore": "ATTIVO",
            "stato_funzionamento_sensore": "OPERATIVO",
            "finanziato_mase": "NO",
            "data_attivazione_sensore": null,
            "data_dismissione_sensore": null,
            "ultima_lettura_sensore": null
          },
          {
            "id_sensore": 721,
            "nome_sensore": "82LOS_82LO1_AC06",
            "canali_sensore": "8, 9",
            "tipo_sensore": "Accelerometro biassiale",
            "parametro_misurato_sensore": "Accelerazione",
            "unita_misura_sensore": "g",
            "quota_sensore": "4.00",
            "stato_sensore": "ATTIVO",
            "stato_funzionamento_sensore": "OPERATIVO",
            "finanziato_mase": "NO",
            "data_attivazione_sensore": null,
            "data_dismissione_sensore": null,
            "ultima_lettura_sensore": null
          },
          {
            "id_sensore": 722,
            "nome_sensore": "82LOS_82LO1_AC07",
            "canali_sensore": "15, 16",
            "tipo_sensore": "Accelerometro biassiale",
            "parametro_misurato_sensore": "Accelerazione",
            "unita_misura_sensore": "g",
            "quota_sensore": "4.00",
            "stato_sensore": "ATTIVO",
            "stato_funzionamento_sensore": "OPERATIVO",
            "finanziato_mase": "NO",
            "data_attivazione_sensore": null,
            "data_dismissione_sensore": null,
            "ultima_lettura_sensore": null
          },
          {
            "id_sensore": 723,
            "nome_sensore": "82LOS_82LO1_AC08",
            "canali_sensore": "21, 22",
            "tipo_sensore": "Accelerometro biassiale",
            "parametro_misurato_sensore": "Accelerazione",
            "unita_misura_sensore": "g",
            "quota_sensore": "16.00",
            "stato_sensore": "ATTIVO",
            "stato_funzionamento_sensore": "OPERATIVO",
            "finanziato_mase": "NO",
            "data_attivazione_sensore": null,
            "data_dismissione_sensore": null,
            "ultima_lettura_sensore": null
          },
          {
            "id_sensore": 724,
            "nome_sensore": "82LOS_82LO1_AC09",
            "canali_sensore": "19, 20",
            "tipo_sensore": "Accelerometro biassiale",
            "parametro_misurato_sensore": "Accelerazione",
            "unita_misura_sensore": "g",
            "quota_sensore": "16.00",
            "stato_sensore": "ATTIVO",
            "stato_funzionamento_sensore": "OPERATIVO",
            "finanziato_mase": "NO",
            "data_attivazione_sensore": null,
            "data_dismissione_sensore": null,
            "ultima_lettura_sensore": null
          },
          {
            "id_sensore": 725,
            "nome_sensore": "82LOS_82LO1_AC10",
            "canali_sensore": "17, 18",
            "tipo_sensore": "Accelerometro biassiale",
            "parametro_misurato_sensore": "Accelerazione",
            "unita_misura_sensore": "g",
            "quota_sensore": "16.00",
            "stato_sensore": "ATTIVO",
            "stato_funzionamento_sensore": "OPERATIVO",
            "finanziato_mase": "NO",
            "data_attivazione_sensore": null,
            "data_dismissione_sensore": null,
            "ultima_lettura_sensore": null
          }
        ],
        "sensors_count": 10
      }
    },
    {
      "type": "Feature",
      "geometry": {
        "type": "Point",
        "coordinates": [
          13.46686,
          43.47249
        ]
      },
      "properties": {
        "id": 182,
        "net_staz_name": "82LOS_82LO2",
        "nome": "Lega del Filo d'Oro (Edificio E6)",
        "network": "GeoSIG",
        "regione": "MARCHE",
        "provincia": "ANCONA",
        "comune": "OSIMO",
        "indirizzo": "Via Linguetta, 3",
        "tipologia": "Edificio in cemento armato con isolamento sismico",
        "id_tipologia": 99,
        "classificazione": "ALTRO EDIFICIO",
        "sistema": "DETTAGLIATO",
        "connessione": "Rete Dati",
        "ip": "192.168.26.3",
        "zona_sismica": 1,
        "stato": "A",
        "nome_checkmk": null,
        "fem": null,
        "f1": null,
        "f2": null,
        "f3": null,
        "acquisitore_serial_number": null,
        "acquisitore_centralina": null,
        "acquisitore_soglia_trigger_g": null,
        "sensors": [
          {
            "id_sensore": 736,
            "nome_sensore": "82LOS_82LO2_AC01",
            "canali_sensore": "1, 2, 3",
            "tipo_sensore": "Accelerometro triassiale",
            "parametro_misurato_sensore": "Accelerazione",
            "unita_misura_sensore": "g",
            "quota_sensore": "-4.00",
            "stato_sensore": "ATTIVO",
            "stato_funzionamento_sensore": "OPERATIVO",
            "finanziato_mase": "NO",
            "data_attivazione_sensore": null,
            "data_dismissione_sensore": null,
            "ultima_lettura_sensore": null
          },
          {
            "id_sensore": 737,
            "nome_sensore": "82LOS_82LO2_AC02",
            "canali_sensore": "4, 5",
            "tipo_sensore": "Accelerometro biassiale",
            "parametro_misurato_sensore": "Accelerazione",
            "unita_misura_sensore": "g",
            "quota_sensore": "0.00",
            "stato_sensore": "ATTIVO",
            "stato_funzionamento_sensore": "OPERATIVO",
            "finanziato_mase": "NO",
            "data_attivazione_sensore": null,
            "data_dismissione_sensore": null,
            "ultima_lettura_sensore": null
          },
          {
            "id_sensore": 738,
            "nome_sensore": "82LOS_82LO2_AC03",
            "canali_sensore": "12, 13, 14",
            "tipo_sensore": "Accelerometro triassiale",
            "parametro_misurato_sensore": "Accelerazione",
            "unita_misura_sensore": "g",
            "quota_sensore": "0.00",
            "stato_sensore": "ATTIVO",
            "stato_funzionamento_sensore": "OPERATIVO",
            "finanziato_mase": "NO",
            "data_attivazione_sensore": null,
            "data_dismissione_sensore": null,
            "ultima_lettura_sensore": null
          },
          {
            "id_sensore": 739,
            "nome_sensore": "82LOS_82LO2_AC04",
            "canali_sensore": "6, 7",
            "tipo_sensore": "Accelerometro biassiale",
            "parametro_misurato_sensore": "Accelerazione",
            "unita_misura_sensore": "g",
            "quota_sensore": "0.00",
            "stato_sensore": "ATTIVO",
            "stato_funzionamento_sensore": "OPERATIVO",
            "finanziato_mase": "NO",
            "data_attivazione_sensore": null,
            "data_dismissione_sensore": null,
            "ultima_lettura_sensore": null
          },
          {
            "id_sensore": 740,
            "nome_sensore": "82LOS_82LO2_AC05",
            "canali_sensore": "10, 11",
            "tipo_sensore": "Accelerometro biassiale",
            "parametro_misurato_sensore": "Accelerazione",
            "unita_misura_sensore": "g",
            "quota_sensore": "4.00",
            "stato_sensore": "ATTIVO",
            "stato_funzionamento_sensore": "OPERATIVO",
            "finanziato_mase": "NO",
            "data_attivazione_sensore": null,
            "data_dismissione_sensore": null,
            "ultima_lettura_sensore": null
          },
          {
            "id_sensore": 741,
            "nome_sensore": "82LOS_82LO2_AC06",
            "canali_sensore": "8, 9",
            "tipo_sensore": "Accelerometro biassiale",
            "parametro_misurato_sensore": "Accelerazione",
            "unita_misura_sensore": "g",
            "quota_sensore": "4.00",
            "stato_sensore": "ATTIVO",
            "stato_funzionamento_sensore": "OPERATIVO",
            "finanziato_mase": "NO",
            "data_attivazione_sensore": null,
            "data_dismissione_sensore": null,
            "ultima_lettura_sensore": null
          },
          {
            "id_sensore": 742,
            "nome_sensore": "82LOS_82LO2_AC07",
            "canali_sensore": "15, 16",
            "tipo_sensore": "Accelerometro biassiale",
            "parametro_misurato_sensore": "Accelerazione",
            "unita_misura_sensore": "g",
            "quota_sensore": "4.00",
            "stato_sensore": "ATTIVO",
            "stato_funzionamento_sensore": "OPERATIVO",
            "finanziato_mase": "NO",
            "data_attivazione_sensore": null,
            "data_dismissione_sensore": null,
            "ultima_lettura_sensore": null
          },
          {
            "id_sensore": 743,
            "nome_sensore": "82LOS_82LO2_AC08",
            "canali_sensore": "21, 22",
            "tipo_sensore": "Accelerometro biassiale",
            "parametro_misurato_sensore": "Accelerazione",
            "unita_misura_sensore": "g",
            "quota_sensore": "16.00",
            "stato_sensore": "ATTIVO",
            "stato_funzionamento_sensore": "OPERATIVO",
            "finanziato_mase": "NO",
            "data_attivazione_sensore": null,
            "data_dismissione_sensore": null,
            "ultima_lettura_sensore": null
          },
          {
            "id_sensore": 744,
            "nome_sensore": "82LOS_82LO2_AC09",
            "canali_sensore": "19, 20",
            "tipo_sensore": "Accelerometro biassiale",
            "parametro_misurato_sensore": "Accelerazione",
            "unita_misura_sensore": "g",
            "quota_sensore": "16.00",
            "stato_sensore": "ATTIVO",
            "stato_funzionamento_sensore": "OPERATIVO",
            "finanziato_mase": "NO",
            "data_attivazione_sensore": null,
            "data_dismissione_sensore": null,
            "ultima_lettura_sensore": null
          },
          {
            "id_sensore": 745,
            "nome_sensore": "82LOS_82LO2_AC10",
            "canali_sensore": "17, 18",
            "tipo_sensore": "Accelerometro biassiale",
            "parametro_misurato_sensore": "Accelerazione",
            "unita_misura_sensore": "g",
            "quota_sensore": "16.00",
            "stato_sensore": "ATTIVO",
            "stato_funzionamento_sensore": "OPERATIVO",
            "finanziato_mase": "NO",
            "data_attivazione_sensore": null,
            "data_dismissione_sensore": null,
            "ultima_lettura_sensore": null
          }
        ],
        "sensors_count": 10
      }
    },
    {
      "type": "Feature",
      "geometry": {
        "type": "Point",
        "coordinates": [
          14.74261,
          36.92665
        ]
      },
      "properties": {
        "id": 183,
        "net_staz_name": "84FRG",
        "nome": "84FRG",
        "network": "GeoSIG",
        "regione": "SICILIA",
        "provincia": "RAGUSA",
        "comune": "Ragusa",
        "indirizzo": "Facciata del Duomo di S.Giorgio",
        "tipologia": null,
        "id_tipologia": null,
        "classificazione": null,
        "sistema": null,
        "connessione": "Rete Dati",
        "ip": "192.168.165.2",
        "zona_sismica": 1,
        "stato": "A",
        "nome_checkmk": null,
        "fem": null,
        "f1": null,
        "f2": null,
        "f3": null,
        "acquisitore_serial_number": null,
        "acquisitore_centralina": null,
        "acquisitore_soglia_trigger_g": null,
        "sensors": [
          {
            "id_sensore": 726,
            "nome_sensore": "84FRG_AC01",
            "canali_sensore": "1, 2, 3",
            "tipo_sensore": "Accelerometro triassiale",
            "parametro_misurato_sensore": "Accelerazione",
            "unita_misura_sensore": "g",
            "quota_sensore": "0.00",
            "stato_sensore": "ATTIVO",
            "stato_funzionamento_sensore": "OPERATIVO",
            "finanziato_mase": "NO",
            "data_attivazione_sensore": null,
            "data_dismissione_sensore": null,
            "ultima_lettura_sensore": null
          },
          {
            "id_sensore": 727,
            "nome_sensore": "84FRG_AC02",
            "canali_sensore": "4, 5",
            "tipo_sensore": "Accelerometro biassiale",
            "parametro_misurato_sensore": "Accelerazione",
            "unita_misura_sensore": "g",
            "quota_sensore": "14.00",
            "stato_sensore": "ATTIVO",
            "stato_funzionamento_sensore": "OPERATIVO",
            "finanziato_mase": "NO",
            "data_attivazione_sensore": null,
            "data_dismissione_sensore": null,
            "ultima_lettura_sensore": null
          },
          {
            "id_sensore": 728,
            "nome_sensore": "84FRG_AC03",
            "canali_sensore": "6, 7",
            "tipo_sensore": "Accelerometro biassiale",
            "parametro_misurato_sensore": "Accelerazione",
            "unita_misura_sensore": "g",
            "quota_sensore": "14.00",
            "stato_sensore": "ATTIVO",
            "stato_funzionamento_sensore": "OPERATIVO",
            "finanziato_mase": "NO",
            "data_attivazione_sensore": null,
            "data_dismissione_sensore": null,
            "ultima_lettura_sensore": null
          },
          {
            "id_sensore": 729,
            "nome_sensore": "84FRG_AC04",
            "canali_sensore": "8, 9",
            "tipo_sensore": "Accelerometro biassiale",
            "parametro_misurato_sensore": "Accelerazione",
            "unita_misura_sensore": "g",
            "quota_sensore": "27.00",
            "stato_sensore": "ATTIVO",
            "stato_funzionamento_sensore": "OPERATIVO",
            "finanziato_mase": "NO",
            "data_attivazione_sensore": null,
            "data_dismissione_sensore": null,
            "ultima_lettura_sensore": null
          },
          {
            "id_sensore": 730,
            "nome_sensore": "84FRG_AC05",
            "canali_sensore": "10, 11",
            "tipo_sensore": "Accelerometro biassiale",
            "parametro_misurato_sensore": "Accelerazione",
            "unita_misura_sensore": "g",
            "quota_sensore": "35.00",
            "stato_sensore": "ATTIVO",
            "stato_funzionamento_sensore": "OPERATIVO",
            "finanziato_mase": "NO",
            "data_attivazione_sensore": null,
            "data_dismissione_sensore": null,
            "ultima_lettura_sensore": null
          }
        ],
        "sensors_count": 5
      }
    }
  ]
}